Source_Dataset,Dataset,Text,Annotated Value,base_adamsmith__threshold,base_adamsmith__top_k,base_adamsmith__annotated_coarse,base_adamsmith__predicted_top1_coarse,base_adamsmith__predicted_topk_coarse_ranked,base_adamsmith__predicted_coarse_set_thresholded,base_adamsmith__predicted_labels20_thresholded
Indian,Indian,Taking care of the data center.,AC,0.25,3,AC,AC,AC; BE; SE,AC; BE,"Achievement, Benevolence: caring, Benevolence: dependability"
Indian,Indian,Sincerity,BE ,0.25,3,BE,BE,BE; SE; UN,BE; SE,"Security: personal, Benevolence: caring"
Indian,Indian,Career stability,SE ,0.25,3,SE,AC,AC; SE; BE,AC; SE,"Achievement, Security: personal"
Indian,Indian,To be professional,AC,0.25,3,AC,AC,AC; CO; FA,AC; BE; CO; FA,"Achievement, Face, Conformity: rules, Conformity: interpersonal, Benevolence: dependability"
Indian,Indian,Dedication,BE ,0.25,3,BE,BE,BE; AC; CO,BE,Benevolence: caring
Indian,Indian,Respect and confidence,CO ,0.25,3,CO,FA,FA; AC; SE,AC; FA,"Achievement, Face"
Indian,Indian,Credibility and Reliability,BE ,0.25,3,BE,BE,BE; AC; UN,AC; BE; UN,"Achievement, Benevolence: caring, Benevolence: dependability, Universalism: objectivity"
Indian,Indian,Challenges,ST ,0.25,3,ST,AC,AC; SD; CO,AC,Achievement
Indian,Indian,Work delight,HE ,0.25,3,HE,AC,AC; BE; SD,AC,Achievement
Indian,Indian,Chance to Improve continuously,AC,0.25,3,AC,AC,AC; SD; ST,AC; SD,"Self-direction: thought, Achievement"
Indian,Indian,Highest production at most economic cost,AC,0.25,3,AC,PO,PO; AC; UN,AC; PO; SE; UN,"Achievement, Power: resources, Security: personal, Universalism: objectivity"
Indian,Indian,Stock management,AC,0.25,3,AC,PO,PO; AC; BE,AC; PO,"Achievement, Power: resources"
Indian,Indian,Improving my skill sets,AC,0.25,3,AC,AC,AC; SD; ST,AC; SD; ST,"Self-direction: thought, Stimulation, Achievement"
Indian,Indian,Justify the work entrusted by simplifying the methodology,BE ,0.25,3,BE,AC,AC; UN; BE,AC; BE; UN,"Achievement, Benevolence: caring, Universalism: objectivity"
Indian,Indian,Honesty,BE ,0.25,3,BE,BE,BE; CO; UN,BE; CO; UN,"Conformity: rules, Benevolence: caring, Benevolence: dependability, Universalism: objectivity"
Indian,Indian,Challenges,ST ,0.25,3,ST,AC,AC; SD; CO,AC,Achievement
Indian,Indian,Financial benefits,PO ,0.25,3,PO,PO,PO; SE; AC,AC; PO; SE,"Achievement, Power: resources, Security: personal"
Indian,Indian,Achieve target,AC,0.25,3,AC,AC,AC; CO; UN,AC,Achievement
Indian,Indian,For money in manufacturing,AC,0.25,3,AC,PO,PO; SE; AC,AC; PO; SE,"Achievement, Power: resources, Security: personal"
Indian,Indian,honesty,BE ,0.25,3,BE,BE,BE; CO; HU,BE; CO,"Conformity: rules, Benevolence: caring, Benevolence: dependability"
Indian,Indian,Working gives me success,AC,0.25,3,AC,AC,AC; FA; SD,AC,Achievement
Indian,Indian,Employment,SE ,0.25,3,SE,AC,AC; SE; PO,AC; PO; SE,"Achievement, Power: resources, Security: personal"
Indian,Indian,COMPUTER OPPERRETER,AC,0.25,3,AC,AC,AC; UN; BE,AC; UN,"Achievement, Universalism: objectivity"
Indian,Indian,Achieve target,AC,0.25,3,AC,AC,AC; CO; UN,AC,Achievement
Indian,Indian,Job quality,AC,0.25,3,AC,AC,AC; BE; FA,AC,Achievement
Indian,Indian,profit,PO ,0.25,3,PO,AC,AC; BE; SE,,
Indian,Indian,I want to be successful,AC,0.25,3,AC,AC,AC; ST; SD,AC; SD; ST,"Self-direction: action, Stimulation, Achievement"
Indian,Indian,Remove Poverty,UN ,0.25,3,UN,BE,BE; SE; CO,AC; BE; CO; SE,"Achievement, Security: personal, Conformity: rules, Benevolence: caring"
Indian,Indian,processing purchase order,AC,0.25,3,AC,AC,AC; PO; UN,AC; PO,"Achievement, Power: resources"
Indian,Indian,Doing work properly,AC,0.25,3,AC,AC,AC; BE; PO,AC; BE,"Achievement, Benevolence: dependability"
Indian,Indian,growing consistently,AC,0.25,3,AC,AC,AC; UN; CO,AC; UN,"Achievement, Universalism: objectivity"
Indian,Indian,Ambition,AC,0.25,3,AC,AC,AC; SD; ST,AC; SD,"Self-direction: thought, Achievement"
Indian,Indian,Progress,AC,0.25,3,AC,AC,AC; SE; BE,,
Indian,Indian,Promotion,AC,0.25,3,AC,SE,SE; UN; AC,,
Indian,Indian,To experience the work,ST ,0.25,3,ST,AC,AC; SD; ST,AC; SD; ST,"Self-direction: thought, Stimulation, Achievement"
Indian,Indian,Yes my first goal is to concentrate on my work,AC,0.25,3,AC,AC,AC; CO; BE,AC; BE; CO; SD,"Self-direction: thought, Achievement, Conformity: rules, Benevolence: dependability"
Indian,Indian,Being a good employee,AC,0.25,3,AC,AC,AC; FA; BE,AC; BE; FA,"Achievement, Face, Benevolence: caring"
Indian,Indian,Freedom,SD ,0.25,3,SD,SD,SD; UN; AC,,
Indian,Indian,travelling world,HE ,0.25,3,HE,ST,ST; SD; AC,AC; SD; ST,"Self-direction: thought, Stimulation, Achievement"
Indian,Indian,Loyalty,BE ,0.25,3,BE,BE,BE; CO; FA,BE; CO; FA,"Face, Conformity: rules, Benevolence: caring, Benevolence: dependability"
Indian,Indian,Success,AC,0.25,3,AC,AC,AC; BE; CO,,
Indian,Indian,Be respected at my workplace,CO ,0.25,3,CO,FA,FA; CO; AC,AC; CO; FA,"Achievement, Face, Conformity: rules, Conformity: interpersonal"
Indian,Indian,Become best employee,AC,0.25,3,AC,AC,AC; FA; UN,AC; FA,"Achievement, Face"
Indian,Indian,getting higher position.,AC,0.25,3,AC,AC,AC; UN; PO,AC; UN,"Achievement, Universalism: concern"
Indian,Indian,I like my job very much,HE ,0.25,3,HE,AC,AC; SE; PO,AC; SE,"Achievement, Security: personal"
Indian,Indian,Achievement,AC,0.25,3,AC,AC,AC; FA; ST,AC,Achievement
Indian,Indian,Achieve target,AC,0.25,3,AC,AC,AC; CO; UN,AC,Achievement
Indian,Indian,I want to learn and earn big,PO ,0.25,3,PO,AC,AC; SD; ST,AC; PO; SD; ST,"Self-direction: thought, Stimulation, Achievement, Power: resources"
Indian,Indian,Self-care and indulgence,HE ,0.25,3,HE,SE,SE; SD; HE,HE; SD; SE,"Self-direction: action, Hedonism, Security: personal"
Indian,Indian,rich,PO ,0.25,3,PO,BE,BE; AC; CO,,
Indian,Indian,To be the best,AC,0.25,3,AC,AC,AC; FA; ST,AC; FA; ST,"Stimulation, Achievement, Face"
Indian,Indian,Achieve success,AC,0.25,3,AC,AC,AC; CO; FA,AC,Achievement
Indian,Indian,To be flexible,ST ,0.25,3,ST,BE,BE; AC; UN,AC; BE; UN,"Achievement, Benevolence: caring, Universalism: tolerance"
Indian,Indian,Dedication,BE ,0.25,3,BE,BE,BE; AC; CO,BE,Benevolence: caring
Indian,Indian,I try to give my best at any work,AC,0.25,3,AC,AC,AC; FA; SD,AC; FA; SD,"Self-direction: thought, Achievement, Face"
Indian,Indian,Complete the deliverables on time,AC,0.25,3,AC,AC,AC; BE; CO,AC; BE,"Achievement, Benevolence: dependability"
Indian,Indian,Obedient,CO ,0.25,3,CO,CO,CO; BE; SD,BE; CO,"Conformity: rules, Benevolence: dependability"
Indian,Indian,Safe family,SE ,0.25,3,SE,BE,BE; SE; TR,BE; SE,"Security: personal, Security: societal, Benevolence: caring"
Indian,Indian,Concentration,AC,0.25,3,AC,AC,AC; SE; UN,AC,Achievement
Indian,Indian,new product launching successfully,AC,0.25,3,AC,AC,AC; UN; SD,AC,Achievement
Indian,Indian,Adhere to senior,CO ,0.25,3,CO,CO,CO; AC; BE,AC; BE; CO,"Achievement, Conformity: rules, Benevolence: dependability"
Indian,Indian,Deploying the code,AC,0.25,3,AC,AC,AC; UN; SD,AC; UN,"Achievement, Universalism: objectivity"
Indian,Indian,performance,AC,0.25,3,AC,AC,AC; BE; SE,,
Indian,Indian,attaining the goals of my organization,AC,0.25,3,AC,AC,AC; PO; BE,AC; BE; PO,"Achievement, Power: dominance, Benevolence: dependability"
Indian,Indian,The main goal is to improve my knowledge,AC,0.25,3,AC,AC,AC; SD; UN,AC; SD; UN,"Self-direction: thought, Achievement, Universalism: objectivity"
Indian,Indian,Challenges,ST ,0.25,3,ST,AC,AC; SD; CO,AC,Achievement
Indian,Indian,TO BE SUCCESFULL,AC,0.25,3,AC,AC,AC; BE; CO,AC; BE,"Achievement, Benevolence: caring"
Indian,Indian,Productivity,AC,0.25,3,AC,AC,AC; SD; BE,AC; SD,"Self-direction: thought, Achievement"
Indian,Indian,Dedication,BE ,0.25,3,BE,BE,BE; AC; CO,BE,Benevolence: caring
Indian,Indian,Commitment,BE ,0.25,3,BE,CO,CO; BE; AC,AC; BE; CO,"Achievement, Conformity: rules, Benevolence: dependability"
Indian,Indian,work sincerely,BE ,0.25,3,BE,AC,AC; BE; FA,AC; BE,"Achievement, Benevolence: caring"
Indian,Indian,TO ACHIEVE THE DIRECTOR SEAT AFTER PROMOTION,AC,0.25,3,AC,AC,AC; SD; FA,AC; SD,"Self-direction: action, Achievement"
Indian,Indian,consistency in work,AC,0.25,3,AC,AC,AC; CO; BE,AC; CO,"Achievement, Conformity: rules"
Indian,Indian,increment,PO ,0.25,3,PO,AC,AC; UN; CO,AC,Achievement
Indian,Indian,Achieving goals,AC,0.25,3,AC,AC,AC; ST; FA,AC,Achievement
Indian,Indian,Honest,BE ,0.25,3,BE,AC,AC; SE; BE,,
Indian,Indian,Achieve target,AC,0.25,3,AC,AC,AC; CO; UN,AC,Achievement
Indian,Indian,Hardworking,AC,0.25,3,AC,AC,AC; PO; BE,AC; PO,"Achievement, Power: resources"
Indian,Indian,Freedom,SD ,0.25,3,SD,SD,SD; UN; AC,,
Indian,Indian,Good salary,PO ,0.25,3,PO,PO,PO; AC; SE,AC; PO; SE,"Achievement, Power: resources, Security: personal"
Indian,Indian,My goal is to work harder,AC,0.25,3,AC,AC,AC; ST; CO,AC; CO; ST,"Stimulation, Achievement, Conformity: rules"
Indian,Indian,honesty,BE ,0.25,3,BE,BE,BE; CO; HU,BE; CO,"Conformity: rules, Benevolence: caring, Benevolence: dependability"
Indian,Indian,"To fulfil my and family needs,",SE ,0.25,3,SE,BE,BE; SE; SD,BE; SE,"Security: personal, Benevolence: caring"
Indian,Indian,Punctuality,AC,0.25,3,AC,AC,AC; CO; UN,AC; CO,"Achievement, Conformity: rules"
Indian,Indian,Full time job,SE ,0.25,3,SE,AC,AC; SE; PO,AC; SE,"Achievement, Security: personal"
Indian,Indian,Software development,AC,0.25,3,AC,AC,AC; SD; BE,AC; SD,"Self-direction: thought, Achievement"
Indian,Indian,Looking after the employees,BE ,0.25,3,BE,BE,BE; AC; SE,AC; BE; SE,"Achievement, Security: personal, Benevolence: caring, Benevolence: dependability"
Indian,Indian,higher pay,PO ,0.25,3,PO,PO,PO; AC; SE,AC; PO,"Achievement, Power: resources"
Indian,Indian,Supervisory role,PO ,0.25,3,PO,AC,AC; BE; PO,AC; BE; CO; PO,"Achievement, Power: dominance, Conformity: rules, Benevolence: caring, Benevolence: dependability"
Indian,Indian,Success,AC,0.25,3,AC,AC,AC; BE; CO,,
Indian,Indian,improving my skills,AC,0.25,3,AC,AC,AC; ST; SD,AC; SD; ST,"Self-direction: thought, Stimulation, Achievement"
Indian,Indian,My goal is to be a good employee,AC,0.25,3,AC,AC,AC; FA; BE,AC; BE; FA,"Achievement, Face, Benevolence: dependability"
Indian,Indian,Gain a New Skill. ... Boost Your Networking Abilities. ... Intern with a Large C,AC,0.25,3,AC,AC,AC; SD; ST,AC; SD; ST,"Self-direction: thought, Stimulation, Achievement"
Indian,Indian,Money,PO ,0.25,3,PO,SE,SE; BE; PO,SE,Security: personal
Indian,Indian,Implementation productivity and profitability,AC,0.25,3,AC,AC,AC; PO; UN,AC; PO,"Achievement, Power: resources"
Indian,Indian,FOCUS,AC,0.25,3,AC,AC,AC; CO; SE,AC,Achievement
Indian,Indian,Peace,UN ,0.25,3,UN,SE,SE; BE; CO,BE; SE,"Security: personal, Benevolence: caring"
Indian,Indian,High income,PO ,0.25,3,PO,PO,PO; SE; AC,PO; SE,"Power: resources, Security: personal"
Indian,Indian,Ethical Hacking,UN ,0.25,3,UN,CO,CO; BE; UN,BE; CO; SD; UN,"Self-direction: action, Conformity: rules, Benevolence: caring, Benevolence: dependability, Universalism: objectivity"
Indian,Indian,Job security,SE ,0.25,3,SE,SE,SE; BE; PO,BE; PO; SE,"Power: resources, Security: personal, Security: societal, Benevolence: caring"
Indian,Indian,Hard work,AC,0.25,3,AC,AC,AC; SD; PO,AC,Achievement
Indian,Indian,I will achieve my certifications.,AC,0.25,3,AC,AC,AC; FA; BE,AC,Achievement
Indian,Indian,Independent,SD ,0.25,3,SD,AC,AC; SE; CO,,
Indian,Indian,Honesty,BE ,0.25,3,BE,BE,BE; CO; UN,BE; CO; UN,"Conformity: rules, Benevolence: caring, Benevolence: dependability, Universalism: objectivity"
Indian,Indian,Learning new skills every day,AC,0.25,3,AC,AC,AC; SD; ST,AC; SD; ST,"Self-direction: thought, Stimulation, Achievement"
Indian,Indian,C level management,PO ,0.25,3,PO,AC,AC; PO; BE,AC; PO,"Achievement, Power: resources"
Indian,Indian,employee safety,SE ,0.25,3,SE,SE,SE; UN; CO,CO; SE; UN,"Security: personal, Security: societal, Conformity: rules, Universalism: concern"
Indian,Indian,to be independent,SD ,0.25,3,SD,SD,SD; PO; AC,SD,"Self-direction: thought, Self-direction: action"
Indian,Indian,Finish task at time,AC,0.25,3,AC,AC,AC; BE; UN,AC,Achievement
Indian,Indian,House,SE ,0.25,3,SE,CO,CO; BE; SE,BE; CO,"Conformity: rules, Benevolence: caring"
Indian,Indian,Meeting the daily requirements,AC,0.25,3,AC,SE,SE; AC; BE,AC; SE,"Achievement, Security: personal"
Indian,Indian,Honest,BE ,0.25,3,BE,AC,AC; SE; BE,,
Indian,Indian,Achieve all goals,AC,0.25,3,AC,AC,AC; ST; CO,AC; ST,"Stimulation, Achievement"
Indian,Indian,Honesty,BE ,0.25,3,BE,BE,BE; CO; UN,BE; CO; UN,"Conformity: rules, Benevolence: caring, Benevolence: dependability, Universalism: objectivity"
Indian,Indian,TO complete my work within time .,AC,0.25,3,AC,AC,AC; SD; BE,AC,Achievement
Indian,Indian,Seniority,SE ,0.25,3,SE,UN,UN; AC; CO,AC; CO; UN,"Achievement, Conformity: rules, Universalism: concern"
Indian,Indian,I want to become more successful and I wish I am able to learn a lot from my work,AC,0.25,3,AC,AC,AC; SD; ST,AC; PO; SD; ST,"Self-direction: thought, Stimulation, Achievement, Power: resources"
Indian,Indian,to achieve company requirements,AC,0.25,3,AC,AC,AC; CO; BE,AC; BE; CO,"Achievement, Conformity: rules, Benevolence: dependability"
Indian,Indian,PRODUCTIVE,AC,0.25,3,AC,AC,AC; SE; BE,AC; SE,"Achievement, Security: personal"
Indian,Indian,to achieve anything,AC,0.25,3,AC,AC,AC; ST; SD,AC,Achievement
Indian,Indian,Providing the best for the stakeholders,AC,0.25,3,AC,BE,BE; AC; PO,AC; BE; PO,"Achievement, Power: dominance, Benevolence: caring"
Indian,Indian,Concentration,AC,0.25,3,AC,AC,AC; SE; UN,AC,Achievement
Indian,Indian,Achieve target,AC,0.25,3,AC,AC,AC; CO; UN,AC,Achievement
Indian,Indian,Achieve target,AC,0.25,3,AC,AC,AC; CO; UN,AC,Achievement
Indian,Indian,Good lifestyle,HE ,0.25,3,HE,SE,SE; ST; HE,HE; SE; ST,"Stimulation, Hedonism, Security: personal"
Indian,Indian,Honest,BE ,0.25,3,BE,AC,AC; SE; BE,,
Indian,Indian,Success,AC,0.25,3,AC,AC,AC; BE; CO,,
Indian,Indian,safety,SE ,0.25,3,SE,SE,SE; CO; BE,SE,"Security: personal, Security: societal"
Indian,Indian,Creative,SD ,0.25,3,SD,AC,AC; SD; UN,AC; SD,"Self-direction: thought, Achievement"
Indian,Indian,Hard work,AC,0.25,3,AC,AC,AC; SD; PO,AC,Achievement
Indian,Indian,Achieve target,AC,0.25,3,AC,AC,AC; CO; UN,AC,Achievement
Indian,Indian,Good salary,PO ,0.25,3,PO,PO,PO; AC; SE,AC; PO; SE,"Achievement, Power: resources, Security: personal"
Indian,Indian,increase professional knowledge and training,AC,0.25,3,AC,AC,AC; SD; UN,AC; SD,"Self-direction: thought, Achievement"
Indian,Indian,GIVE JUSTICE TO WORK,UN ,0.25,3,UN,UN,UN; BE; CO,BE; UN,"Benevolence: caring, Universalism: concern"
Indian,Indian,Target,AC,0.25,3,AC,BE,BE; UN; SE,,
Indian,Indian,creativity,SD ,0.25,3,SD,AC,AC; SD; BE,AC; SD,"Self-direction: thought, Achievement"
Indian,Indian,Career,AC,0.25,3,AC,AC,AC; BE; SD,AC,Achievement
Indian,Indian,Money security,SE ,0.25,3,SE,PO,PO; SE; BE,PO; SE,"Power: resources, Security: societal"
Indian,Indian,Honesty,BE ,0.25,3,BE,BE,BE; CO; UN,BE; CO; UN,"Conformity: rules, Benevolence: caring, Benevolence: dependability, Universalism: objectivity"
Indian,Indian,Growth,AC,0.25,3,AC,SE,SE; AC; UN,,
Indian,Indian,Achievements,AC,0.25,3,AC,AC,AC; FA; ST,AC,Achievement
Indian,Indian,Be more proactive,AC,0.25,3,AC,BE,BE; CO; AC,AC; BE; CO,"Achievement, Conformity: rules, Benevolence: caring, Benevolence: dependability"
Indian,Indian,I get Promotion,AC,0.25,3,AC,AC,AC; FA; SD,AC,Achievement
Indian,Indian,Proper management,SE ,0.25,3,SE,AC,AC; BE; PO,AC; BE; CO; PO,"Achievement, Power: dominance, Conformity: rules, Benevolence: caring, Benevolence: dependability"
Indian,Indian,Freedom,SD ,0.25,3,SD,SD,SD; UN; AC,,
Indian,Indian,Safety,SE ,0.25,3,SE,SE,SE; CO; AC,SE,"Security: personal, Security: societal"
Indian,Indian,Equality,UN ,0.25,3,UN,SE,SE; UN; TR,SE,Security: personal
Indian,Indian,concentration,AC,0.25,3,AC,UN,UN; SE; AC,AC; SE; UN,"Achievement, Security: personal, Universalism: objectivity"
Indian,Indian,Market Research,AC,0.25,3,AC,AC,AC; UN; SD,AC; UN,"Achievement, Universalism: objectivity"
Indian,Indian,Set a career path,AC,0.25,3,AC,AC,AC; SD; ST,AC; SD,"Self-direction: thought, Self-direction: action, Achievement"
Indian,Indian,Achieve financial independence,SE ,0.25,3,SE,SD,SD; SE; PO,PO; SD; SE,"Self-direction: action, Power: resources, Security: personal"
Indian,Indian,Earn money and happiness,PO ,0.25,3,PO,PO,PO; SE; HE,HE; PO; SD; SE,"Self-direction: action, Hedonism, Power: resources, Security: personal"
Indian,Indian,Weekly target,AC,0.25,3,AC,PO,PO; UN; AC,PO; UN,"Power: resources, Universalism: objectivity"
Indian,Indian,WEALTH,PO ,0.25,3,PO,SE,SE; UN; BE,SE,Security: personal
Indian,Indian,I would do my best in the job and I will reach my desires,HE ,0.25,3,HE,AC,AC; SD; FA,AC; FA; SD,"Self-direction: action, Achievement, Face"
Indian,Indian,Regularity,AC,0.25,3,AC,UN,UN; AC; FA,UN,Universalism: objectivity
Indian,Indian,Business,AC,0.25,3,AC,AC,AC; SE; CO,,
Indian,Indian,Meet customer expectations,AC,0.25,3,AC,AC,AC; FA; CO,AC; CO; FA,"Achievement, Face, Conformity: rules"
Indian,Indian,focus,AC,0.25,3,AC,SE,SE; BE; AC,,
Indian,Indian,Implementation productivity and profitability,AC,0.25,3,AC,AC,AC; PO; UN,AC; PO,"Achievement, Power: resources"
Indian,Indian,Well developed/ growth,AC,0.25,3,AC,HU,HU; SE; UN,HU; SE,"Security: personal, Humility"
Indian,Indian,Achieved my goal with my full effort and my time,AC,0.25,3,AC,AC,AC; FA; ST,AC; FA; SD; ST,"Self-direction: action, Stimulation, Achievement, Face"
Indian,Indian,To achieve success in my career.,AC,0.25,3,AC,AC,AC; FA; SD,AC; FA; SD; ST,"Self-direction: thought, Self-direction: action, Stimulation, Achievement, Face"
Indian,Indian,Successful,AC,0.25,3,AC,AC,AC; CO; BE,AC,Achievement
Indian,Indian,Time Management,AC,0.25,3,AC,AC,AC; CO; BE,AC; BE; CO,"Achievement, Conformity: rules, Benevolence: caring"
Indian,Indian,Freedom of opinion,SD ,0.25,3,SD,SD,SD; UN; AC,SD; UN,"Self-direction: thought, Self-direction: action, Universalism: tolerance"
Indian,Indian,Honest,BE ,0.25,3,BE,AC,AC; SE; BE,,
Indian,Indian,Achieve target,AC,0.25,3,AC,AC,AC; CO; UN,AC,Achievement
Indian,Indian,Become more successful,AC,0.25,3,AC,AC,AC; PO; ST,AC; FA; PO; ST,"Stimulation, Achievement, Power: resources, Face"
Indian,Indian,Achieve target,AC,0.25,3,AC,AC,AC; CO; UN,AC,Achievement
Indian,Indian,Achieve target,AC,0.25,3,AC,AC,AC; CO; UN,AC,Achievement
Indian,Indian,daily targets,AC,0.25,3,AC,CO,CO; SE; AC,CO; SE,"Security: societal, Conformity: rules"
Indian,Indian,Freedom,SD ,0.25,3,SD,SD,SD; UN; AC,,
Indian,Indian,Completing what work is given,AC,0.25,3,AC,AC,AC; BE; CO,AC; BE,"Achievement, Benevolence: dependability"
Indian,Indian,Successful,AC,0.25,3,AC,AC,AC; CO; BE,AC,Achievement
Indian,Indian,Success,AC,0.25,3,AC,AC,AC; BE; CO,,
Indian,Indian,Teaching something meaningful,BE ,0.25,3,BE,AC,AC; SD; BE,AC; BE; SD; ST,"Self-direction: thought, Stimulation, Achievement, Benevolence: caring"
Indian,Indian,Perform with maximum possible output,AC,0.25,3,AC,AC,AC; UN; PO,AC; UN,"Achievement, Universalism: objectivity"
Indian,Indian,creativity,SD ,0.25,3,SD,AC,AC; SD; BE,AC; SD,"Self-direction: thought, Achievement"
Indian,Indian,Successful,AC,0.25,3,AC,AC,AC; CO; BE,AC,Achievement
Indian,Indian,to be creative at work,SD ,0.25,3,SD,AC,AC; SD; ST,AC; SD,"Self-direction: thought, Achievement"
Indian,Indian,Dedication about work,BE ,0.25,3,BE,AC,AC; SD; FA,AC; SD,"Self-direction: thought, Achievement"
Indian,Indian,Achieve maximum potential utilization,AC,0.25,3,AC,AC,AC; PO; UN,AC; PO; UN,"Achievement, Power: resources, Universalism: nature, Universalism: objectivity"
Indian,Indian,I want to become software engineer,AC,0.25,3,AC,AC,AC; SD; ST,AC; SD,"Self-direction: thought, Achievement"
Indian,Indian,Lots of money,PO ,0.25,3,PO,PO,PO; SE; BE,PO; SE,"Power: resources, Security: personal"
Indian,Indian,Hard work,AC,0.25,3,AC,AC,AC; SD; PO,AC,Achievement
Indian,Indian,completing goals,AC,0.25,3,AC,AC,AC; CO; ST,AC,Achievement
Indian,Indian,To be independent,SD ,0.25,3,SD,SD,SD; AC; PO,SD,"Self-direction: thought, Self-direction: action"
Indian,Indian,Responsible,BE ,0.25,3,BE,BE,BE; CO; PO,BE; CO,"Conformity: rules, Benevolence: dependability"
Indian,Indian,I want to be productive to the company who is paying for me,BE ,0.25,3,BE,AC,AC; PO; SE,AC; BE; PO; SE,"Achievement, Power: resources, Security: personal, Benevolence: dependability"
Indian,Indian,innovative work,ST ,0.25,3,ST,SD,SD; AC; UN,AC; SD,"Self-direction: thought, Achievement"
Indian,Indian,Equality,UN ,0.25,3,UN,SE,SE; UN; TR,SE,Security: personal
Indian,Indian,Achieve target,AC,0.25,3,AC,AC,AC; CO; UN,AC,Achievement
Indian,Indian,"My goal is process all orders of flipkart , amazon",AC,0.25,3,AC,AC,AC; UN; BE,AC,Achievement
Indian,Indian,Ambitious,AC,0.25,3,AC,AC,AC; SD; ST,AC,Achievement
Indian,Indian,Hard work,AC,0.25,3,AC,AC,AC; SD; PO,AC,Achievement
Indian,Indian,WEALTH,PO ,0.25,3,PO,SE,SE; UN; BE,SE,Security: personal
Indian,Indian,Complete daily tasks on time,AC,0.25,3,AC,AC,AC; BE; CO,AC; BE; CO,"Achievement, Conformity: rules, Benevolence: dependability"
Indian,Indian,Task completion on time,AC,0.25,3,AC,AC,AC; BE; UN,AC,Achievement
Indian,Indian,Time management,AC,0.25,3,AC,AC,AC; CO; BE,AC; BE; CO,"Achievement, Conformity: rules, Benevolence: caring"
Indian,Indian,Dedication,BE ,0.25,3,BE,BE,BE; AC; CO,BE,Benevolence: caring
Indian,Indian,do works on time,AC,0.25,3,AC,AC,AC; BE; CO,AC; BE,"Achievement, Benevolence: caring, Benevolence: dependability"
Indian,Indian,Full accuracy,AC,0.25,3,AC,UN,UN; AC; BE,AC; BE; UN,"Achievement, Benevolence: caring, Universalism: objectivity"
Indian,Indian,Achieve target,AC,0.25,3,AC,AC,AC; CO; UN,AC,Achievement
Indian,Indian,getting the job done at time,AC,0.25,3,AC,AC,AC; BE; CO,AC; BE,"Achievement, Benevolence: dependability"
Indian,Indian,Should be loyal,BE ,0.25,3,BE,BE,BE; CO; TR,BE; CO,"Conformity: rules, Benevolence: caring"
Indian,Indian,Quality,AC,0.25,3,AC,AC,AC; SE; BE,AC,Achievement
Indian,Indian,Goals and objectives to obtain the information,AC,0.25,3,AC,AC,AC; UN; BE,AC; BE; UN,"Achievement, Benevolence: caring, Universalism: objectivity"
Indian,Indian,To get my promotion,AC,0.25,3,AC,AC,AC; PO; FA,AC; FA; PO,"Achievement, Power: resources, Face"
Indian,Indian,Completion of work in a stipulated time period,AC,0.25,3,AC,AC,AC; BE; CO,AC; BE,"Achievement, Benevolence: dependability"
Indian,Indian,increase growth,AC,0.25,3,AC,SE,SE; AC; BE,,
Indian,Indian,To have a pleasant day at work.,HE ,0.25,3,HE,SE,SE; AC; HE,AC; BE; HE; SE,"Hedonism, Achievement, Security: personal, Benevolence: caring"
Indian,Indian,Promotion,AC,0.25,3,AC,SE,SE; UN; AC,,
Indian,Indian,Achieve target,AC,0.25,3,AC,AC,AC; CO; UN,AC,Achievement
Indian,Indian,Money,PO ,0.25,3,PO,SE,SE; BE; PO,SE,Security: personal
Indian,Indian,My personal and as well as Organization's Growth,AC,0.25,3,AC,AC,AC; PO; SE,AC; PO,"Achievement, Power: resources"
Indian,Indian,Work life balance,HE ,0.25,3,HE,SE,SE; AC; BE,AC; SE,"Achievement, Security: personal"
Indian,Indian,independent and non influenced thinking,SD ,0.25,3,SD,SD,SD; UN; AC,AC; SD; UN,"Self-direction: thought, Self-direction: action, Achievement, Universalism: objectivity"
Indian,Indian,Get better time management,AC,0.25,3,AC,AC,AC; CO; BE,AC; BE; CO,"Achievement, Conformity: rules, Benevolence: caring, Benevolence: dependability"
Indian,Indian,Making my company no 1 in our field,AC,0.25,3,AC,AC,AC; FA; PO,AC; FA; PO,"Achievement, Power: resources, Face"
Indian,Indian,Accounting,BE ,0.25,3,BE,PO,PO; BE; AC,AC; BE; PO; SE; UN,"Achievement, Power: resources, Security: personal, Benevolence: caring, Benevolence: dependability, Universalism: objectivity"
Indian,Indian,l want to be helpful to my colleagues,BE ,0.25,3,BE,BE,BE; AC; SE,AC; BE; CO; SE,"Achievement, Security: personal, Conformity: interpersonal, Benevolence: caring, Benevolence: dependability"
Indian,Indian,Technical improvement as technology development,AC,0.25,3,AC,AC,AC; SD; UN,AC; SD; UN,"Self-direction: thought, Achievement, Universalism: objectivity"
Indian,Indian,Achievements,AC,0.25,3,AC,AC,AC; FA; ST,AC,Achievement
Indian,Indian,Success,AC,0.25,3,AC,AC,AC; BE; CO,,
Indian,Indian,honest and obedient,BE ,0.25,3,BE,BE,BE; CO; AC,AC; BE; CO; UN,"Achievement, Conformity: rules, Benevolence: caring, Benevolence: dependability, Universalism: objectivity"
Indian,Indian,Pleasure,HE ,0.25,3,HE,HE,HE; SD; SE,HE; SD,"Self-direction: action, Hedonism"
Indian,Indian,Order booking. We have our target for booking order to generate revenues from customers,AC,0.25,3,AC,PO,PO; AC; UN,AC; PO,"Achievement, Power: resources"
Indian,Indian,target of project,AC,0.25,3,AC,AC,AC; BE; UN,AC; BE; UN,"Achievement, Benevolence: caring, Universalism: objectivity"
Indian,Indian,Manufacturing,AC,0.25,3,AC,AC,AC; BE; PO,AC; BE,"Achievement, Benevolence: caring"
Indian,Indian,promotes new ideas,AC,0.25,3,AC,SD,SD; AC; UN,AC; SD; UN,"Self-direction: thought, Achievement, Universalism: tolerance, Universalism: objectivity"
Indian,Indian,Do better work,AC,0.25,3,AC,AC,AC; SD; BE,AC; SD,"Self-direction: thought, Achievement"
Indian,Indian,Sincerity at our work place,BE ,0.25,3,BE,CO,CO; BE; FA,AC; BE; CO; FA,"Achievement, Face, Conformity: rules, Conformity: interpersonal, Benevolence: caring, Benevolence: dependability"
Indian,Indian,loyalty,BE ,0.25,3,BE,BE,BE; CO; FA,BE,"Benevolence: caring, Benevolence: dependability"
Indian,Indian,Honest,BE ,0.25,3,BE,AC,AC; SE; BE,,
Indian,Indian,world's richest man,PO ,0.25,3,PO,PO,PO; AC; SE,AC; PO,"Achievement, Power: resources"
Indian,Indian,ACHIEVEMENT,AC,0.25,3,AC,AC,AC; FA; CO,AC; FA,"Achievement, Face"
Indian,Indian,Archiving goals,AC,0.25,3,AC,BE,BE; AC; UN,AC; BE; UN,"Achievement, Benevolence: caring, Universalism: objectivity"
Indian,Indian,Self dependence,SD ,0.25,3,SD,SE,SE; CO; BE,CO; SE,"Security: personal, Conformity: rules"
Indian,Indian,Good health,SE ,0.25,3,SE,SE,SE; UN; BE,SE,Security: personal
Indian,Indian,Success,AC,0.25,3,AC,AC,AC; BE; CO,,
Indian,Indian,EXCEL IN MY WORK,AC,0.25,3,AC,AC,AC; FA; SD,AC; FA; SD,"Self-direction: thought, Achievement, Face"
Indian,Indian,target achievement,AC,0.25,3,AC,AC,AC; FA; CO,AC; FA,"Achievement, Face"
Indian,Indian,Meeting my target.,AC,0.25,3,AC,AC,AC; UN; CO,AC; UN,"Achievement, Universalism: objectivity"
Indian,Indian,Achieve target,AC,0.25,3,AC,AC,AC; CO; UN,AC,Achievement
Indian,Indian,I want to run my own study center,SD ,0.25,3,SD,AC,AC; SD; BE,AC; SD,"Self-direction: thought, Self-direction: action, Achievement"
Indian,Indian,Work delivery,AC,0.25,3,AC,SE,SE; AC; BE,AC; BE; SE,"Achievement, Security: personal, Benevolence: caring"
Indian,Indian,Work hard,AC,0.25,3,AC,AC,AC; ST; FA,AC,Achievement
Indian,Indian,Promotion,AC,0.25,3,AC,SE,SE; UN; AC,,
Indian,Indian,Success,AC,0.25,3,AC,AC,AC; BE; CO,,
Indian,Indian,Asset to organization,BE ,0.25,3,BE,AC,AC; BE; UN,AC; BE,"Achievement, Benevolence: caring"
Indian,Indian,sincerity,BE ,0.25,3,BE,BE,BE; SE; AC,BE; SE,"Security: personal, Benevolence: caring"
Indian,Indian,independent,SD ,0.25,3,SD,AC,AC; SE; CO,,
Indian,Indian,Discipline,CO ,0.25,3,CO,CO,CO; BE; UN,BE; CO,"Conformity: rules, Benevolence: dependability"
Indian,Indian,Creativity,SD ,0.25,3,SD,AC,AC; SD; BE,AC; SD,"Self-direction: thought, Achievement"
Indian,Indian,Respect,UN ,0.25,3,UN,FA,FA; AC; UN,AC; CO; FA; UN,"Achievement, Face, Conformity: rules, Universalism: tolerance"
Indian,Indian,The successful and humble workplace,AC,0.25,3,AC,AC,AC; BE; FA,AC; BE; FA,"Achievement, Face, Benevolence: caring"
Indian,Indian,earn,PO ,0.25,3,PO,BE,BE; AC; CO,BE,Benevolence: caring
Indian,Indian,Project Implementation on time.,AC,0.25,3,AC,AC,AC; UN; BE,AC,Achievement
Indian,Indian,To be 1 st in the company,AC,0.25,3,AC,AC,AC; PO; FA,AC; FA; PO,"Achievement, Power: resources, Face"
Indian,Indian,dedication,BE ,0.25,3,BE,BE,BE; CO; AC,BE,Benevolence: caring
Indian,Indian,Our success has been the result of the innovation,ST ,0.25,3,ST,AC,AC; SD; PO,AC; FA; PO; SD,"Self-direction: thought, Achievement, Power: resources, Face"
Indian,Indian,discipline,CO ,0.25,3,CO,CO,CO; AC; UN,AC; CO,"Achievement, Conformity: rules"
Indian,Indian,Achieve target,AC,0.25,3,AC,AC,AC; CO; UN,AC,Achievement
Indian,Indian,To have security of job,SE ,0.25,3,SE,SE,SE; AC; PO,AC; PO; SE,"Achievement, Power: resources, Security: personal, Security: societal"
Indian,Indian,Being consistent,AC,0.25,3,AC,UN,UN; AC; HU,UN,Universalism: objectivity
Indian,Indian,I want to have a stable job.,SE ,0.25,3,SE,SE,SE; BE; PO,BE; PO; SE,"Power: resources, Security: personal, Security: societal, Benevolence: caring"
Indian,Indian,Innovation,ST ,0.25,3,ST,AC,AC; SD; UN,AC; SD,"Self-direction: thought, Achievement"
Indian,Indian,Honesty at work in whatever you do.,BE ,0.25,3,BE,AC,AC; BE; CO,AC; BE; CO,"Achievement, Conformity: rules, Benevolence: caring, Benevolence: dependability"
Indian,Indian,Strength,PO ,0.25,3,PO,SE,SE; BE; AC,SE,Security: personal
Indian,Indian,dignity,CO ,0.25,3,CO,FA,FA; HU; CO,FA; HU,"Face, Humility"
Indian,Indian,Innovative,ST ,0.25,3,ST,AC,AC; SD; UN,AC; SD,"Self-direction: thought, Achievement"
Indian,Indian,Achieve target,AC,0.25,3,AC,AC,AC; CO; UN,AC,Achievement
Indian,Indian,Promotion,AC,0.25,3,AC,SE,SE; UN; AC,,
Indian,Indian,Achieve target,AC,0.25,3,AC,AC,AC; CO; UN,AC,Achievement
Indian,Indian,Self employed,SD ,0.25,3,SD,AC,AC; SD; SE,AC; SD; SE,"Self-direction: action, Achievement, Security: personal"
Indian,Indian,Self discipline,CO ,0.25,3,CO,CO,CO; AC; BE,AC; BE; CO,"Achievement, Conformity: rules, Benevolence: dependability"
Indian,Indian,Hardworking,AC,0.25,3,AC,AC,AC; PO; BE,AC; PO,"Achievement, Power: resources"
Indian,Indian,Money,PO ,0.25,3,PO,SE,SE; BE; PO,SE,Security: personal
Indian,Indian,Opportunity,AC,0.25,3,AC,AC,AC; PO; SD,AC; PO,"Achievement, Power: resources"
Indian,Indian,customer satisfaction,AC,0.25,3,AC,AC,AC; BE; SD,AC; BE; FA; SD,"Self-direction: action, Achievement, Face, Benevolence: caring"
Indian,Indian,Honest,BE ,0.25,3,BE,AC,AC; SE; BE,,
Indian,Indian,Time management,AC,0.25,3,AC,AC,AC; CO; BE,AC; BE; CO,"Achievement, Conformity: rules, Benevolence: caring"
Indian,Indian,Innovative ideas,ST ,0.25,3,ST,AC,AC; SD; UN,AC; SD,"Self-direction: thought, Achievement"
Indian,Indian,My goal is to get promotion in my job,AC,0.25,3,AC,AC,AC; FA; PO,AC; FA; PO,"Achievement, Power: resources, Face"
Indian,Indian,Giving my best to my company,AC,0.25,3,AC,AC,AC; FA; PO,AC; FA,"Achievement, Face"
Indian,Indian,Weekly goals,AC,0.25,3,AC,AC,AC; CO; BE,AC; CO,"Achievement, Conformity: rules"
Indian,Indian,Dedication,BE ,0.25,3,BE,BE,BE; AC; CO,BE,Benevolence: caring
Indian,Indian,Dedication,BE ,0.25,3,BE,BE,BE; AC; CO,BE,Benevolence: caring
Indian,Indian,Job security,SE ,0.25,3,SE,SE,SE; BE; PO,BE; PO; SE,"Power: resources, Security: personal, Security: societal, Benevolence: caring"
Indian,Indian,Respected by my peers,UN ,0.25,3,UN,FA,FA; AC; SE,AC; FA; SE; UN,"Achievement, Face, Security: personal, Universalism: tolerance"
Indian,Indian,High profit,PO ,0.25,3,PO,PO,PO; AC; CO,AC; PO,"Achievement, Power: resources"
Indian,Indian,Becoming manager,AC,0.25,3,AC,AC,AC; PO; BE,AC; PO,"Achievement, Power: dominance"
Indian,Indian,Equal opportunity for all,UN ,0.25,3,UN,UN,UN; AC; SD,AC; UN,"Achievement, Universalism: concern"
Indian,Indian,Money,PO ,0.25,3,PO,SE,SE; BE; PO,SE,Security: personal
Indian,Indian,Work ethics,UN ,0.25,3,UN,AC,AC; CO; BE,AC; CO,"Achievement, Conformity: rules"
Indian,Indian,Money,PO ,0.25,3,PO,SE,SE; BE; PO,SE,Security: personal
Indian,Indian,dedication,BE ,0.25,3,BE,BE,BE; CO; AC,BE,Benevolence: caring
Indian,Indian,Time management,AC,0.25,3,AC,AC,AC; CO; BE,AC; BE; CO,"Achievement, Conformity: rules, Benevolence: caring"
Indian,Indian,Meeting the organizational goal,AC,0.25,3,AC,AC,AC; PO; CO,AC,Achievement
Indian,Indian,Achieve target,AC,0.25,3,AC,AC,AC; CO; UN,AC,Achievement
Indian,Indian,Efficiency,AC,0.25,3,AC,AC,AC; UN; SE,AC; UN,"Achievement, Universalism: nature, Universalism: objectivity"
Indian,Indian,Hardworking,AC,0.25,3,AC,AC,AC; PO; BE,AC; PO,"Achievement, Power: resources"
Indian,Indian,Work hard for development of company,AC,0.25,3,AC,AC,AC; PO; SD,AC; PO; SD,"Self-direction: thought, Achievement, Power: resources"
Indian,Indian,Customer satisfaction,AC,0.25,3,AC,AC,AC; BE; SD,AC; BE,"Achievement, Benevolence: caring"
Indian,Indian,Salary at time,PO ,0.25,3,PO,PO,PO; SE; AC,AC; PO; SE,"Achievement, Power: resources, Security: personal"
Indian,Indian,Good job,AC,0.25,3,AC,AC,AC; BE; SE,AC; BE,"Achievement, Benevolence: caring"
Indian,Indian,Discipline,CO ,0.25,3,CO,CO,CO; BE; UN,BE; CO,"Conformity: rules, Benevolence: dependability"
Indian,Indian,Government job,SE ,0.25,3,SE,AC,AC; SE; UN,AC,Achievement
Indian,Indian,Quality work,AC,0.25,3,AC,AC,AC; BE; PO,AC,Achievement
Indian,Indian,Financial Freedom,SE ,0.25,3,SE,PO,PO; SE; SD,PO; SD; SE,"Self-direction: action, Power: resources, Security: personal"
Indian,Indian,To be honest,BE ,0.25,3,BE,UN,UN; BE; HU,BE; HU; UN,"Humility, Benevolence: caring, Universalism: objectivity"
Indian,Indian,Creativity,SD ,0.25,3,SD,AC,AC; SD; BE,AC; SD,"Self-direction: thought, Achievement"
Indian,Indian,increase in company profit,AC,0.25,3,AC,PO,PO; AC; SE,AC; PO,"Achievement, Power: resources"
Indian,Indian,Hard work,AC,0.25,3,AC,AC,AC; SD; PO,AC,Achievement
Indian,Indian,freedom,SD ,0.25,3,SD,SD,SD; BE; UN,,
Indian,Indian,Independence,SD ,0.25,3,SD,SD,SD; UN; SE,SD; UN,"Self-direction: action, Universalism: concern"
Indian,Indian,To get promotion.,AC,0.25,3,AC,AC,AC; FA; PO,AC; FA,"Achievement, Face"
Indian,Indian,To be independent,SD ,0.25,3,SD,SD,SD; AC; PO,SD,"Self-direction: thought, Self-direction: action"
Indian,Indian,leadership,PO ,0.25,3,PO,PO,PO; AC; FA,AC; PO,"Achievement, Power: dominance"
Indian,Indian,Money,PO ,0.25,3,PO,SE,SE; BE; PO,SE,Security: personal
Indian,Indian,maintain my time at work,AC,0.25,3,AC,AC,AC; CO; SD,AC; CO; SD,"Self-direction: action, Achievement, Conformity: rules"
Indian,Indian,Independent,SD ,0.25,3,SD,AC,AC; SE; CO,,
Indian,Indian,Hard work,AC,0.25,3,AC,AC,AC; SD; PO,AC,Achievement
Indian,Indian,WEALTH,PO ,0.25,3,PO,SE,SE; UN; BE,SE,Security: personal
Indian,Indian,Safety,SE ,0.25,3,SE,SE,SE; CO; AC,SE,"Security: personal, Security: societal"
Indian,Indian,First is Be as good employee as I can.,AC,0.25,3,AC,AC,AC; BE; FA,AC; BE; FA,"Achievement, Face, Benevolence: caring, Benevolence: dependability"
Indian,Indian,Accountable,BE ,0.25,3,BE,BE,BE; CO; UN,BE; CO; UN,"Conformity: rules, Benevolence: caring, Benevolence: dependability, Universalism: concern"
Indian,Indian,Improve your performance numbers.,AC,0.25,3,AC,AC,AC; UN; PO,AC; PO; UN,"Achievement, Power: resources, Universalism: objectivity"
Indian,Indian,Time management,AC,0.25,3,AC,AC,AC; CO; BE,AC; BE; CO,"Achievement, Conformity: rules, Benevolence: caring"
Indian,Indian,Honest,BE ,0.25,3,BE,AC,AC; SE; BE,,
Indian,Indian,To be productive,AC,0.25,3,AC,AC,AC; BE; CO,AC,Achievement
Indian,Indian,Positivity and Confidence,UN ,0.25,3,UN,SE,SE; AC; FA,AC; SE,"Achievement, Security: personal"
Indian,Indian,To be honest and trustworthy in work,BE ,0.25,3,BE,BE,BE; AC; CO,AC; BE; CO; PO,"Achievement, Power: resources, Conformity: rules, Benevolence: caring, Benevolence: dependability"
Indian,Indian,Hard work,AC,0.25,3,AC,AC,AC; SD; PO,AC,Achievement
Indian,Indian,Consistence,AC,0.25,3,AC,SE,SE; CO; SD,SE,Security: personal
Indian,Indian,freedom,SD ,0.25,3,SD,SD,SD; BE; UN,,
Indian,Indian,Safety,SE ,0.25,3,SE,SE,SE; CO; AC,SE,"Security: personal, Security: societal"
Indian,Indian,Always work for my company's profit,AC,0.25,3,AC,PO,PO; AC; BE,AC; PO,"Achievement, Power: resources"
Indian,Indian,"Production Supervision, Give quality product while having required quantity in given time",AC,0.25,3,AC,AC,AC; BE; PO,AC; BE,"Achievement, Benevolence: dependability"
Indian,Indian,Doing proper work,AC,0.25,3,AC,AC,AC; BE; PO,AC; BE,"Achievement, Benevolence: dependability"
Indian,Indian,Development of skills,AC,0.25,3,AC,AC,AC; SD; BE,AC; SD,"Self-direction: thought, Achievement"
Indian,Indian,Promotion,AC,0.25,3,AC,SE,SE; UN; AC,,
Indian,Indian,You have to be responsible at your work,BE ,0.25,3,BE,BE,BE; AC; CO,AC; BE; CO,"Achievement, Conformity: rules, Benevolence: dependability"
Indian,Indian,Growth,AC,0.25,3,AC,SE,SE; AC; UN,,
Indian,Indian,I wish to be a successful personality.,AC,0.25,3,AC,AC,AC; ST; FA,AC; FA; SD; ST,"Self-direction: action, Stimulation, Achievement, Face"
Indian,Indian,Freedom,SD ,0.25,3,SD,SD,SD; UN; AC,,
Indian,Indian,To complete my task first,AC,0.25,3,AC,AC,AC; BE; CO,AC; BE; CO,"Achievement, Conformity: rules, Benevolence: dependability"
Indian,Indian,Working happily,HE ,0.25,3,HE,AC,AC; BE; SE,AC; BE,"Achievement, Benevolence: caring"
Indian,Indian,My intention has been to ensure customer gets best service possible,BE ,0.25,3,BE,AC,AC; BE; FA,AC; BE; FA,"Achievement, Face, Benevolence: caring, Benevolence: dependability"
Indian,Indian,To achieve,AC,0.25,3,AC,AC,AC; UN; SE,AC,Achievement
Indian,Indian,Smart work,AC,0.25,3,AC,AC,AC; SD; BE,AC; SD,"Self-direction: thought, Achievement"
Indian,Indian,To lead the organization to upmost level,PO ,0.25,3,PO,AC,AC; FA; PO,AC; FA; PO,"Achievement, Power: dominance, Power: resources, Face"
Indian,Indian,Achieve target,AC,0.25,3,AC,AC,AC; CO; UN,AC,Achievement
Indian,Indian,Work should be done in given time.,AC,0.25,3,AC,AC,AC; CO; BE,AC; BE; CO,"Achievement, Conformity: rules, Benevolence: dependability"
Indian,Indian,Money,PO ,0.25,3,PO,SE,SE; BE; PO,SE,Security: personal
Indian,Indian,Leadership,PO ,0.25,3,PO,AC,AC; PO; FA,AC; PO,"Achievement, Power: dominance"
Indian,Indian,Confidence,SE ,0.25,3,SE,AC,AC; SE; UN,AC; SE,"Achievement, Security: personal"
Indian,Indian,To help my company reach greater heights.,AC,0.25,3,AC,AC,AC; PO; FA,AC; FA; PO; SD,"Self-direction: thought, Achievement, Power: dominance, Power: resources, Face"
Indian,Indian,To get challenging projects.,ST ,0.25,3,ST,AC,AC; SD; ST,AC; SD; ST,"Self-direction: thought, Stimulation, Achievement"
Indian,Indian,Take risks and get double reward,ST ,0.25,3,ST,SD,SD; AC; PO,AC; PO; SD; ST,"Self-direction: thought, Self-direction: action, Stimulation, Achievement, Power: resources"
Indian,Indian,Freedom of thought,SD ,0.25,3,SD,SD,SD; UN; AC,SD,"Self-direction: thought, Self-direction: action"
Indian,Indian,Realizing to god,TR ,0.25,3,TR,TR,TR; CO; HU,CO; TR,"Tradition, Conformity: rules"
Indian,Indian,Become good developer,AC,0.25,3,AC,AC,AC; SD; BE,AC; SD,"Self-direction: thought, Achievement"
Indian,Indian,Achieve target,AC,0.25,3,AC,AC,AC; CO; UN,AC,Achievement
Indian,Indian,Work experiences,ST ,0.25,3,ST,AC,AC; SE; PO,AC; SE,"Achievement, Security: personal"
Indian,Indian,Financial security,SE ,0.25,3,SE,SE,SE; PO; BE,PO; SE,"Power: resources, Security: personal, Security: societal"
Indian,Indian,"A chance to learn & grasp ideas and concepts from my seniors, along with develop",AC,0.25,3,AC,AC,AC; SD; UN,AC; SD; UN,"Self-direction: thought, Achievement, Universalism: tolerance"
Indian,Indian,Enjoy at work,HE ,0.25,3,HE,AC,AC; PO; SD,AC; PO,"Achievement, Power: resources"
Indian,Indian,Able to generate and enact on my ideas on business,SD ,0.25,3,SD,AC,AC; SD; PO,AC; PO; SD,"Self-direction: thought, Achievement, Power: resources"
Indian,Indian,Loyalty,BE ,0.25,3,BE,BE,BE; CO; FA,BE; CO; FA,"Face, Conformity: rules, Benevolence: caring, Benevolence: dependability"
Indian,Indian,Trust,BE ,0.25,3,BE,AC,AC; BE; SE,,
Indian,Indian,GOOD FUTURE,SE ,0.25,3,SE,AC,AC; SD; BE,AC; BE; SD,"Self-direction: thought, Achievement, Benevolence: caring"
Indian,Indian,Security,SE ,0.25,3,SE,SE,SE; CO; BE,SE,Security: societal
Indian,Indian,I become independent of my supervisor,SD ,0.25,3,SD,SD,SD; AC; PO,AC; SD,"Self-direction: thought, Self-direction: action, Achievement"
Indian,Indian,To reach duty at the right time,AC,0.25,3,AC,AC,AC; BE; CO,AC; BE; CO,"Achievement, Conformity: rules, Benevolence: dependability"
Indian,Indian,According to my job I want to achieve my goals like production growth,AC,0.25,3,AC,AC,AC; PO; SE,AC; PO,"Achievement, Power: resources"
Indian,Indian,To fulfill the requirements,CO ,0.25,3,CO,AC,AC; BE; CO,AC; BE,"Achievement, Benevolence: dependability"
Indian,Indian,Capable,AC,0.25,3,AC,AC,AC; UN; BE,AC,Achievement
Indian,Indian,chasing goals,AC,0.25,3,AC,AC,AC; ST; HE,AC; HE; SD; ST,"Self-direction: action, Stimulation, Hedonism, Achievement"
Indian,Indian,Perfectness in work.,AC,0.25,3,AC,AC,AC; SD; BE,AC; SD,"Self-direction: thought, Achievement"
Indian,Indian,Getting best employees medal,AC,0.25,3,AC,AC,AC; FA; UN,AC; FA,"Achievement, Face"
Indian,Indian,WISDOM,UN ,0.25,3,UN,TR,TR; SD; CO,AC; BE; CO; SD; TR; UN,"Self-direction: thought, Achievement, Tradition, Conformity: rules, Benevolence: caring, Universalism: tolerance"
Indian,Indian,Effective managing of team & focus on continual improvements of throughput,AC,0.25,3,AC,AC,AC; SD; BE,AC,Achievement
Indian,Indian,Achieving the company annual targets through marketing and sales team,AC,0.25,3,AC,AC,AC; PO; FA,AC; PO,"Achievement, Power: dominance, Power: resources"
Indian,Indian,High efficiency on delivery,AC,0.25,3,AC,AC,AC; SE; BE,AC,Achievement
Indian,Indian,I need a car,PO ,0.25,3,PO,AC,AC; BE; SE,AC; BE,"Achievement, Benevolence: caring"
Indian,Indian,Growth of company,AC,0.25,3,AC,AC,AC; PO; SD,AC; PO,"Achievement, Power: resources"
Indian,Indian,Customer satisfaction level with the organization.,AC,0.25,3,AC,AC,AC; FA; UN,AC; BE; FA; SE; UN,"Achievement, Face, Security: personal, Benevolence: caring, Universalism: objectivity"
Indian,Indian,Recruiting best employee,AC,0.25,3,AC,AC,AC; FA; BE,AC,Achievement
Indian,Indian,security of job,SE ,0.25,3,SE,SE,SE; PO; SD,PO; SE,"Power: resources, Security: personal, Security: societal"
Indian,Indian,Working on Latest and Futuristic Technology,ST ,0.25,3,ST,AC,AC; SD; UN,AC; SD,"Self-direction: thought, Achievement"
Indian,Indian,Very hard Work and promotions,AC,0.25,3,AC,AC,AC; FA; PO,AC; FA; PO,"Achievement, Power: resources, Face"
Indian,Indian,Completion of task on time,AC,0.25,3,AC,AC,AC; BE; CO,AC,Achievement
Indian,Indian,Freedom,SD ,0.25,3,SD,SD,SD; UN; AC,,
Indian,Indian,Credibility of the company,BE ,0.25,3,BE,AC,AC; FA; BE,AC; BE; FA; UN,"Achievement, Face, Benevolence: caring, Benevolence: dependability, Universalism: objectivity"
Indian,Indian,To become successful in the work by achieving all the goals,AC,0.25,3,AC,AC,AC; PO; FA,AC,Achievement
Indian,Indian,Discipline,CO ,0.25,3,CO,CO,CO; BE; UN,BE; CO,"Conformity: rules, Benevolence: dependability"
Indian,Indian,very faithful to my work place,BE ,0.25,3,BE,CO,CO; BE; FA,AC; BE; CO; FA; TR,"Achievement, Face, Tradition, Conformity: rules, Benevolence: dependability"
Indian,Indian,Discipline,CO ,0.25,3,CO,CO,CO; BE; UN,BE; CO,"Conformity: rules, Benevolence: dependability"
Indian,Indian,All employees should be equally important,UN ,0.25,3,UN,UN,UN; AC; FA,AC; FA; PO; SE; UN,"Achievement, Power: resources, Face, Security: personal, Universalism: concern"
Indian,Indian,"Confident of my work,",SE ,0.25,3,SE,AC,AC; SD; FA,AC; FA; SD,"Self-direction: thought, Achievement, Face"
Indian,Indian,To improve our company in future and to be independent on work.,SD ,0.25,3,SD,SD,SD; AC; PO,AC; PO; SD,"Self-direction: thought, Self-direction: action, Achievement, Power: resources"
Indian,Indian,My focus is to finish the task given to me in exact time.,AC,0.25,3,AC,AC,AC; CO; BE,AC; BE; CO,"Achievement, Conformity: rules, Benevolence: dependability"
Indian,Indian,Perfection,AC,0.25,3,AC,AC,AC; CO; BE,AC,Achievement
Indian,Indian,Wealth,PO ,0.25,3,PO,PO,PO; CO; AC,,
Indian,Indian,Wealth,PO ,0.25,3,PO,PO,PO; CO; AC,,
Indian,Indian,customer satisfaction,AC,0.25,3,AC,AC,AC; BE; SD,AC; BE; FA; SD,"Self-direction: action, Achievement, Face, Benevolence: caring"
Indian,Indian,freedom to pursue own leads to file for international news agency,SD ,0.25,3,SD,SD,SD; AC; UN,AC; SD; UN,"Self-direction: thought, Self-direction: action, Achievement, Universalism: objectivity"
Indian,Indian,To help people who come to my office so clear their doubts regarding their account,BE ,0.25,3,BE,BE,BE; AC; SE,AC; BE; SE; UN,"Achievement, Security: personal, Benevolence: caring, Universalism: objectivity"
Indian,Indian,Earn money,PO ,0.25,3,PO,PO,PO; AC; SE,AC; PO,"Achievement, Power: resources"
Indian,Indian,DISCIPLINE,CO ,0.25,3,CO,CO,CO; SD; AC,CO,Conformity: rules
Indian,Indian,To be important to other people.,PO ,0.25,3,PO,FA,FA; SE; AC,FA; SE,"Face, Security: personal"
Indian,Indian,Personal achievement,AC,0.25,3,AC,AC,AC; FA; SD,AC; FA,"Achievement, Face"
Indian,Indian,Achieving the target,AC,0.25,3,AC,AC,AC; UN; FA,AC,Achievement
Indian,Indian,Promotion,AC,0.25,3,AC,SE,SE; UN; AC,,
Indian,Indian,Achieving targets,AC,0.25,3,AC,AC,AC; CO; FA,AC,Achievement
Indian,Indian,Check on Delivery System,AC,0.25,3,AC,BE,BE; SE; UN,AC; BE; SE; UN,"Achievement, Security: personal, Benevolence: caring, Universalism: objectivity"
Indian,Indian,customer satisfaction,AC,0.25,3,AC,AC,AC; BE; SD,AC; BE; FA; SD,"Self-direction: action, Achievement, Face, Benevolence: caring"
Indian,Indian,Tangible numbers of Business metrics,AC,0.25,3,AC,AC,AC; UN; PO,AC; PO; UN,"Achievement, Power: resources, Universalism: objectivity"
Indian,Indian,To excel in whatever I do,AC,0.25,3,AC,AC,AC; SD; ST,AC; SD; ST,"Self-direction: thought, Stimulation, Achievement"
Indian,Indian,Managing the coordination between staff and management.,SE ,0.25,3,SE,AC,AC; PO; SE,AC; PO; SE,"Achievement, Power: dominance, Security: personal"
Indian,Indian,Hard work,AC,0.25,3,AC,AC,AC; SD; PO,AC,Achievement
Indian,Indian,Doing better than my predecessor,AC,0.25,3,AC,AC,AC; BE; FA,AC,Achievement
Indian,Indian,Thinking out of the box,SD ,0.25,3,SD,SD,SD; AC; ST,AC; SD; ST,"Self-direction: thought, Stimulation, Achievement"
Indian,Indian,To be honest to my work,BE ,0.25,3,BE,BE,BE; AC; UN,AC; BE; UN,"Achievement, Benevolence: caring, Benevolence: dependability, Universalism: objectivity"
Indian,Indian,Stay peaceful and enjoy my work,HE ,0.25,3,HE,SE,SE; HE; BE,BE; HE; SE,"Hedonism, Security: personal, Benevolence: caring"
Indian,Indian,Self Discipline,CO ,0.25,3,CO,CO,CO; AC; SD,AC; BE; CO; SD,"Self-direction: thought, Achievement, Conformity: rules, Benevolence: dependability"
Indian,Indian,Freedom,SD ,0.25,3,SD,SD,SD; UN; AC,,
Indian,Indian,Work life balance,HE ,0.25,3,HE,SE,SE; AC; BE,AC; SE,"Achievement, Security: personal"
Indian,Indian,Reduce expenses,AC,0.25,3,AC,SE,SE; PO; BE,PO; SE,"Power: resources, Security: personal"
Indian,Indian,Purchase,AC,0.25,3,AC,SE,SE; AC; BE,,
Indian,Indian,To bring out Innovative solutions,SD ,0.25,3,SD,AC,AC; SD; UN,AC; SD,"Self-direction: thought, Achievement"
Indian,Indian,Creative ideas to increase efficiency,SD ,0.25,3,SD,AC,AC; SD; BE,AC; SD,"Self-direction: thought, Achievement"
Indian,Indian,No repetitive work,AC,0.25,3,AC,AC,AC; SE; SD,AC,Achievement
Indian,Indian,Growth,AC,0.25,3,AC,SE,SE; AC; UN,,
Indian,Indian,Achieve target,AC,0.25,3,AC,AC,AC; CO; UN,AC,Achievement
Indian,Indian,Money,PO ,0.25,3,PO,SE,SE; BE; PO,SE,Security: personal
Indian,Indian,Achieve target,AC,0.25,3,AC,AC,AC; CO; UN,AC,Achievement
Indian,Indian,Get reward,PO ,0.25,3,PO,AC,AC; BE; UN,AC,Achievement
Indian,Indian,Job Security,SE ,0.25,3,SE,SE,SE; AC; PO,AC; SE,"Achievement, Security: personal"
Indian,Indian,Success,AC,0.25,3,AC,AC,AC; BE; CO,,
Indian,Indian,Discipline,CO ,0.25,3,CO,CO,CO; BE; UN,BE; CO,"Conformity: rules, Benevolence: dependability"
Indian,Indian,Chasing for payment,PO ,0.25,3,PO,PO,PO; CO; UN,CO; PO; SE; UN,"Power: resources, Security: personal, Conformity: rules, Universalism: concern"
Indian,Indian,Respecting everyone,UN ,0.25,3,UN,CO,CO; UN; TR,CO; FA; TR; UN,"Face, Tradition, Conformity: rules, Conformity: interpersonal, Universalism: concern, Universalism: tolerance"
Indian,Indian,Feel secure about my job,SE ,0.25,3,SE,SE,SE; PO; SD,SE,"Security: personal, Security: societal"
Indian,Indian,Freedom,SD ,0.25,3,SD,SD,SD; UN; AC,,
Indian,Indian,Security,SE ,0.25,3,SE,SE,SE; CO; BE,SE,Security: societal
Indian,Indian,Freedom to give my own ideas,SD ,0.25,3,SD,SD,SD; AC; UN,AC; SD; UN,"Self-direction: thought, Self-direction: action, Achievement, Universalism: tolerance"
Indian,Indian,Do more effort,AC,0.25,3,AC,AC,AC; CO; BE,AC; BE; CO; FA; ST,"Stimulation, Achievement, Face, Conformity: rules, Benevolence: dependability"
Indian,Indian,Not being late,AC,0.25,3,AC,AC,AC; CO; BE,AC; BE; CO,"Achievement, Conformity: rules, Benevolence: dependability"
Indian,Indian,Equality,UN ,0.25,3,UN,SE,SE; UN; TR,SE,Security: personal
Indian,Indian,earn more money,PO ,0.25,3,PO,PO,PO; AC; SE,AC; PO,"Achievement, Power: resources"
Indian,Indian,Equality,UN ,0.25,3,UN,SE,SE; UN; TR,SE,Security: personal
Indian,Indian,Wealth,PO ,0.25,3,PO,PO,PO; CO; AC,,
Indian,Indian,earn a good amount,PO ,0.25,3,PO,AC,AC; SD; FA,AC; FA; SD,"Self-direction: thought, Achievement, Face"
Indian,Indian,Go on trip,HE ,0.25,3,HE,ST,ST; AC; SD,AC; SD; ST,"Self-direction: thought, Stimulation, Achievement"
Indian,Indian,Fun,HE ,0.25,3,HE,SE,SE; BE; AC,,
Indian,Indian,I want to grow myself with company,AC,0.25,3,AC,BE,BE; SE; ST,BE; SE; ST,"Stimulation, Security: personal, Benevolence: caring"
Indian,Indian,Enjoyment and long-term employment,HE ,0.25,3,HE,SE,SE; AC; BE,AC; BE; PO; SE; ST,"Stimulation, Achievement, Power: resources, Security: personal, Benevolence: caring"
Indian,Indian,peaceful,UN ,0.25,3,UN,SE,SE; TR; BE,BE; HE; SE; TR,"Hedonism, Security: personal, Tradition, Benevolence: caring"
Indian,Indian,Reach goal,AC,0.25,3,AC,AC,AC; ST; CO,AC; ST,"Stimulation, Achievement"
Indian,Indian,To be strong,PO ,0.25,3,PO,SE,SE; AC; HU,AC; SE,"Achievement, Security: societal"
Indian,Indian,Focus,AC,0.25,3,AC,SE,SE; AC; UN,,
Indian,Indian,I always focus in my work,AC,0.25,3,AC,AC,AC; SD; PO,AC; CO; PO; SD,"Self-direction: thought, Achievement, Power: resources, Conformity: rules"
Indian,Indian,Honest,BE ,0.25,3,BE,AC,AC; SE; BE,,
Indian,Indian,Earn money,PO ,0.25,3,PO,PO,PO; AC; SE,AC; PO,"Achievement, Power: resources"
Indian,Indian,make good economy,AC,0.25,3,AC,PO,PO; AC; SE,AC; PO; SE,"Achievement, Power: resources, Security: personal, Security: societal"
Indian,Indian,Marketing,AC,0.25,3,AC,AC,AC; PO; FA,AC; PO,"Achievement, Power: dominance"
Indian,Indian,Achievement of target,AC,0.25,3,AC,AC,AC; SD; FA,AC,Achievement
Indian,Indian,Tracking the data,AC,0.25,3,AC,UN,UN; AC; SD,AC; UN,"Achievement, Universalism: objectivity"
Indian,Indian,talent,AC,0.25,3,AC,AC,AC; SD; HE,AC; SD,"Self-direction: thought, Achievement"
Indian,Indian,make it successful,AC,0.25,3,AC,AC,AC; BE; CO,AC; BE,"Achievement, Benevolence: caring"
Indian,Indian,To prove that I can do better,AC,0.25,3,AC,AC,AC; SD; ST,AC; SD; ST,"Self-direction: action, Stimulation, Achievement"
Indian,Indian,Work on time,AC,0.25,3,AC,AC,AC; BE; SD,AC; BE,"Achievement, Benevolence: dependability"
Indian,Indian,Update with technology,SD ,0.25,3,SD,AC,AC; SD; UN,AC; SD; UN,"Self-direction: thought, Achievement, Universalism: objectivity"
Indian,Indian,Trend setter,AC,0.25,3,AC,SD,SD; FA; UN,FA; SD; UN,"Self-direction: thought, Face, Universalism: objectivity"
Indian,Indian,Incentive,PO ,0.25,3,PO,AC,AC; PO; BE,AC; BE; PO,"Achievement, Power: resources, Benevolence: caring"
Indian,Indian,Respect,UN ,0.25,3,UN,FA,FA; AC; UN,AC; CO; FA; UN,"Achievement, Face, Conformity: rules, Universalism: tolerance"
Indian,Indian,Honesty,BE ,0.25,3,BE,BE,BE; CO; UN,BE; CO; UN,"Conformity: rules, Benevolence: caring, Benevolence: dependability, Universalism: objectivity"
Indian,Indian,To ensure my work is done in time,AC,0.25,3,AC,AC,AC; BE; CO,AC; BE,"Achievement, Benevolence: dependability"
Indian,Indian,Innovation,ST ,0.25,3,ST,AC,AC; SD; UN,AC; SD,"Self-direction: thought, Achievement"
Indian,Indian,more concentrated,AC,0.25,3,AC,UN,UN; CO; AC,UN,Universalism: objectivity
Indian,Indian,Trust,BE ,0.25,3,BE,AC,AC; BE; SE,,
Indian,Indian,TO ACHIEVE THE PROMOTION FASTER,AC,0.25,3,AC,AC,AC; UN; ST,AC; UN,"Achievement, Universalism: objectivity"
Indian,Indian,gradual improvement/growth,AC,0.25,3,AC,AC,AC; SE; UN,AC,Achievement
Indian,Indian,Setting targets,AC,0.25,3,AC,SE,SE; AC; UN,AC; SE; UN,"Achievement, Security: societal, Universalism: concern"
Indian,Indian,Responsible,BE ,0.25,3,BE,BE,BE; CO; PO,BE; CO,"Conformity: rules, Benevolence: dependability"
Indian,Indian,Always ready for work,AC,0.25,3,AC,AC,AC; SD; BE,AC,Achievement
Indian,Indian,Self respect,CO ,0.25,3,CO,FA,FA; HU; UN,AC; FA; HU; UN,"Achievement, Face, Humility, Universalism: tolerance"
Indian,Indian,My bright future,SE ,0.25,3,SE,SE,SE; AC; BE,AC; BE; SE; ST,"Stimulation, Achievement, Security: personal, Benevolence: caring"
Indian,Indian,performance,AC,0.25,3,AC,AC,AC; BE; SE,,
Indian,Indian,I want to go higher position,AC,0.25,3,AC,AC,AC; PO; UN,AC,Achievement
Indian,Indian,concentrate,AC,0.25,3,AC,SE,SE; UN; AC,SE; UN,"Security: personal, Universalism: objectivity"
Indian,Indian,Govt job,SE ,0.25,3,SE,AC,AC; BE; UN,AC,Achievement
Indian,Indian,Hard work,AC,0.25,3,AC,AC,AC; SD; PO,AC,Achievement
Indian,Indian,Quality work,AC,0.25,3,AC,AC,AC; BE; PO,AC,Achievement
Indian,Indian,Focus,AC,0.25,3,AC,SE,SE; AC; UN,,
Indian,Indian,Right amount of salary,PO ,0.25,3,PO,PO,PO; SE; AC,AC; PO; SE,"Achievement, Power: resources, Security: personal"
Indian,Indian,equality,UN ,0.25,3,UN,AC,AC; SE; UN,,
Indian,Indian,Leading,PO ,0.25,3,PO,AC,AC; UN; SE,AC,Achievement
Indian,Indian,Discipline,CO ,0.25,3,CO,CO,CO; BE; UN,BE; CO,"Conformity: rules, Benevolence: dependability"
Indian,Indian,Financially Supporting my family,SE ,0.25,3,SE,BE,BE; SE; PO,BE; SE,"Security: personal, Security: societal, Benevolence: caring"
Indian,Indian,And get promotion,AC,0.25,3,AC,AC,AC; FA; PO,AC; FA,"Achievement, Face"
Indian,Indian,career advancement,AC,0.25,3,AC,AC,AC; PO; FA,AC; PO,"Achievement, Power: resources"
Indian,Indian,DISCIPLINE,CO ,0.25,3,CO,CO,CO; SD; AC,CO,Conformity: rules
Indian,Indian,Job Security,SE ,0.25,3,SE,SE,SE; AC; PO,AC; SE,"Achievement, Security: personal"
Indian,Indian,Cybersecurity,AC,0.25,3,AC,SE,SE; CO; AC,SE,Security: societal
Indian,Indian,Kind,CO ,0.25,3,CO,AC,AC; CO; BE,,
Indian,Indian,I will improve my skill,AC,0.25,3,AC,AC,AC; ST; SD,AC; ST,"Stimulation, Achievement"
Indian,Indian,To earn respect,CO ,0.25,3,CO,FA,FA; AC; UN,AC; CO; FA; PO; UN,"Achievement, Power: dominance, Face, Conformity: rules, Conformity: interpersonal, Universalism: tolerance"
Indian,Indian,To be honest,BE ,0.25,3,BE,UN,UN; BE; HU,BE; HU; UN,"Humility, Benevolence: caring, Universalism: objectivity"
Indian,Indian,Focus,AC,0.25,3,AC,SE,SE; AC; UN,,
Indian,Indian,Managing time well,AC,0.25,3,AC,AC,AC; BE; CO,AC; BE; CO,"Achievement, Conformity: rules, Benevolence: caring"
Indian,Indian,Chief,PO ,0.25,3,PO,CO,CO; BE; AC,,
Indian,Indian,job stability,SE ,0.25,3,SE,AC,AC; SE; BE,AC; BE; SE,"Achievement, Security: personal, Benevolence: caring"
Indian,Indian,two wheeler,HE ,0.25,3,HE,AC,AC; SD; ST,AC,Achievement
Indian,Indian,Grade up company reputation,AC,0.25,3,AC,FA,FA; AC; PO,AC; FA; PO,"Achievement, Power: dominance, Face"
Indian,Indian,BMW,PO ,0.25,3,PO,AC,AC; UN; CO,AC,Achievement
Indian,Indian,time management,AC,0.25,3,AC,AC,AC; BE; PO,AC; BE,"Achievement, Benevolence: caring"
Indian,Indian,Hard working,AC,0.25,3,AC,AC,AC; PO; FA,AC; PO,"Achievement, Power: resources"
Indian,Indian,Developing company,AC,0.25,3,AC,AC,AC; SD; PO,AC; SD,"Self-direction: thought, Achievement"
Indian,Indian,Responsibility,BE ,0.25,3,BE,BE,BE; CO; AC,BE; CO,"Conformity: rules, Benevolence: caring, Benevolence: dependability"
Indian,Indian,The second goal would be accuracy of my work.,AC,0.25,3,AC,AC,AC; UN; BE,AC; BE; UN,"Achievement, Benevolence: caring, Benevolence: dependability, Universalism: objectivity"
Indian,Indian,travel in world,HE ,0.25,3,HE,ST,ST; SD; AC,AC; HE; SD; ST,"Self-direction: thought, Stimulation, Hedonism, Achievement"
Indian,Indian,plan the steps,SE ,0.25,3,SE,CO,CO; AC; BE,AC; BE; CO,"Achievement, Conformity: rules, Benevolence: dependability"
Indian,Indian,Faithful,TR ,0.25,3,TR,TR,TR; BE; CO,BE; TR,"Tradition, Benevolence: caring"
Indian,Indian,Stability,SE ,0.25,3,SE,SE,SE; AC; BE,SE,Security: societal
Indian,Indian,to be creative,SD ,0.25,3,SD,SD,SD; AC; BE,AC; SD,"Self-direction: thought, Achievement"
Indian,Indian,Focus & Respect towards work and colleagues,CO ,0.25,3,CO,CO,CO; AC; FA,AC; BE; CO; FA,"Achievement, Face, Conformity: rules, Conformity: interpersonal, Benevolence: dependability"
Indian,Indian,Focus,AC,0.25,3,AC,SE,SE; AC; UN,,
Indian,Indian,Talented,AC,0.25,3,AC,AC,AC; SD; BE,AC; SD,"Self-direction: thought, Achievement"
Indian,Indian,Good health,SE ,0.25,3,SE,SE,SE; UN; BE,SE,Security: personal
Indian,Indian,Discipline,CO ,0.25,3,CO,CO,CO; BE; UN,BE; CO,"Conformity: rules, Benevolence: dependability"
Indian,Indian,Respect,UN ,0.25,3,UN,FA,FA; AC; UN,AC; CO; FA; UN,"Achievement, Face, Conformity: rules, Universalism: tolerance"
Indian,Indian,good earnings,PO ,0.25,3,PO,PO,PO; AC; SE,AC; PO,"Achievement, Power: resources"
Indian,Indian,Discipline,CO ,0.25,3,CO,CO,CO; BE; UN,BE; CO,"Conformity: rules, Benevolence: dependability"
Indian,Indian,Easy work,HE ,0.25,3,HE,AC,AC; BE; SD,AC; BE,"Achievement, Benevolence: caring"
Indian,Indian,Have new experiences,ST ,0.25,3,ST,SD,SD; ST; HE,AC; HE; SD; SE; ST; UN,"Self-direction: thought, Stimulation, Hedonism, Achievement, Security: personal, Universalism: tolerance"
Indian,Indian,CARRER,AC,0.25,3,AC,AC,AC; BE; CO,,
Indian,Indian,Responsible,BE ,0.25,3,BE,BE,BE; CO; PO,BE; CO,"Conformity: rules, Benevolence: dependability"
Indian,Indian,Ambition,AC,0.25,3,AC,AC,AC; SD; ST,AC; SD,"Self-direction: thought, Achievement"
Indian,Indian,Creativity,SD ,0.25,3,SD,AC,AC; SD; BE,AC; SD,"Self-direction: thought, Achievement"
Indian,Indian,Designation,AC,0.25,3,AC,AC,AC; UN; CO,AC,Achievement
Indian,Indian,One Of My Machine Was Successful,AC,0.25,3,AC,AC,AC; PO; UN,AC; PO,"Achievement, Power: resources"
Indian,Indian,Quality assurance,AC,0.25,3,AC,AC,AC; BE; UN,AC; BE; UN,"Achievement, Benevolence: dependability, Universalism: objectivity"
Indian,Indian,good salary,PO ,0.25,3,PO,PO,PO; AC; SE,AC; PO,"Achievement, Power: resources"
Indian,Indian,Motivation,AC,0.25,3,AC,AC,AC; BE; UN,AC,Achievement
Indian,Indian,Authority,PO ,0.25,3,PO,AC,AC; BE; SD,AC; BE; SD; UN,"Self-direction: thought, Achievement, Benevolence: caring, Universalism: objectivity"
Indian,Indian,contribution in company,BE ,0.25,3,BE,AC,AC; FA; PO,AC; FA; PO,"Achievement, Power: dominance, Power: resources, Face"
Indian,Indian,sincerity,BE ,0.25,3,BE,BE,BE; SE; AC,BE; SE,"Security: personal, Benevolence: caring"
Indian,Indian,Market Organization,AC,0.25,3,AC,AC,AC; CO; PO,AC; CO,"Achievement, Conformity: rules"
Indian,Indian,Focus,AC,0.25,3,AC,SE,SE; AC; UN,,
Indian,Indian,A good financial payment must be there to be given to me,PO ,0.25,3,PO,PO,PO; AC; SE,AC; PO; SE,"Achievement, Power: resources, Security: personal"
Indian,Indian,obedient,CO ,0.25,3,CO,CO,CO; BE; TR,BE; CO,"Conformity: rules, Benevolence: dependability"
Indian,Indian,Securing my family,SE ,0.25,3,SE,BE,BE; SE; TR,BE; SE,"Security: personal, Security: societal, Benevolence: caring"
Indian,Indian,Promotion on half yearly basis,AC,0.25,3,AC,UN,UN; PO; AC,AC; PO; UN,"Achievement, Power: resources, Universalism: objectivity"
Indian,Indian,Creative mind,SD ,0.25,3,SD,SD,SD; AC; UN,AC; SD,"Self-direction: thought, Achievement"
Indian,Indian,I would have fun to do my job,HE ,0.25,3,HE,HE,HE; ST; SD,AC; HE; SD; ST,"Self-direction: thought, Self-direction: action, Stimulation, Hedonism, Achievement"
Indian,Indian,Acceptance of my job and honoring my seniors and mates,CO ,0.25,3,CO,FA,FA; CO; AC,AC; BE; CO; FA; UN,"Achievement, Face, Conformity: interpersonal, Benevolence: dependability, Universalism: concern"
Indian,Indian,Marketing,AC,0.25,3,AC,AC,AC; PO; FA,AC; PO,"Achievement, Power: dominance"
Indian,Indian,Earn money,PO ,0.25,3,PO,PO,PO; AC; SE,AC; PO,"Achievement, Power: resources"
Indian,Indian,concentration,AC,0.25,3,AC,UN,UN; SE; AC,AC; SE; UN,"Achievement, Security: personal, Universalism: objectivity"
Indian,Indian,Success,AC,0.25,3,AC,AC,AC; BE; CO,,
Indian,Indian,To work with our full concentration and it will help me to achieve my goals,AC,0.25,3,AC,AC,AC; SD; ST,AC; SD,"Self-direction: thought, Achievement"
Indian,Indian,Focus,AC,0.25,3,AC,SE,SE; AC; UN,,
Indian,Indian,To get awareness of the task given to me.,AC,0.25,3,AC,AC,AC; CO; BE,AC; BE; CO; FA,"Achievement, Face, Conformity: rules, Benevolence: dependability"
Indian,Indian,Honest,BE ,0.25,3,BE,AC,AC; SE; BE,,
Indian,Indian,Chance of growth,AC,0.25,3,AC,UN,UN; AC; BE,UN,"Universalism: nature, Universalism: objectivity"
Indian,Indian,Loyal,BE ,0.25,3,BE,BE,BE; SE; TR,,
Indian,Indian,Hard working,AC,0.25,3,AC,AC,AC; PO; FA,AC; PO,"Achievement, Power: resources"
Indian,Indian,Focus,AC,0.25,3,AC,SE,SE; AC; UN,,
Indian,Indian,authenticity,BE ,0.25,3,BE,BE,BE; UN; AC,BE; UN,"Benevolence: caring, Universalism: objectivity"
Indian,Indian,My main goals are be faithful to my work and company. Have self respect,BE ,0.25,3,BE,FA,FA; AC; BE,AC; BE; CO; FA; PO,"Achievement, Power: resources, Face, Conformity: rules, Conformity: interpersonal, Benevolence: dependability"
Indian,Indian,Equality,UN ,0.25,3,UN,SE,SE; UN; TR,SE,Security: personal
Indian,Indian,Sanctioning hr. benefits to the employees,PO ,0.25,3,PO,UN,UN; SE; PO,PO; SE; UN,"Power: resources, Security: personal, Universalism: concern"
Indian,Indian,Respect,UN ,0.25,3,UN,FA,FA; AC; UN,AC; CO; FA; UN,"Achievement, Face, Conformity: rules, Universalism: tolerance"
Indian,Indian,Understanding,UN ,0.25,3,UN,AC,AC; SE; UN,,
Indian,Indian,Dedication,BE ,0.25,3,BE,BE,BE; AC; CO,BE,Benevolence: caring
Indian,Indian,Attain a leadership role,PO ,0.25,3,PO,AC,AC; PO; FA,AC; FA; PO,"Achievement, Power: dominance, Face"
Indian,Indian,Family security,SE ,0.25,3,SE,BE,BE; SE; SD,BE; SE,"Security: personal, Security: societal, Benevolence: caring"
Indian,Indian,Don't depend on others,SD ,0.25,3,SD,SD,SD; BE; SE,BE; SD; SE,"Self-direction: action, Security: personal, Benevolence: caring, Benevolence: dependability"
Indian,Indian,Time management,AC,0.25,3,AC,AC,AC; CO; BE,AC; BE; CO,"Achievement, Conformity: rules, Benevolence: caring"
Indian,Indian,Honesty,BE ,0.25,3,BE,BE,BE; CO; UN,BE; CO; UN,"Conformity: rules, Benevolence: caring, Benevolence: dependability, Universalism: objectivity"
Indian,Indian,Maximum result,AC,0.25,3,AC,AC,AC; UN; BE,AC; UN,"Achievement, Universalism: objectivity"
Indian,Indian,Or an ethical hacker,UN ,0.25,3,UN,AC,AC; BE; UN,AC; BE,"Achievement, Benevolence: dependability"
Indian,Indian,House,SE ,0.25,3,SE,CO,CO; BE; SE,BE; CO,"Conformity: rules, Benevolence: caring"
Indian,Indian,Equality,UN ,0.25,3,UN,SE,SE; UN; TR,SE,Security: personal
Indian,Indian,earning money,PO ,0.25,3,PO,PO,PO; AC; SE,AC; PO,"Achievement, Power: resources"
Indian,Indian,To Earn money or status,AC,0.25,3,AC,PO,PO; AC; SD,AC; PO,"Achievement, Power: resources"
Indian,Indian,Successful,AC,0.25,3,AC,AC,AC; CO; BE,AC,Achievement
Indian,Indian,I focus on my target and way to achieve it,AC,0.25,3,AC,AC,AC; SD; ST,AC; SD,"Self-direction: thought, Achievement"
Indian,Indian,creative,SD ,0.25,3,SD,AC,AC; SD; UN,AC; SD,"Self-direction: thought, Achievement"
Indian,Indian,Discipline in deadlines,CO ,0.25,3,CO,AC,AC; CO; BE,AC; BE; CO,"Achievement, Conformity: rules, Benevolence: dependability"
Indian,Indian,Freedom,SD ,0.25,3,SD,SD,SD; UN; AC,,
Indian,Indian,Ambitious,AC,0.25,3,AC,AC,AC; SD; ST,AC,Achievement
Indian,Indian,I have to list the products on e-commerce companies,AC,0.25,3,AC,AC,AC; UN; SD,AC; SD; UN,"Self-direction: action, Achievement, Universalism: objectivity"
Indian,Indian,Family Security,SE ,0.25,3,SE,BE,BE; SE; CO,BE; SE,"Security: personal, Benevolence: caring"
Indian,Indian,Honesty,BE ,0.25,3,BE,BE,BE; CO; UN,BE; CO; UN,"Conformity: rules, Benevolence: caring, Benevolence: dependability, Universalism: objectivity"
Indian,Indian,Do work with ethics,UN ,0.25,3,UN,CO,CO; BE; AC,AC; BE; CO,"Achievement, Conformity: rules, Benevolence: caring, Benevolence: dependability"
Indian,Indian,Respect my seniors,CO ,0.25,3,CO,CO,CO; AC; FA,AC; CO; FA; TR,"Achievement, Face, Tradition, Conformity: rules, Conformity: interpersonal"
Indian,Indian,Efficiency,AC,0.25,3,AC,AC,AC; UN; SE,AC; UN,"Achievement, Universalism: nature, Universalism: objectivity"
Indian,Indian,Perception,AC,0.25,3,AC,UN,UN; SD; SE,,
Indian,Indian,come to office on time,AC,0.25,3,AC,AC,AC; BE; CO,AC; BE; CO,"Achievement, Conformity: rules, Benevolence: dependability"
Indian,Indian,helping others,BE ,0.25,3,BE,BE,BE; AC; SE,AC; BE; SE; UN,"Achievement, Security: personal, Benevolence: caring, Universalism: tolerance"
Indian,Indian,Hardworking and helpful,AC,0.25,3,AC,BE,BE; AC; SE,AC; BE,"Achievement, Benevolence: caring"
Indian,Indian,Hardworking,AC,0.25,3,AC,AC,AC; PO; BE,AC; PO,"Achievement, Power: resources"
Indian,Indian,To work for profit of company,AC,0.25,3,AC,UN,UN; PO; CO,CO; PO; UN,"Power: resources, Conformity: rules, Universalism: concern"
Indian,Indian,Always be honest & Clean,BE ,0.25,3,BE,BE,BE; CO; UN,BE; CO; UN,"Conformity: rules, Benevolence: caring, Benevolence: dependability, Universalism: objectivity"
Indian,Indian,products availability,AC,0.25,3,AC,AC,AC; UN; SE,AC; SE; UN,"Achievement, Security: personal, Universalism: objectivity"
Indian,Indian,To have equality among employees.,UN ,0.25,3,UN,UN,UN; SE; AC,SE; UN,"Security: personal, Universalism: concern"
Indian,Indian,Discipline,CO ,0.25,3,CO,CO,CO; BE; UN,BE; CO,"Conformity: rules, Benevolence: dependability"
Indian,Indian,Focus,AC,0.25,3,AC,SE,SE; AC; UN,,
Indian,Indian,Success,AC,0.25,3,AC,AC,AC; BE; CO,,
Indian,Indian,Team Building,PO ,0.25,3,PO,AC,AC; BE; SE,AC,Achievement
Indian,Indian,Safety and security,SE ,0.25,3,SE,SE,SE; CO; BE,BE; CO; SE,"Security: societal, Conformity: rules, Benevolence: caring"
Indian,Indian,organized environment,SE ,0.25,3,SE,UN,UN; SE; CO,,
Indian,Indian,Improve low functioning work processes,AC,0.25,3,AC,AC,AC; BE; SE,AC; BE,"Achievement, Benevolence: caring"
Indian,Indian,Best salary package in the industry,PO ,0.25,3,PO,AC,AC; PO; SE,AC; PO,"Achievement, Power: resources"
Indian,Indian,focus,AC,0.25,3,AC,SE,SE; BE; AC,,
Indian,Indian,I want to be reliable,BE ,0.25,3,BE,BE,BE; AC; SE,AC; BE; SE,"Achievement, Security: societal, Benevolence: caring, Benevolence: dependability"
Indian,Indian,Enhance performance of machine material and manpower,AC,0.25,3,AC,AC,AC; BE; PO,AC,Achievement
Indian,Indian,Security,SE ,0.25,3,SE,SE,SE; CO; BE,SE,Security: societal
Indian,Indian,creative and think out of the box,SD ,0.25,3,SD,SD,SD; AC; ST,AC; SD; ST,"Self-direction: thought, Stimulation, Achievement"
Indian,Indian,Sales booking. We have target for billing to be done against our order booking.,AC,0.25,3,AC,AC,AC; PO; UN,AC; BE; PO; UN,"Achievement, Power: resources, Benevolence: dependability, Universalism: objectivity"
Indian,Indian,daily task in time,AC,0.25,3,AC,AC,AC; CO; BE,AC; BE; CO,"Achievement, Conformity: rules, Benevolence: dependability"
Indian,Indian,Good salary,PO ,0.25,3,PO,PO,PO; AC; SE,AC; PO; SE,"Achievement, Power: resources, Security: personal"
Indian,Indian,Self income,SD ,0.25,3,SD,PO,PO; AC; SE,AC; PO; SE,"Achievement, Power: resources, Security: personal"
Indian,Indian,honestly do your work,BE ,0.25,3,BE,AC,AC; BE; CO,AC; BE; CO,"Achievement, Conformity: rules, Benevolence: caring, Benevolence: dependability"
Indian,Indian,stability,SE ,0.25,3,SE,SE,SE; CO; BE,CO; SE,"Security: personal, Security: societal, Conformity: rules"
Indian,Indian,Helpful,BE ,0.25,3,BE,BE,BE; AC; UN,AC; BE; UN,"Achievement, Benevolence: caring, Universalism: objectivity"
Indian,Indian,most successful guy,AC,0.25,3,AC,AC,AC; PO; SD,AC; PO,"Achievement, Power: resources"
Indian,Indian,SECURITY,SE ,0.25,3,SE,SE,SE; CO; SD,CO; SE,"Security: societal, Conformity: rules"
Indian,Indian,Customer satisfaction,AC,0.25,3,AC,AC,AC; BE; SD,AC; BE,"Achievement, Benevolence: caring"
Indian,Indian,Honesty,BE ,0.25,3,BE,BE,BE; CO; UN,BE; CO; UN,"Conformity: rules, Benevolence: caring, Benevolence: dependability, Universalism: objectivity"
Indian,Indian,Good experience,ST ,0.25,3,ST,AC,AC; BE; SD,AC; BE,"Achievement, Benevolence: caring"
Indian,Indian,Security,SE ,0.25,3,SE,SE,SE; CO; BE,SE,Security: societal
Indian,Indian,BEING HELPFUL,BE ,0.25,3,BE,BE,BE; AC; SE,AC; BE; SE,"Achievement, Security: personal, Benevolence: caring"
Indian,Indian,Leader,PO ,0.25,3,PO,CO,CO; AC; SE,,
Indian,Indian,Customer satisfaction,AC,0.25,3,AC,AC,AC; BE; SD,AC; BE,"Achievement, Benevolence: caring"
Indian,Indian,Be more protective,BE ,0.25,3,BE,BE,BE; SE; CO,BE; SE,"Security: societal, Benevolence: caring"
Indian,Indian,I want to make it a brand in future,AC,0.25,3,AC,AC,AC; FA; PO,AC; FA; PO; SD,"Self-direction: thought, Achievement, Power: dominance, Face"
Indian,Indian,Achievements,AC,0.25,3,AC,AC,AC; FA; ST,AC,Achievement
Indian,Indian,Salary,PO ,0.25,3,PO,PO,PO; SE; AC,AC; PO; SE,"Achievement, Power: resources, Security: personal"
Indian,Indian,Achieve goal,AC,0.25,3,AC,AC,AC; ST; SD,AC,Achievement
Indian,Indian,Try to do all the jobs with perfection,AC,0.25,3,AC,AC,AC; BE; CO,AC; BE,"Achievement, Benevolence: dependability"
Indian,Indian,improvement in position,AC,0.25,3,AC,AC,AC; HU; UN,AC,Achievement
Indian,Indian,successful,AC,0.25,3,AC,AC,AC; BE; SE,,
Indian,Indian,Motivated,AC,0.25,3,AC,AC,AC; UN; CO,AC,Achievement
Indian,Indian,Discipline,CO ,0.25,3,CO,CO,CO; BE; UN,BE; CO,"Conformity: rules, Benevolence: dependability"
Indian,Indian,Faith,TR ,0.25,3,TR,TR,TR; BE; UN,TR,Tradition
Indian,Indian,Specific curious ambitious and unique mindset,SD ,0.25,3,SD,AC,AC; SD; UN,AC; SD; ST; UN,"Self-direction: thought, Stimulation, Achievement, Universalism: tolerance"
Indian,Indian,Focus,AC,0.25,3,AC,SE,SE; AC; UN,,
Indian,Indian,Customer satisfaction,AC,0.25,3,AC,AC,AC; BE; SD,AC; BE,"Achievement, Benevolence: caring"
Indian,Indian,Complaint-less work,AC,0.25,3,AC,AC,AC; BE; FA,AC; BE,"Achievement, Benevolence: caring, Benevolence: dependability"
Indian,Indian,dignity,CO ,0.25,3,CO,FA,FA; HU; CO,FA; HU,"Face, Humility"
Indian,Indian,Respectable person,CO ,0.25,3,CO,AC,AC; FA; PO,AC; FA,"Achievement, Face"
Indian,Indian,Focus,AC,0.25,3,AC,SE,SE; AC; UN,,
Indian,Indian,To achieve higher position,AC,0.25,3,AC,AC,AC; FA; UN,AC,Achievement
Indian,Indian,Being confident,AC,0.25,3,AC,AC,AC; FA; UN,AC; FA; UN,"Achievement, Face, Universalism: tolerance"
Indian,Indian,Have a job that I love.,HE ,0.25,3,HE,AC,AC; SE; PO,AC; PO; SD; SE,"Self-direction: action, Achievement, Power: resources, Security: personal"
Indian,Indian,Creativity,SD ,0.25,3,SD,AC,AC; SD; BE,AC; SD,"Self-direction: thought, Achievement"
Indian,Indian,"Discipline with respect to time, respect for others.",CO ,0.25,3,CO,CO,CO; BE; AC,AC; BE; CO; TR,"Achievement, Tradition, Conformity: rules, Conformity: interpersonal, Benevolence: dependability"
Indian,Indian,Hard working,AC,0.25,3,AC,AC,AC; PO; FA,AC; PO,"Achievement, Power: resources"
Indian,Indian,money,PO ,0.25,3,PO,SE,SE; PO; CO,SE,Security: personal
Indian,Indian,Focus,AC,0.25,3,AC,SE,SE; AC; UN,,
Indian,Indian,Success,AC,0.25,3,AC,AC,AC; BE; CO,,
Indian,Indian,Focus,AC,0.25,3,AC,SE,SE; AC; UN,,
Indian,Indian,Risk taking,ST ,0.25,3,ST,BE,BE; SE; SD,BE,Benevolence: dependability
Indian,Indian,Commitment,BE ,0.25,3,BE,CO,CO; BE; AC,AC; BE; CO,"Achievement, Conformity: rules, Benevolence: dependability"
Indian,Indian,Do my work perfectly,AC,0.25,3,AC,AC,AC; BE; CO,AC,Achievement
Indian,Indian,Promotion,AC,0.25,3,AC,SE,SE; UN; AC,,
Indian,Indian,profits,PO ,0.25,3,PO,AC,AC; SE; BE,,
Indian,Indian,Freedom,SD ,0.25,3,SD,SD,SD; UN; AC,,
Indian,Indian,Responsible at work,BE ,0.25,3,BE,BE,BE; AC; CO,AC; BE; CO,"Achievement, Conformity: rules, Benevolence: dependability"
Indian,Indian,Higher salaries,PO ,0.25,3,PO,PO,PO; AC; SE,AC; PO; SE,"Achievement, Power: resources, Security: personal"
Indian,Indian,Loyal to company,BE ,0.25,3,BE,AC,AC; FA; PO,AC; FA,"Achievement, Face"
Indian,Indian,Monthly target,AC,0.25,3,AC,PO,PO; UN; BE,PO; UN,"Power: resources, Universalism: objectivity"
Indian,Indian,Perseverance,AC,0.25,3,AC,AC,AC; BE; SD,AC; BE; SD,"Self-direction: thought, Achievement, Benevolence: caring"
Indian,Indian,Innovation,ST ,0.25,3,ST,AC,AC; SD; UN,AC; SD,"Self-direction: thought, Achievement"
Indian,Indian,Productive and satisfaction,AC,0.25,3,AC,HE,HE; BE; SE,BE; HE,"Hedonism, Benevolence: caring"
Indian,Indian,To be at high position,PO ,0.25,3,PO,AC,AC; UN; FA,AC; UN,"Achievement, Universalism: concern"
Indian,Indian,Low loss percentage,AC,0.25,3,AC,AC,AC; PO; UN,AC,Achievement
Indian,Indian,I have goal to purchase new car,HE ,0.25,3,HE,AC,AC; ST; SD,AC; SD; ST,"Self-direction: action, Stimulation, Achievement"
Indian,Indian,Great job,AC,0.25,3,AC,AC,AC; BE; SE,AC; BE,"Achievement, Benevolence: caring"
Indian,Indian,Promoting peace,UN ,0.25,3,UN,UN,UN; SE; BE,SE; UN,"Security: societal, Universalism: concern, Universalism: tolerance"
Indian,Indian,Promotion,AC,0.25,3,AC,SE,SE; UN; AC,,
Indian,Indian,Responsibility,BE ,0.25,3,BE,BE,BE; CO; AC,BE; CO,"Conformity: rules, Benevolence: caring, Benevolence: dependability"
Indian,Indian,Power,PO ,0.25,3,PO,AC,AC; CO; BE,AC,Achievement
Indian,Indian,Creative,SD ,0.25,3,SD,AC,AC; SD; UN,AC; SD,"Self-direction: thought, Achievement"
Indian,Indian,Making profit for the organization,AC,0.25,3,AC,PO,PO; AC; UN,AC; PO,"Achievement, Power: resources"
Indian,Indian,Trust,BE ,0.25,3,BE,AC,AC; BE; SE,,
Indian,Indian,family safety,SE ,0.25,3,SE,SE,SE; BE; CO,BE; SE,"Security: personal, Security: societal, Benevolence: caring"
Indian,Indian,Learning new things,AC,0.25,3,AC,SD,SD; AC; ST,AC; SD; ST,"Self-direction: thought, Stimulation, Achievement"
Indian,Indian,Employee health and safety,SE ,0.25,3,SE,SE,SE; CO; UN,CO; SE,"Security: personal, Conformity: rules"
Indian,Indian,Increase our quality day by day,AC,0.25,3,AC,SE,SE; BE; AC,AC; BE; SE,"Achievement, Security: personal, Benevolence: caring"
Indian,Indian,Quality work,AC,0.25,3,AC,AC,AC; BE; PO,AC,Achievement
Indian,Indian,Pleasure of doing work,HE ,0.25,3,HE,AC,AC; HE; SD,AC; HE; SD; ST,"Self-direction: thought, Self-direction: action, Stimulation, Hedonism, Achievement"
Indian,Indian,Respect for me and my work,CO ,0.25,3,CO,AC,AC; FA; PO,AC; FA,"Achievement, Face"
Indian,Indian,Ambitious,AC,0.25,3,AC,AC,AC; SD; ST,AC,Achievement
Indian,Indian,Good business manner,BE ,0.25,3,BE,AC,AC; CO; PO,AC; BE; CO; PO,"Achievement, Power: dominance, Power: resources, Conformity: rules, Conformity: interpersonal, Benevolence: caring, Benevolence: dependability"
Indian,Indian,"Process, performance, outcome goals",AC,0.25,3,AC,AC,AC; UN; CO,AC; UN,"Achievement, Universalism: objectivity"
Indian,Indian,Recognition,AC,0.25,3,AC,AC,AC; FA; BE,AC; FA,"Achievement, Face"
Indian,Indian,Focus,AC,0.25,3,AC,SE,SE; AC; UN,,
Indian,Indian,Ambitious,AC,0.25,3,AC,AC,AC; SD; ST,AC,Achievement
Indian,Indian,safety of all employees,SE ,0.25,3,SE,SE,SE; CO; BE,CO; SE,"Security: personal, Security: societal, Conformity: rules"
Indian,Indian,Success,AC,0.25,3,AC,AC,AC; BE; CO,,
Indian,Indian,capable,AC,0.25,3,AC,AC,AC; BE; UN,AC,Achievement
Indian,Indian,Confidence,SE ,0.25,3,SE,AC,AC; SE; UN,AC; SE,"Achievement, Security: personal"
Indian,Indian,Accuracy,AC,0.25,3,AC,UN,UN; AC; BE,AC; BE; UN,"Achievement, Benevolence: caring, Universalism: objectivity"
Indian,Indian,To become a best employee.,AC,0.25,3,AC,AC,AC; FA; BE,AC; FA,"Achievement, Face"
Indian,Indian,Food service,AC,0.25,3,AC,SE,SE; CO; BE,SE,Security: personal
Indian,Indian,To protect the environment,UN ,0.25,3,UN,UN,UN; BE; AC,UN,Universalism: nature
Indian,Indian,be honest and responsible to authority,CO ,0.25,3,CO,BE,BE; CO; AC,AC; BE; CO,"Achievement, Conformity: rules, Benevolence: caring, Benevolence: dependability"
Indian,Indian,Follow of government rules,CO ,0.25,3,CO,CO,CO; BE; PO,BE; CO,"Conformity: rules, Benevolence: dependability"
Indian,Indian,RESPECT,UN ,0.25,3,UN,CO,CO; UN; FA,CO; UN,"Conformity: rules, Universalism: objectivity"
Indian,Indian,Honest,BE ,0.25,3,BE,AC,AC; SE; BE,,
Indian,Indian,Always active,AC,0.25,3,AC,ST,ST; HE; SE,HE; SE; ST,"Stimulation, Hedonism, Security: personal"
Indian,Indian,Improve your work-life balance.,HE ,0.25,3,HE,SE,SE; BE; AC,AC; BE; SD; SE,"Self-direction: action, Achievement, Security: personal, Benevolence: caring"
Indian,Indian,Quality management,SE ,0.25,3,SE,AC,AC; PO; BE,AC,Achievement
Indian,Indian,Helpful,BE ,0.25,3,BE,BE,BE; AC; UN,AC; BE; UN,"Achievement, Benevolence: caring, Universalism: objectivity"
Indian,Indian,To be respected,CO ,0.25,3,CO,FA,FA; AC; PO,AC; CO; FA; PO; UN,"Achievement, Power: dominance, Face, Conformity: rules, Conformity: interpersonal, Universalism: tolerance"
Indian,Indian,Never give up,AC,0.25,3,AC,AC,AC; BE; SD,AC; BE,"Achievement, Benevolence: caring"
Indian,Indian,Loyal,BE ,0.25,3,BE,BE,BE; SE; TR,,
Indian,Indian,Job Security,SE ,0.25,3,SE,SE,SE; AC; PO,AC; SE,"Achievement, Security: personal"
Indian,Indian,Being loyal at work,BE ,0.25,3,BE,AC,AC; BE; FA,AC; BE; FA,"Achievement, Face, Benevolence: caring, Benevolence: dependability"
Indian,Indian,Creativity,SD ,0.25,3,SD,AC,AC; SD; BE,AC; SD,"Self-direction: thought, Achievement"
Indian,Indian,you should be loyal to your organization,BE ,0.25,3,BE,FA,FA; AC; BE,AC; BE; FA,"Achievement, Face, Benevolence: caring, Benevolence: dependability"
Indian,Indian,I wish to own an Audi A6,PO ,0.25,3,PO,SD,SD; AC; ST,AC; BE; SD; ST,"Self-direction: action, Stimulation, Achievement, Benevolence: caring"
Indian,Indian,Respect,UN ,0.25,3,UN,FA,FA; AC; UN,AC; CO; FA; UN,"Achievement, Face, Conformity: rules, Universalism: tolerance"
Indian,Indian,Completed our goal with 100 % accuracy,AC,0.25,3,AC,AC,AC; UN; BE,AC; BE; UN,"Achievement, Benevolence: caring, Universalism: objectivity"
Indian,Indian,An opportunity for making a self decision in my duty,SD ,0.25,3,SD,SD,SD; BE; UN,SD,"Self-direction: thought, Self-direction: action"
Indian,Indian,Freedom to work,SD ,0.25,3,SD,SD,SD; AC; PO,AC; SD,"Self-direction: thought, Self-direction: action, Achievement"
Indian,Indian,To earn money,PO ,0.25,3,PO,PO,PO; AC; SD,AC; PO,"Achievement, Power: resources"
Indian,Indian,Dedication,BE ,0.25,3,BE,BE,BE; AC; CO,BE,Benevolence: caring
Indian,Indian,To take the organization on the top with the help of employees,AC,0.25,3,AC,AC,AC; PO; FA,AC; PO,"Achievement, Power: dominance, Power: resources"
Indian,Indian,Play a vital role in the upliftment of the organization,AC,0.25,3,AC,AC,AC; SE; BE,AC; BE; FA; SE; UN,"Achievement, Face, Security: personal, Benevolence: caring, Universalism: concern"
Indian,Indian,speak up to increase visibility,UN ,0.25,3,UN,FA,FA; AC; SE,AC; FA,"Achievement, Face"
Indian,Indian,earn more incentives,PO ,0.25,3,PO,AC,AC; CO; FA,AC; CO; FA,"Achievement, Face, Conformity: rules"
Indian,Indian,Confidence,SE ,0.25,3,SE,AC,AC; SE; UN,AC; SE,"Achievement, Security: personal"
Indian,Indian,The work should be error free.,AC,0.25,3,AC,AC,AC; UN; BE,AC; BE; UN,"Achievement, Benevolence: caring, Universalism: objectivity"
Indian,Indian,Dignity,CO ,0.25,3,CO,FA,FA; HU; CO,FA; HU,"Face, Humility"
Indian,Indian,Success,AC,0.25,3,AC,AC,AC; BE; CO,,
Indian,Indian,Determination,AC,0.25,3,AC,UN,UN; AC; BE,AC; UN,"Achievement, Universalism: objectivity"
Indian,Indian,Learn the new way of analyzing data,AC,0.25,3,AC,AC,AC; UN; SD,AC; SD; UN,"Self-direction: thought, Achievement, Universalism: objectivity"
Indian,Indian,To become an honest employee at work,BE ,0.25,3,BE,CO,CO; BE; UN,BE; CO; UN,"Conformity: rules, Benevolence: caring, Benevolence: dependability, Universalism: concern"
Indian,Indian,To improve knowledge,AC,0.25,3,AC,AC,AC; SD; BE,AC; BE; SD; UN,"Self-direction: thought, Achievement, Benevolence: caring, Universalism: objectivity"
Indian,Indian,Efficiency,AC,0.25,3,AC,AC,AC; UN; SE,AC; UN,"Achievement, Universalism: nature, Universalism: objectivity"
Indian,Indian,Challenging and interesting situation,ST ,0.25,3,ST,SD,SD; AC; ST,AC; SD; ST; UN,"Self-direction: thought, Stimulation, Achievement, Universalism: tolerance"
Indian,Indian,Multitasking,AC,0.25,3,AC,AC,AC; BE; UN,AC,Achievement
Indian,Indian,Make world better,UN ,0.25,3,UN,BE,BE; UN; AC,AC; BE; UN,"Achievement, Benevolence: caring, Universalism: nature"
Indian,Indian,Become good engineer,AC,0.25,3,AC,AC,AC; SD; UN,AC; SD,"Self-direction: thought, Achievement"
Indian,Indian,Focus,AC,0.25,3,AC,SE,SE; AC; UN,,
Indian,Indian,Work culture,SE ,0.25,3,SE,AC,AC; SE; PO,AC; SE,"Achievement, Security: personal"
Indian,Indian,Recognition,AC,0.25,3,AC,AC,AC; FA; BE,AC; FA,"Achievement, Face"
Indian,Indian,Challenging yet satisfying,ST ,0.25,3,ST,AC,AC; SD; ST,AC; HE; SD; ST,"Self-direction: thought, Stimulation, Hedonism, Achievement"
Indian,Indian,Establishment,SE ,0.25,3,SE,AC,AC; CO; SE,AC,Achievement
Indian,Indian,Hard working,AC,0.25,3,AC,AC,AC; PO; FA,AC; PO,"Achievement, Power: resources"
Indian,Indian,Believe in myself,AC,0.25,3,AC,AC,AC; SD; ST,AC; SD; ST,"Self-direction: thought, Self-direction: action, Stimulation, Achievement"
Indian,Indian,BEST WORKING HOURS,HE ,0.25,3,HE,AC,AC; SD; SE,AC; SD; SE,"Self-direction: action, Achievement, Security: personal"
Indian,Indian,Freedom,SD ,0.25,3,SD,SD,SD; UN; AC,,
Indian,Indian,Pursue my level ii certificate,AC,0.25,3,AC,AC,AC; SD; BE,AC; SD,"Self-direction: thought, Achievement"
Indian,Indian,Work honestly,BE ,0.25,3,BE,AC,AC; BE; FA,AC,Achievement
Indian,Indian,Also I want to ensure company's products quality is good,AC,0.25,3,AC,AC,AC; BE; FA,AC; BE; FA,"Achievement, Face, Benevolence: dependability"
Indian,Indian,Honest,BE ,0.25,3,BE,AC,AC; SE; BE,,
Indian,Indian,achieving job safety,SE ,0.25,3,SE,AC,AC; FA; ST,AC,Achievement
Indian,Indian,Mutual trust.,BE ,0.25,3,BE,BE,BE; SE; CO,BE; SE,"Security: personal, Benevolence: caring"
Indian,Indian,become department head,AC,0.25,3,AC,AC,AC; PO; SD,AC; PO,"Achievement, Power: dominance"
Indian,Indian,AMBITIOUS,AC,0.25,3,AC,SE,SE; UN; SD,SE,Security: personal
Indian,Indian,Contribute towards the growth of the organization and the efficiency of the task,AC,0.25,3,AC,AC,AC; PO; SD,AC; PO; SD,"Self-direction: thought, Achievement, Power: resources"
Indian,Indian,Providing quality services to customers through backend/operation team,AC,0.25,3,AC,AC,AC; BE; PO,AC; BE,"Achievement, Benevolence: caring"
Indian,Indian,Customer satisfaction beyond expectations,AC,0.25,3,AC,AC,AC; BE; FA,AC; BE; FA; HE; SD,"Self-direction: action, Hedonism, Achievement, Face, Benevolence: caring"
Indian,Indian,I need a luxury home,HE ,0.25,3,HE,SD,SD; PO; ST,PO; SD; ST,"Self-direction: action, Stimulation, Power: resources"
Indian,Indian,Innovation,ST ,0.25,3,ST,AC,AC; SD; UN,AC; SD,"Self-direction: thought, Achievement"
Indian,Indian,Revenue generations,AC,0.25,3,AC,PO,PO; AC; SE,AC; PO,"Achievement, Power: resources"
Indian,Indian,Maintain employees efficacy,PO ,0.25,3,PO,AC,AC; SE; CO,AC; CO; FA; SE,"Achievement, Face, Security: personal, Conformity: rules"
Indian,Indian,perfect wages,PO ,0.25,3,PO,PO,PO; AC; SE,AC; PO; SE,"Achievement, Power: resources, Security: personal"
Indian,Indian,Employee Benefits,PO ,0.25,3,PO,SE,SE; UN; PO,PO; SE; UN,"Power: resources, Security: personal, Universalism: concern"
Indian,Indian,Salary is good,PO ,0.25,3,PO,PO,PO; AC; SE,AC; PO; SE,"Achievement, Power: resources, Security: personal"
Indian,Indian,To attain a leadership role.,PO ,0.25,3,PO,AC,AC; FA; PO,AC; FA; PO; ST,"Stimulation, Achievement, Power: dominance, Face"
Indian,Indian,Delegation of work and follow up,PO ,0.25,3,PO,AC,AC; BE; PO,AC; BE,"Achievement, Benevolence: caring, Benevolence: dependability"
Indian,Indian,Equality,UN ,0.25,3,UN,SE,SE; UN; TR,SE,Security: personal
Indian,Indian,Increased Salary offering,PO ,0.25,3,PO,PO,PO; AC; SE,AC; PO,"Achievement, Power: resources"
Indian,Indian,"Honest, Sincere, and grateful to the organization",BE ,0.25,3,BE,BE,BE; AC; FA,AC; BE; CO; FA; PO,"Achievement, Power: resources, Face, Conformity: rules, Conformity: interpersonal, Benevolence: caring, Benevolence: dependability"
Indian,Indian,Success,AC,0.25,3,AC,AC,AC; BE; CO,,
Indian,Indian,Second goal is promoted to a higher post and better salary.,PO ,0.25,3,PO,AC,AC; PO; FA,AC; FA; PO,"Achievement, Power: resources, Face"
Indian,Indian,I should create a magic in my work and always try to be one step ahead of everyone,AC,0.25,3,AC,AC,AC; SD; ST,AC; SD; ST,"Self-direction: thought, Stimulation, Achievement"
Indian,Indian,Achievement,AC,0.25,3,AC,AC,AC; FA; ST,AC,Achievement
Indian,Indian,Respect for everyone and their work.,UN ,0.25,3,UN,AC,AC; FA; SD,AC; FA; SD,"Self-direction: thought, Achievement, Face"
Indian,Indian,Equality,UN ,0.25,3,UN,SE,SE; UN; TR,SE,Security: personal
Indian,Indian,company reputation,PO ,0.25,3,PO,AC,AC; FA; UN,AC; FA,"Achievement, Face"
Indian,Indian,Pursuing many leads at a time so that I had many full length news features everyday,AC,0.25,3,AC,AC,AC; SD; UN,AC; SD; UN,"Self-direction: thought, Achievement, Universalism: objectivity"
Indian,Indian,I want to finish or complete my given work on that day,AC,0.25,3,AC,AC,AC; BE; SD,AC; BE,"Achievement, Benevolence: dependability"
Indian,Indian,Contribute to something people use,BE ,0.25,3,BE,AC,AC; SD; BE,AC; BE; SD; UN,"Self-direction: thought, Achievement, Benevolence: caring, Universalism: objectivity"
Indian,Indian,EQUALITY,UN ,0.25,3,UN,UN,UN; AC; HU,AC; UN,"Achievement, Universalism: concern, Universalism: objectivity"
Indian,Indian,To have a nice salary.,PO ,0.25,3,PO,PO,PO; AC; SE,AC; PO; SE,"Achievement, Power: resources, Security: personal"
Indian,Indian,Protect long term interests & security.,SE ,0.25,3,SE,SE,SE; PO; BE,PO; SE,"Power: resources, Security: personal, Security: societal"
Indian,Indian,Welfare of subordinates,SE ,0.25,3,SE,BE,BE; UN; CO,BE; CO; UN,"Conformity: rules, Benevolence: caring, Universalism: concern"
Indian,Indian,Good service,AC,0.25,3,AC,AC,AC; BE; SD,AC; BE,"Achievement, Benevolence: caring"
Indian,Indian,provide the best,AC,0.25,3,AC,AC,AC; BE; UN,AC; BE,"Achievement, Benevolence: caring"
Indian,Indian,Innovation,ST ,0.25,3,ST,AC,AC; SD; UN,AC; SD,"Self-direction: thought, Achievement"
Indian,Indian,To work honestly,BE ,0.25,3,BE,AC,AC; BE; CO,AC; BE; CO,"Achievement, Conformity: rules, Benevolence: caring, Benevolence: dependability"
Indian,Indian,Helping in decision making in the interest of company.,AC,0.25,3,AC,AC,AC; PO; BE,AC; BE; PO,"Achievement, Power: dominance, Benevolence: caring, Benevolence: dependability"
Indian,Indian,Faithfulness,TR ,0.25,3,TR,TR,TR; BE; CO,BE; TR,"Tradition, Benevolence: caring"
Indian,Indian,Appreciating at least one junior,BE ,0.25,3,BE,FA,FA; AC; BE,AC; BE; FA,"Achievement, Face, Benevolence: caring"
Indian,Indian,Customer Centric,AC,0.25,3,AC,AC,AC; BE; SD,AC; BE; SD,"Self-direction: action, Achievement, Benevolence: caring"
Indian,Indian,Brand for yourself in the industry,AC,0.25,3,AC,AC,AC; FA; SD,AC; FA; PO; SD,"Self-direction: thought, Achievement, Power: dominance, Power: resources, Face"
Indian,Indian,To try and make a difference in the society with my work,UN ,0.25,3,UN,AC,AC; BE; UN,AC; BE; PO; SD; UN,"Self-direction: thought, Achievement, Power: dominance, Benevolence: caring, Universalism: concern, Universalism: tolerance"
Indian,Indian,Respectable and fair salary,CO ,0.25,3,CO,AC,AC; PO; UN,AC; FA; PO; UN,"Achievement, Power: resources, Face, Universalism: concern"
Indian,Indian,Financial stability,SE ,0.25,3,SE,SE,SE; PO; BE,BE; PO; SE,"Power: resources, Security: personal, Security: societal, Benevolence: caring"
Indian,Indian,Keep updated myself with contemporary technologies and tools,AC,0.25,3,AC,AC,AC; SD; UN,AC; SD; UN,"Self-direction: thought, Achievement, Universalism: objectivity"
Indian,Indian,Success,AC,0.25,3,AC,AC,AC; BE; CO,,
Indian,Indian,Trust and independence,BE ,0.25,3,BE,SD,SD; BE; FA,SD,"Self-direction: thought, Self-direction: action"
Indian,Indian,Discipline and punctuality,CO ,0.25,3,CO,CO,CO; AC; BE,AC; BE; CO,"Achievement, Conformity: rules, Benevolence: dependability"
Indian,Indian,Factory management,PO ,0.25,3,PO,AC,AC; BE; PO,AC,Achievement
Indian,Indian,To be part of decision making,AC,0.25,3,AC,BE,BE; PO; SD,AC; BE; PO; SD; UN,"Self-direction: action, Achievement, Power: dominance, Benevolence: caring, Universalism: objectivity"
Indian,Indian,Innovative,ST ,0.25,3,ST,AC,AC; SD; UN,AC; SD,"Self-direction: thought, Achievement"
Indian,Indian,Upgrade skillsets,AC,0.25,3,AC,AC,AC; SD; BE,AC; SD,"Self-direction: thought, Achievement"
Indian,Indian,Job Security,SE ,0.25,3,SE,SE,SE; AC; PO,AC; SE,"Achievement, Security: personal"
Indian,Indian,Ambition,AC,0.25,3,AC,AC,AC; SD; ST,AC; SD,"Self-direction: thought, Achievement"
Indian,Indian,Live,HE ,0.25,3,HE,SE,SE; AC; BE,,
Indian,Indian,Get respect of employer,CO ,0.25,3,CO,FA,FA; AC; CO,AC; CO; FA; PO,"Achievement, Power: dominance, Face, Conformity: rules, Conformity: interpersonal"
Indian,Indian,Job value,SE ,0.25,3,SE,AC,AC; SE; PO,AC; PO; SE,"Achievement, Power: resources, Security: personal"
Indian,Indian,Expansion,AC,0.25,3,AC,AC,AC; SE; SD,AC,Achievement
Indian,Indian,co ordinating with clients,AC,0.25,3,AC,BE,BE; AC; PO,AC; BE; CO; PO; SD,"Self-direction: action, Achievement, Power: dominance, Conformity: rules, Benevolence: caring"
Indian,Indian,Being loyal to my work,BE ,0.25,3,BE,FA,FA; AC; BE,AC; FA,"Achievement, Face"
Indian,Indian,Giving my 100%,AC,0.25,3,AC,AC,AC; BE; UN,AC; BE; UN,"Achievement, Benevolence: dependability, Universalism: objectivity"
Indian,Indian,Opportunity,AC,0.25,3,AC,AC,AC; PO; SD,AC; PO,"Achievement, Power: resources"
Indian,Indian,Benefits of it,PO ,0.25,3,PO,SE,SE; AC; BE,AC; SE,"Achievement, Security: personal"
Indian,Indian,growth,AC,0.25,3,AC,SE,SE; AC; CO,,
Indian,Indian,Development,AC,0.25,3,AC,AC,AC; SE; UN,,
Indian,Indian,Get good results,AC,0.25,3,AC,AC,AC; UN; BE,AC; UN,"Achievement, Universalism: objectivity"
Indian,Indian,Never messy,SE ,0.25,3,SE,CO,CO; UN; BE,BE; CO; HU; UN,"Conformity: rules, Humility, Benevolence: dependability, Universalism: nature"
Indian,Indian,Creativity,SD ,0.25,3,SD,AC,AC; SD; BE,AC; SD,"Self-direction: thought, Achievement"
Indian,Indian,help poor people,UN ,0.25,3,UN,UN,UN; SE; BE,BE; SE; UN,"Security: personal, Benevolence: caring, Universalism: concern"
Indian,Indian,Freedom,SD ,0.25,3,SD,SD,SD; UN; AC,,
Indian,Indian,Honest,BE ,0.25,3,BE,AC,AC; SE; BE,,
Indian,Indian,A job that I actually like,SD ,0.25,3,SD,AC,AC; SD; SE,AC; SD; SE,"Self-direction: action, Achievement, Security: personal"
Indian,Indian,Do some charity,BE ,0.25,3,BE,BE,BE; AC; SD,BE,Benevolence: caring
Indian,Indian,being hard working at work.,AC,0.25,3,AC,AC,AC; PO; SD,AC; PO,"Achievement, Power: resources"
Indian,Indian,Success,AC,0.25,3,AC,AC,AC; BE; CO,,
Indian,Indian,I want to become CEO of my company,PO ,0.25,3,PO,AC,AC; PO; SD,AC; PO,"Achievement, Power: dominance, Power: resources"
Indian,Indian,Stability,SE ,0.25,3,SE,SE,SE; AC; BE,SE,Security: societal
Indian,Indian,kindness,CO ,0.25,3,CO,BE,BE; UN; CO,BE; UN,"Benevolence: caring, Universalism: tolerance"
Indian,Indian,To be active,AC,0.25,3,AC,SE,SE; ST; AC,AC; SE; ST,"Stimulation, Achievement, Security: personal"
Indian,Indian,I am always Disciplined with my work,CO ,0.25,3,CO,CO,CO; AC; BE,AC; BE; CO,"Achievement, Conformity: rules, Benevolence: dependability"
Indian,Indian,Done good work,AC,0.25,3,AC,AC,AC; BE; FA,AC,Achievement
Indian,Indian,family safety,SE ,0.25,3,SE,SE,SE; BE; CO,BE; SE,"Security: personal, Security: societal, Benevolence: caring"
Indian,Indian,And wisdom,UN ,0.25,3,UN,AC,AC; SD; BE,AC; BE; SD,"Self-direction: thought, Achievement, Benevolence: caring"
Indian,Indian,Be financially stable,SE ,0.25,3,SE,SE,SE; PO; BE,PO; SE,"Power: resources, Security: personal, Security: societal"
Indian,Indian,Performance,AC,0.25,3,AC,AC,AC; BE; SE,AC,Achievement
Indian,Indian,Fixing the problems for better outcome,AC,0.25,3,AC,AC,AC; BE; SE,AC; BE; SE; UN,"Achievement, Security: societal, Benevolence: caring, Universalism: objectivity"
Indian,Indian,make it respectful in society,CO ,0.25,3,CO,CO,CO; TR; FA,CO; FA; HU; TR,"Face, Tradition, Conformity: rules, Conformity: interpersonal, Humility"
Indian,Indian,To prove that I can lead,AC,0.25,3,AC,AC,AC; PO; SE,AC; PO; SE,"Achievement, Power: dominance, Security: societal"
Indian,Indian,Be faithful,BE ,0.25,3,BE,BE,BE; TR; CO,BE; CO; TR,"Tradition, Conformity: rules, Benevolence: caring"
Indian,Indian,Access right things,AC,0.25,3,AC,BE,BE; UN; CO,BE,Benevolence: caring
Indian,Indian,Innovator,ST ,0.25,3,ST,AC,AC; SD; UN,AC; SD,"Self-direction: thought, Achievement"
Indian,Indian,BE THE BEST AT WORK,AC,0.25,3,AC,AC,AC; FA; PO,AC; FA,"Achievement, Face"
Indian,Indian,Bonus,PO ,0.25,3,PO,AC,AC; SE; BE,,
Indian,Indian,Promotion,AC,0.25,3,AC,SE,SE; UN; AC,,
Indian,Indian,Success,AC,0.25,3,AC,AC,AC; BE; CO,,
Indian,Indian,To being regular,CO ,0.25,3,CO,SE,SE; CO; UN,CO; SE,"Security: personal, Conformity: rules"
Indian,Indian,enjoy and happy when working,HE ,0.25,3,HE,AC,AC; HE; SE,AC; BE; HE; SD; SE; ST,"Self-direction: action, Stimulation, Hedonism, Achievement, Security: personal, Benevolence: caring"
Indian,Indian,Security,SE ,0.25,3,SE,SE,SE; CO; BE,SE,Security: societal
Indian,Indian,TO ACHIEVE THE GIFTS AND REWARDS FROM COMPANY,PO ,0.25,3,PO,AC,AC; PO; FA,AC; FA; PO; SD,"Self-direction: action, Achievement, Power: resources, Face"
Indian,Indian,dedication,BE ,0.25,3,BE,BE,BE; CO; AC,BE,Benevolence: caring
Indian,Indian,Hard work,AC,0.25,3,AC,AC,AC; SD; PO,AC,Achievement
Indian,Indian,Discipline,CO ,0.25,3,CO,CO,CO; BE; UN,BE; CO,"Conformity: rules, Benevolence: dependability"
Indian,Indian,Honesty,BE ,0.25,3,BE,BE,BE; CO; UN,BE; CO; UN,"Conformity: rules, Benevolence: caring, Benevolence: dependability, Universalism: objectivity"
Indian,Indian,Helpful,BE ,0.25,3,BE,BE,BE; AC; UN,AC; BE; UN,"Achievement, Benevolence: caring, Universalism: objectivity"
Indian,Indian,outcome,AC,0.25,3,AC,UN,UN; AC; BE,AC; UN,"Achievement, Universalism: objectivity"
Indian,Indian,devoted to my work,BE ,0.25,3,BE,AC,AC; SD; ST,AC; SD,"Self-direction: thought, Achievement"
Indian,Indian,To get the house of my dream,HE ,0.25,3,HE,SD,SD; BE; ST,BE; SD; ST,"Self-direction: action, Stimulation, Benevolence: caring"
Indian,Indian,Scientist,AC,0.25,3,AC,AC,AC; SD; UN,AC; SD; UN,"Self-direction: thought, Achievement, Universalism: objectivity"
Indian,Indian,Responsible,BE ,0.25,3,BE,BE,BE; CO; PO,BE; CO,"Conformity: rules, Benevolence: dependability"
Indian,Indian,Assurance,SE ,0.25,3,SE,BE,BE; SE; CO,BE; SE,"Security: personal, Security: societal, Benevolence: caring, Benevolence: dependability"
Indian,Indian,Hardworking,AC,0.25,3,AC,AC,AC; PO; BE,AC; PO,"Achievement, Power: resources"
Indian,Indian,Hardworking,AC,0.25,3,AC,AC,AC; PO; BE,AC; PO,"Achievement, Power: resources"
Indian,Indian,Hardworking,AC,0.25,3,AC,AC,AC; PO; BE,AC; PO,"Achievement, Power: resources"
Indian,Indian,Hardworking,AC,0.25,3,AC,AC,AC; PO; BE,AC; PO,"Achievement, Power: resources"
Indian,Indian,Hardworking,AC,0.25,3,AC,AC,AC; PO; BE,AC; PO,"Achievement, Power: resources"
Indian,Indian,Hardworking,AC,0.25,3,AC,AC,AC; PO; BE,AC; PO,"Achievement, Power: resources"
Indian,Indian,Motivating,AC,0.25,3,AC,AC,AC; SD; HE,AC; SD,"Self-direction: thought, Achievement"
Indian,Indian,Trust,BE ,0.25,3,BE,AC,AC; BE; SE,,
Indian,Indian,To become successful person,AC,0.25,3,AC,AC,AC; PO; ST,AC,Achievement
Indian,Indian,And give good service,AC,0.25,3,AC,AC,AC; BE; CO,AC; BE; CO,"Achievement, Conformity: rules, Conformity: interpersonal, Benevolence: caring, Benevolence: dependability"
Indian,Indian,influencer,AC,0.25,3,AC,UN,UN; SD; SE,SD; SE; UN,"Self-direction: thought, Security: personal, Universalism: tolerance, Universalism: objectivity"
Indian,Indian,TRY UNTIL SUCCESSFUL,AC,0.25,3,AC,AC,AC; BE; SD,AC; BE; SD,"Self-direction: action, Achievement, Benevolence: caring"
Indian,Indian,Environment friendly,UN ,0.25,3,UN,UN,UN; BE; SE,UN,Universalism: nature
Indian,Indian,Stability,SE ,0.25,3,SE,SE,SE; AC; BE,SE,Security: societal
Indian,Indian,Security analyst,AC,0.25,3,AC,SE,SE; AC; SD,SE,Security: societal
Indian,Indian,Involvement,AC,0.25,3,AC,BE,BE; CO; UN,BE; CO; UN,"Conformity: rules, Benevolence: caring, Benevolence: dependability, Universalism: objectivity"
Indian,Indian,Honest,BE ,0.25,3,BE,AC,AC; SE; BE,,
Indian,Indian,I will work for my company with more efficiency,AC,0.25,3,AC,AC,AC; PO; BE,AC; PO,"Achievement, Power: resources"
Indian,Indian,To earn money,PO ,0.25,3,PO,PO,PO; AC; SD,AC; PO,"Achievement, Power: resources"
Indian,Indian,Truthful,BE ,0.25,3,BE,BE,BE; UN; AC,AC; BE; SD; UN,"Self-direction: thought, Achievement, Benevolence: caring, Universalism: objectivity"
Indian,Indian,Freedom,SD ,0.25,3,SD,SD,SD; UN; AC,,
Indian,Indian,Honesty,BE ,0.25,3,BE,BE,BE; CO; UN,BE; CO; UN,"Conformity: rules, Benevolence: caring, Benevolence: dependability, Universalism: objectivity"
Indian,Indian,car,PO ,0.25,3,PO,CO,CO; SE; BE,,
Indian,Indian,Error free work,AC,0.25,3,AC,AC,AC; BE; SD,AC; BE; SD,"Self-direction: thought, Achievement, Benevolence: caring"
Indian,Indian,achieving the targeted work,AC,0.25,3,AC,AC,AC; FA; SD,AC,Achievement
Indian,Indian,Discipline,CO ,0.25,3,CO,CO,CO; BE; UN,BE; CO,"Conformity: rules, Benevolence: dependability"
Indian,Indian,Develop all business environment,AC,0.25,3,AC,AC,AC; PO; SD,AC,Achievement
Indian,Indian,The last goal would be honesty and freedom.,UN ,0.25,3,UN,SD,SD; BE; UN,BE; SD; UN,"Self-direction: thought, Self-direction: action, Benevolence: caring, Universalism: objectivity"
Indian,Indian,Maintaining peace.,UN ,0.25,3,UN,UN,UN; SE; CO,CO; SE; UN,"Security: societal, Conformity: rules, Universalism: concern"
Indian,Indian,work for goal,AC,0.25,3,AC,AC,AC; ST; UN,AC; ST,"Stimulation, Achievement"
Indian,Indian,Punctuality,AC,0.25,3,AC,AC,AC; CO; UN,AC; CO,"Achievement, Conformity: rules"
Indian,Indian,have responsible job position,BE ,0.25,3,BE,BE,BE; CO; AC,AC; BE; CO,"Achievement, Conformity: rules, Benevolence: dependability"
Indian,Indian,Easy going,HE ,0.25,3,HE,AC,AC; BE; UN,AC; BE,"Achievement, Benevolence: caring"
Indian,Indian,Following the guidelines and proving the best,AC,0.25,3,AC,AC,AC; FA; SD,AC; FA; SD,"Self-direction: thought, Achievement, Face"
Indian,Indian,And wisdom,UN ,0.25,3,UN,AC,AC; SD; BE,AC; BE; SD,"Self-direction: thought, Achievement, Benevolence: caring"
Indian,Indian,Good money,PO ,0.25,3,PO,PO,PO; AC; SE,AC; PO,"Achievement, Power: resources"
Indian,Indian,Confident,SE ,0.25,3,SE,AC,AC; SE; FA,AC,Achievement
Indian,Indian,Secure,SE ,0.25,3,SE,SE,SE; CO; AC,,
Indian,Indian,Active,AC,0.25,3,AC,AC,AC; SE; UN,,
Indian,Indian,Hard work,AC,0.25,3,AC,AC,AC; SD; PO,AC,Achievement
Indian,Indian,Smart work,AC,0.25,3,AC,AC,AC; SD; BE,AC; SD,"Self-direction: thought, Achievement"
Indian,Indian,Attain a leadership role,PO ,0.25,3,PO,AC,AC; PO; FA,AC; FA; PO,"Achievement, Power: dominance, Face"
Indian,Indian,RESPONSIBLITIES,BE ,0.25,3,BE,BE,BE; CO; UN,BE; CO; UN,"Conformity: rules, Benevolence: caring, Benevolence: dependability, Universalism: objectivity"
Indian,Indian,data analytics,AC,0.25,3,AC,UN,UN; AC; BE,AC; UN,"Achievement, Universalism: objectivity"
Indian,Indian,Loyalty,BE ,0.25,3,BE,BE,BE; CO; FA,BE; CO; FA,"Face, Conformity: rules, Benevolence: caring, Benevolence: dependability"
Indian,Indian,complete the work,AC,0.25,3,AC,AC,AC; BE; SD,AC,Achievement
Indian,Indian,Justice to work,BE ,0.25,3,BE,UN,UN; BE; AC,BE; UN,"Benevolence: caring, Universalism: concern"
Indian,Indian,freedom,SD ,0.25,3,SD,SD,SD; BE; UN,,
Indian,Indian,Daringness,ST ,0.25,3,ST,AC,AC; SD; FA,AC; SD,"Self-direction: thought, Achievement"
Indian,Indian,Salary status,PO ,0.25,3,PO,PO,PO; AC; SE,AC; PO; SE; UN,"Achievement, Power: resources, Security: personal, Universalism: concern"
Indian,Indian,Safe and happy work life,SE ,0.25,3,SE,SE,SE; BE; AC,AC; BE; SE,"Achievement, Security: personal, Benevolence: caring"
Indian,Indian,I Have Got Job In a place I wanted,SD ,0.25,3,SD,AC,AC; SE; SD,AC; PO; SD; SE,"Self-direction: action, Achievement, Power: resources, Security: personal"
Indian,Indian,Giving my best,AC,0.25,3,AC,AC,AC; BE; HE,AC; BE,"Achievement, Benevolence: caring"
Indian,Indian,Hard work,AC,0.25,3,AC,AC,AC; SD; PO,AC,Achievement
Indian,Indian,Progress,AC,0.25,3,AC,AC,AC; SE; BE,,
Indian,Indian,creativity,SD ,0.25,3,SD,AC,AC; SD; BE,AC; SD,"Self-direction: thought, Achievement"
Indian,Indian,Affiliate Marketing,AC,0.25,3,AC,AC,AC; BE; UN,AC; BE; UN,"Achievement, Benevolence: caring, Universalism: objectivity"
Indian,Indian,work with team's goals,AC,0.25,3,AC,AC,AC; SE; BE,AC; BE; SE,"Achievement, Security: personal, Benevolence: caring"
Indian,Indian,The company in which I work must do its work in an ethical way without harming environment,UN ,0.25,3,UN,UN,UN; CO; BE,BE; CO; UN,"Conformity: rules, Benevolence: dependability, Universalism: nature"
Indian,Indian,trustworthy,BE ,0.25,3,BE,BE,BE; UN; AC,AC; BE; UN,"Achievement, Benevolence: caring, Universalism: objectivity"
Indian,Indian,Achieve highest position,AC,0.25,3,AC,AC,AC; FA; UN,AC; FA; UN,"Achievement, Face, Universalism: concern"
Indian,Indian,Bonus after one year,PO ,0.25,3,PO,AC,AC; PO; BE,AC; BE; PO; SE,"Achievement, Power: resources, Security: personal, Benevolence: caring"
Indian,Indian,Enough pay for my living and being a good person as my colleagues as well as my job safety,SE ,0.25,3,SE,SE,SE; PO; AC,AC; BE; PO; SE,"Achievement, Power: resources, Security: personal, Benevolence: dependability"
Indian,Indian,Legal services,CO ,0.25,3,CO,UN,UN; CO; BE,BE; CO; UN,"Conformity: rules, Benevolence: caring, Universalism: concern"
Indian,Indian,Independent,SD ,0.25,3,SD,AC,AC; SE; CO,,
Indian,Indian,Experience,AC,0.25,3,AC,SE,SE; AC; BE,SE,Security: personal
Indian,Indian,To take risk in work to achieve goals,AC,0.25,3,AC,AC,AC; SD; ST,AC; PO; SD; ST,"Self-direction: thought, Self-direction: action, Stimulation, Achievement, Power: resources"
Indian,Indian,I should present in a humble manner.,TR ,0.25,3,TR,CO,CO; FA; UN,CO; FA; HU; UN,"Face, Conformity: interpersonal, Humility, Universalism: concern"
Indian,Indian,Polite,CO ,0.25,3,CO,CO,CO; FA; BE,,
Indian,Indian,Equality,UN ,0.25,3,UN,SE,SE; UN; TR,SE,Security: personal
Indian,Indian,Dedicated,BE ,0.25,3,BE,BE,BE; CO; AC,BE,Benevolence: caring
Indian,Indian,Market research,AC,0.25,3,AC,UN,UN; AC; SD,AC; UN,"Achievement, Universalism: objectivity"
Indian,Indian,Innovative ideas,ST ,0.25,3,ST,AC,AC; SD; UN,AC; SD,"Self-direction: thought, Achievement"
Indian,Indian,Hardworking,AC,0.25,3,AC,AC,AC; PO; BE,AC; PO,"Achievement, Power: resources"
Indian,Indian,To be innovative,ST ,0.25,3,ST,SD,SD; AC; UN,AC; SD,"Self-direction: thought, Achievement"
Indian,Indian,Earn enough money,PO ,0.25,3,PO,PO,PO; AC; SE,AC; PO; SE,"Achievement, Power: resources, Security: personal"
Indian,Indian,Sanctioning leave to the employees,SE ,0.25,3,SE,CO,CO; SD; AC,AC; CO; SD,"Self-direction: action, Achievement, Conformity: rules"
Indian,Indian,Help others,BE ,0.25,3,BE,BE,BE; AC; UN,AC; BE,"Achievement, Benevolence: caring"
Indian,Indian,Richness,PO ,0.25,3,PO,SE,SE; BE; UN,,
Indian,Indian,Dedicated people,BE ,0.25,3,BE,BE,BE; UN; AC,BE,Benevolence: caring
Indian,Indian,Prosperity,AC,0.25,3,AC,SE,SE; AC; PO,AC; SE,"Achievement, Security: personal"
Indian,Indian,Rapport development with clients,AC,0.25,3,AC,AC,AC; SD; BE,AC; SD,"Self-direction: action, Achievement"
Indian,Indian,Equality,UN ,0.25,3,UN,SE,SE; UN; TR,SE,Security: personal
Indian,Indian,Help poor people,UN ,0.25,3,UN,UN,UN; BE; SE,BE; SE; UN,"Security: personal, Benevolence: caring, Universalism: concern"
Indian,Indian,Optimization,AC,0.25,3,AC,AC,AC; UN; SD,AC; UN,"Achievement, Universalism: objectivity"
Indian,Indian,Car,PO ,0.25,3,PO,CO,CO; SE; AC,CO,Conformity: rules
Indian,Indian,reaching new targets,AC,0.25,3,AC,AC,AC; ST; CO,AC; ST,"Stimulation, Achievement"
Indian,Indian,To enjoy and indulge myself,HE ,0.25,3,HE,SD,SD; HE; ST,HE; SD; SE; ST,"Self-direction: action, Stimulation, Hedonism, Security: personal"
Indian,Indian,Freedom To Work,SD ,0.25,3,SD,SD,SD; AC; PO,AC; SD,"Self-direction: thought, Self-direction: action, Achievement"
Indian,Indian,high paid jobs,PO ,0.25,3,PO,PO,PO; AC; SE,AC; PO; SE,"Achievement, Power: resources, Security: personal"
Indian,Indian,Occupational stability,SE ,0.25,3,SE,SE,SE; AC; BE,AC; SE,"Achievement, Security: personal"
Indian,Indian,Discipline,CO ,0.25,3,CO,CO,CO; BE; UN,BE; CO,"Conformity: rules, Benevolence: dependability"
Indian,Indian,I have to manage the inventory,AC,0.25,3,AC,AC,AC; SE; PO,AC; BE; PO; SE,"Achievement, Power: resources, Security: personal, Benevolence: dependability"
Indian,Indian,Enjoying life,HE ,0.25,3,HE,HE,HE; ST; SD,BE; HE; SD; SE; ST,"Self-direction: action, Stimulation, Hedonism, Security: personal, Benevolence: caring"
Indian,Indian,Achieving goals,AC,0.25,3,AC,AC,AC; ST; FA,AC,Achievement
Indian,Indian,Get desired results,AC,0.25,3,AC,UN,UN; AC; SD,AC; UN,"Achievement, Universalism: objectivity"
Indian,Indian,Early to work,AC,0.25,3,AC,AC,AC; SD; BE,AC,Achievement
Indian,Indian,Finishing tasks quickly,AC,0.25,3,AC,AC,AC; ST; BE,AC,Achievement
Indian,Indian,Positive thinking,UN ,0.25,3,UN,AC,AC; SE; BE,AC; BE; SD; SE; UN,"Self-direction: thought, Achievement, Security: personal, Benevolence: caring, Universalism: tolerance"
Indian,Indian,Reputation,AC,0.25,3,AC,FA,FA; CO; BE,BE; CO; FA,"Face, Conformity: rules, Benevolence: dependability"
Indian,Indian,Equal opportunity to all,UN ,0.25,3,UN,UN,UN; AC; SD,AC; UN,"Achievement, Universalism: concern"
Indian,Indian,Sr. Manager,AC,0.25,3,AC,AC,AC; PO; BE,AC; BE; PO,"Achievement, Power: dominance, Power: resources, Benevolence: dependability"
Indian,Indian,Increase level of potential,AC,0.25,3,AC,AC,AC; SD; PO,AC,Achievement
Indian,Indian,Should give and get respect from others,CO ,0.25,3,CO,FA,FA; CO; UN,CO; FA; UN,"Face, Conformity: rules, Conformity: interpersonal, Universalism: tolerance"
Indian,Indian,best reviews,AC,0.25,3,AC,AC,AC; SD; UN,AC,Achievement
Indian,Indian,To be able to complete the given task of the day with success.,AC,0.25,3,AC,AC,AC; ST; BE,AC,Achievement
Indian,Indian,Honest,BE ,0.25,3,BE,AC,AC; SE; BE,,
Indian,Indian,problem solving,SD ,0.25,3,SD,AC,AC; UN; BE,AC; BE; UN,"Achievement, Benevolence: caring, Universalism: objectivity"
Indian,Indian,Equality,UN ,0.25,3,UN,SE,SE; UN; TR,SE,Security: personal
Indian,Indian,appreciation for my efforts,CO ,0.25,3,CO,AC,AC; FA; BE,AC; BE; FA,"Achievement, Face, Benevolence: caring"
Indian,Indian,"Have a new experience , satisfaction always comes from there",ST ,0.25,3,ST,AC,AC; SD; HE,AC; HE; SD; ST,"Self-direction: thought, Self-direction: action, Stimulation, Hedonism, Achievement"
Indian,Indian,Best opportunity for promotion,AC,0.25,3,AC,AC,AC; PO; SD,AC; PO,"Achievement, Power: resources"
Indian,Indian,Hardworking,AC,0.25,3,AC,AC,AC; PO; BE,AC; PO,"Achievement, Power: resources"
Indian,Indian,I want to be trusted by everyone,BE ,0.25,3,BE,BE,BE; CO; SE,BE; CO; FA; SE,"Face, Security: societal, Conformity: rules, Benevolence: caring, Benevolence: dependability"
Indian,Indian,Cost economical for machines,AC,0.25,3,AC,AC,AC; PO; SE,AC; PO; SE,"Achievement, Power: resources, Security: personal"
Indian,Indian,Freedom,SD ,0.25,3,SD,SD,SD; UN; AC,,
Indian,Indian,to excel and earn money,PO ,0.25,3,PO,AC,AC; PO; SD,AC; PO,"Achievement, Power: resources"
Indian,Indian,Independence and free soul,SD ,0.25,3,SD,SD,SD; UN; ST,SD; UN,"Self-direction: thought, Self-direction: action, Universalism: tolerance"
Indian,Indian,Collection. We have targets to collect money from our customers against sales.,AC,0.25,3,AC,PO,PO; CO; AC,AC; BE; CO; PO,"Achievement, Power: resources, Conformity: rules, Benevolence: dependability"
Indian,Indian,promotion,AC,0.25,3,AC,SE,SE; BE; CO,,
Indian,Indian,Time management,AC,0.25,3,AC,AC,AC; CO; BE,AC; BE; CO,"Achievement, Conformity: rules, Benevolence: caring"
Indian,Indian,Creative head,SD ,0.25,3,SD,AC,AC; SD; UN,AC; SD,"Self-direction: thought, Achievement"
Indian,Indian,good pay according to work,PO ,0.25,3,PO,PO,PO; AC; UN,AC; PO; UN,"Achievement, Power: resources, Universalism: concern"
Indian,Indian,Manage all situations,AC,0.25,3,AC,SE,SE; AC; PO,AC; BE; CO; PO; SE,"Achievement, Power: dominance, Security: societal, Conformity: rules, Benevolence: dependability"
Indian,Indian,Give always your 100% at your work,AC,0.25,3,AC,AC,AC; FA; BE,AC; BE; FA,"Achievement, Face, Benevolence: dependability"
Indian,Indian,creativity,SD ,0.25,3,SD,AC,AC; SD; BE,AC; SD,"Self-direction: thought, Achievement"
Indian,Indian,most rich and humble gentleman,AC,0.25,3,AC,TR,TR; CO; BE,BE; CO; TR,"Tradition, Conformity: interpersonal, Benevolence: caring"
Indian,Indian,CREATIVITY,SD ,0.25,3,SD,SD,SD; AC; ST,AC; SD,"Self-direction: thought, Achievement"
Indian,Indian,Stable profit,SE ,0.25,3,SE,PO,PO; AC; SE,AC; PO,"Achievement, Power: resources"
Indian,Indian,discipline,CO ,0.25,3,CO,CO,CO; AC; UN,AC; CO,"Achievement, Conformity: rules"
Indian,Indian,Hardworking,AC,0.25,3,AC,AC,AC; PO; BE,AC; PO,"Achievement, Power: resources"
Indian,Indian,Prosperity,AC,0.25,3,AC,SE,SE; AC; PO,AC; SE,"Achievement, Security: personal"
Indian,Indian,SKILL DEVELOPMENT,AC,0.25,3,AC,AC,AC; SD; BE,AC; SD,"Self-direction: thought, Achievement"
Indian,Indian,team leader,PO ,0.25,3,PO,AC,AC; UN; BE,AC,Achievement
Indian,Indian,My income protection lifetime,SE ,0.25,3,SE,PO,PO; SE; UN,PO; SE,"Power: resources, Security: personal"
Indian,Indian,Responsibility.,BE ,0.25,3,BE,BE,BE; CO; AC,BE; CO,"Conformity: rules, Benevolence: dependability"
Indian,Indian,I want to earn enough for my whole life,SE ,0.25,3,SE,SE,SE; PO; AC,AC; PO; SD; SE,"Self-direction: action, Achievement, Power: resources, Security: personal"
Indian,Indian,Career growth,AC,0.25,3,AC,AC,AC; SD; PO,AC,Achievement
Indian,Indian,Become more popular,AC,0.25,3,AC,SE,SE; FA; UN,FA; SE,"Face, Security: personal"
Indian,Indian,Honesty,BE ,0.25,3,BE,BE,BE; CO; UN,BE; CO; UN,"Conformity: rules, Benevolence: caring, Benevolence: dependability, Universalism: objectivity"
Indian,Indian,Target,AC,0.25,3,AC,BE,BE; UN; SE,,
Indian,Indian,My absence should be felt,AC,0.25,3,AC,SE,SE; UN; AC,SE,Security: personal
Indian,Indian,respectful,CO ,0.25,3,CO,CO,CO; FA; HU,CO; FA; HU,"Face, Conformity: rules, Conformity: interpersonal, Humility"
Indian,Indian,ambitious,AC,0.25,3,AC,AC,AC; BE; UN,AC,Achievement
Indian,Indian,work like crazy,AC,0.25,3,AC,AC,AC; SD; UN,AC,Achievement
Indian,Indian,Punctuality,AC,0.25,3,AC,AC,AC; CO; UN,AC; CO,"Achievement, Conformity: rules"
Indian,Indian,Liberty,SD ,0.25,3,SD,SD,SD; UN; SE,SD,Self-direction: action
Indian,Indian,travel,HE ,0.25,3,HE,AC,AC; SE; CO,AC,Achievement
Indian,Indian,Salary high,PO ,0.25,3,PO,PO,PO; AC; SE,AC; PO; SE,"Achievement, Power: resources, Security: personal"
Indian,Indian,trust,BE ,0.25,3,BE,AC,AC; SE; BE,,
Indian,Indian,Hardworking,AC,0.25,3,AC,AC,AC; PO; BE,AC; PO,"Achievement, Power: resources"
Indian,Indian,Freedom of expression,SD ,0.25,3,SD,SD,SD; UN; CO,SD,"Self-direction: thought, Self-direction: action"
Indian,Indian,Being honest,BE ,0.25,3,BE,BE,BE; UN; SD,BE; UN,"Benevolence: caring, Benevolence: dependability, Universalism: objectivity"
Indian,Indian,Pay is good.,PO ,0.25,3,PO,PO,PO; AC; SE,AC; PO; SE,"Achievement, Power: resources, Security: personal"
Indian,Indian,Dedication,BE ,0.25,3,BE,BE,BE; AC; CO,BE,Benevolence: caring
Indian,Indian,"Courteous to all irrespective of age, sex.",CO ,0.25,3,CO,CO,CO; UN; FA,CO; UN,"Conformity: rules, Conformity: interpersonal, Universalism: concern"
Indian,Indian,Stability,SE ,0.25,3,SE,SE,SE; AC; BE,SE,Security: societal
Indian,Indian,security,SE ,0.25,3,SE,SE,SE; CO; BE,SE,Security: societal
Indian,Indian,Honesty and dedication,BE ,0.25,3,BE,BE,BE; CO; AC,AC; BE; CO; FA,"Achievement, Face, Conformity: rules, Benevolence: caring, Benevolence: dependability"
Indian,Indian,Hardworking,AC,0.25,3,AC,AC,AC; PO; BE,AC; PO,"Achievement, Power: resources"
Indian,Indian,Honest,BE ,0.25,3,BE,AC,AC; SE; BE,,
Indian,Indian,Accept the challenges and Implementing new things,ST ,0.25,3,ST,AC,AC; SD; ST,AC; SD; ST; UN,"Self-direction: thought, Stimulation, Achievement, Universalism: tolerance"
Indian,Indian,Time management,AC,0.25,3,AC,AC,AC; CO; BE,AC; BE; CO,"Achievement, Conformity: rules, Benevolence: caring"
Indian,Indian,Experience,AC,0.25,3,AC,SE,SE; AC; BE,SE,Security: personal
Indian,Indian,individual performance,AC,0.25,3,AC,AC,AC; ST; HE,AC; ST,"Stimulation, Achievement"
Indian,Indian,Ambitious,AC,0.25,3,AC,AC,AC; SD; ST,AC,Achievement
Indian,Indian,Gain Properties,PO ,0.25,3,PO,PO,PO; AC; SE,AC; PO,"Achievement, Power: resources"
Indian,Indian,Promotion,AC,0.25,3,AC,SE,SE; UN; AC,,
Indian,Indian,Dedicate honestly to the prospect of company.,BE ,0.25,3,BE,BE,BE; CO; FA,AC; BE; CO; FA,"Achievement, Face, Conformity: rules, Conformity: interpersonal, Benevolence: caring, Benevolence: dependability"
Indian,Indian,Promotion,AC,0.25,3,AC,SE,SE; UN; AC,,
Indian,Indian,Success,AC,0.25,3,AC,AC,AC; BE; CO,,
Indian,Indian,Honesty,BE ,0.25,3,BE,BE,BE; CO; UN,BE; CO; UN,"Conformity: rules, Benevolence: caring, Benevolence: dependability, Universalism: objectivity"
Indian,Indian,Creative,SD ,0.25,3,SD,AC,AC; SD; UN,AC; SD,"Self-direction: thought, Achievement"
Indian,Indian,Earn money and be happy,PO ,0.25,3,PO,PO,PO; SE; SD,HE; PO; SD; SE; ST,"Self-direction: action, Stimulation, Hedonism, Power: resources, Security: personal"
Indian,Indian,Efficient,AC,0.25,3,AC,AC,AC; UN; BE,AC; BE; UN,"Achievement, Benevolence: caring, Universalism: objectivity"
Indian,Indian,I have to purchase new home,HE ,0.25,3,HE,BE,BE; SE; SD,BE; SD; SE,"Self-direction: action, Security: personal, Benevolence: caring"
Indian,Indian,Politeness,CO ,0.25,3,CO,CO,CO; FA; BE,BE; CO; FA; UN,"Face, Conformity: rules, Conformity: interpersonal, Benevolence: caring, Universalism: tolerance"
Indian,Indian,Safety,SE ,0.25,3,SE,SE,SE; CO; AC,SE,"Security: personal, Security: societal"
Indian,Indian,Work life balance,HE ,0.25,3,HE,SE,SE; AC; BE,AC; SE,"Achievement, Security: personal"
Indian,Indian,Superiority,PO ,0.25,3,PO,AC,AC; UN; HU,AC,Achievement
Indian,Indian,honesty,BE ,0.25,3,BE,BE,BE; CO; HU,BE; CO,"Conformity: rules, Benevolence: caring, Benevolence: dependability"
Indian,Indian,High quality job,AC,0.25,3,AC,AC,AC; FA; BE,AC,Achievement
Indian,Indian,money,PO ,0.25,3,PO,SE,SE; PO; CO,SE,Security: personal
Indian,Indian,Polite with colleagues,CO ,0.25,3,CO,CO,CO; FA; BE,CO; FA,"Face, Conformity: rules, Conformity: interpersonal"
Indian,Indian,Respect the owners and work for the people,BE ,0.25,3,BE,AC,AC; FA; PO,AC; BE; FA; PO; SE,"Achievement, Power: resources, Face, Security: personal, Benevolence: dependability"
Indian,Indian,Time punctual,AC,0.25,3,AC,CO,CO; BE; AC,AC; BE; CO,"Achievement, Conformity: rules, Benevolence: caring, Benevolence: dependability"
Indian,Indian,Responsible,BE ,0.25,3,BE,BE,BE; CO; PO,BE; CO,"Conformity: rules, Benevolence: dependability"
Indian,Indian,Understand the problem and find solutions,SD ,0.25,3,SD,AC,AC; UN; SD,AC; BE; SD; UN,"Self-direction: thought, Achievement, Benevolence: caring, Universalism: objectivity"
Indian,Indian,Earn more money,PO ,0.25,3,PO,PO,PO; AC; SD,AC; PO,"Achievement, Power: resources"
Indian,Indian,Finishing work on time,AC,0.25,3,AC,AC,AC; BE; SD,AC,Achievement
Indian,Indian,Making plan for growth,AC,0.25,3,AC,AC,AC; PO; SD,AC; PO; SD,"Self-direction: thought, Achievement, Power: resources"
Indian,Indian,Financial stability,SE ,0.25,3,SE,SE,SE; PO; BE,BE; PO; SE,"Power: resources, Security: personal, Security: societal, Benevolence: caring"
Indian,Indian,Creativity,SD ,0.25,3,SD,AC,AC; SD; BE,AC; SD,"Self-direction: thought, Achievement"
Indian,Indian,Every situation must be handled,AC,0.25,3,AC,SE,SE; AC; PO,AC; BE; PO; SE; UN,"Achievement, Power: dominance, Security: societal, Benevolence: dependability, Universalism: concern"
Indian,Indian,Design making,AC,0.25,3,AC,AC,AC; SD; BE,AC; SD,"Self-direction: thought, Achievement"
Indian,Indian,customer satisfaction,AC,0.25,3,AC,AC,AC; BE; SD,AC; BE; FA; SD,"Self-direction: action, Achievement, Face, Benevolence: caring"
Indian,Indian,helpful to others,BE ,0.25,3,BE,BE,BE; AC; UN,AC; BE,"Achievement, Benevolence: caring"
Indian,Indian,Hard work,AC,0.25,3,AC,AC,AC; SD; PO,AC,Achievement
Indian,Indian,Reliability,BE ,0.25,3,BE,AC,AC; UN; BE,AC; BE; UN,"Achievement, Benevolence: caring, Universalism: objectivity"
Indian,Indian,To become a CEO or owner of the organization.,PO ,0.25,3,PO,AC,AC; PO; FA,AC; FA; PO,"Achievement, Power: dominance, Power: resources, Face"
Indian,Indian,To meet people's expectations,CO ,0.25,3,CO,AC,AC; FA; HU,AC; FA,"Achievement, Face"
Indian,Indian,loyalty,BE ,0.25,3,BE,BE,BE; CO; FA,BE,"Benevolence: caring, Benevolence: dependability"
Indian,Indian,bringing my best output,AC,0.25,3,AC,AC,AC; SD; UN,AC,Achievement
Indian,Indian,responsible,BE ,0.25,3,BE,AC,AC; BE; CO,AC,Achievement
Indian,Indian,Good Behavior,CO ,0.25,3,CO,CO,CO; BE; AC,BE; CO,"Conformity: rules, Benevolence: caring"
Indian,Indian,HIGHER WORK,AC,0.25,3,AC,AC,AC; SD; BE,AC; SD,"Self-direction: thought, Achievement"
Indian,Indian,No mistakes should happen while doing work,AC,0.25,3,AC,AC,AC; BE; CO,AC; BE; CO,"Achievement, Conformity: rules, Benevolence: dependability"
Indian,Indian,Disciplined,CO ,0.25,3,CO,AC,AC; CO; SD,AC; CO; SD,"Self-direction: thought, Achievement, Conformity: rules"
Indian,Indian,Focused on goal,AC,0.25,3,AC,AC,AC; CO; SE,AC; CO,"Achievement, Conformity: rules"
Indian,Indian,Disciplined,CO ,0.25,3,CO,AC,AC; CO; SD,AC; CO; SD,"Self-direction: thought, Achievement, Conformity: rules"
Indian,Indian,To feel important,PO ,0.25,3,PO,FA,FA; SE; SD,AC; FA; SD; SE; ST,"Self-direction: action, Stimulation, Achievement, Face, Security: personal"
Indian,Indian,Respect and being faithful to co workers,UN ,0.25,3,UN,CO,CO; FA; BE,AC; BE; CO; FA; TR,"Achievement, Face, Tradition, Conformity: rules, Conformity: interpersonal, Benevolence: caring, Benevolence: dependability"
Indian,Indian,To follow rules and regulations properly and do not even think of committing fraud,CO ,0.25,3,CO,CO,CO; BE; UN,BE; CO; UN,"Conformity: rules, Benevolence: caring, Benevolence: dependability, Universalism: concern"
Indian,Indian,Purity,TR ,0.25,3,TR,SE,SE; TR; UN,,
Indian,Indian,hardworking,AC,0.25,3,AC,AC,AC; PO; BE,AC; PO,"Achievement, Power: resources"
Indian,Indian,successful,AC,0.25,3,AC,AC,AC; BE; SE,,
Indian,Indian,Good ethics,UN ,0.25,3,UN,CO,CO; SD; AC,AC; CO; SD; TR,"Self-direction: thought, Achievement, Tradition, Conformity: rules"
Indian,Indian,Concentration at work,AC,0.25,3,AC,AC,AC; CO; SD,AC; CO,"Achievement, Conformity: rules"
Indian,Indian,Wisdom,UN ,0.25,3,UN,SD,SD; AC; BE,AC; BE; SD; UN,"Self-direction: thought, Achievement, Benevolence: caring, Universalism: tolerance"
Indian,Indian,you should be humble,TR ,0.25,3,TR,AC,AC; FA; CO,AC; CO; FA; HU,"Achievement, Face, Conformity: rules, Humility"
Indian,Indian,I wish to start my own business after getting sufficient fund.,SD ,0.25,3,SD,PO,PO; AC; SD,AC; PO; SD,"Self-direction: action, Achievement, Power: resources"
Indian,Indian,Helping,BE ,0.25,3,BE,BE,BE; AC; SE,AC; BE; SE,"Achievement, Security: personal, Benevolence: caring"
Indian,Indian,Achieve all target,AC,0.25,3,AC,AC,AC; CO; UN,AC; CO,"Achievement, Conformity: rules"
Indian,Indian,And enjoy full work,HE ,0.25,3,HE,SD,SD; HE; AC,AC; HE; SD; ST,"Self-direction: action, Stimulation, Hedonism, Achievement"
Indian,Indian,Strive to grow in and with the organization,AC,0.25,3,AC,AC,AC; SD; FA,AC; FA; SD; SE; ST,"Self-direction: thought, Stimulation, Achievement, Face, Security: personal"
Indian,Indian,Self independent,SD ,0.25,3,SD,SD,SD; AC; UN,SD,"Self-direction: thought, Self-direction: action"
Indian,Indian,Innovative ideas,ST ,0.25,3,ST,AC,AC; SD; UN,AC; SD,"Self-direction: thought, Achievement"
Indian,Indian,To help improve life of employees,BE ,0.25,3,BE,SE,SE; AC; BE,AC; BE; SE,"Achievement, Security: personal, Benevolence: caring"
Indian,Indian,To be successful,AC,0.25,3,AC,AC,AC; BE; ST,AC,Achievement
Indian,Indian,improve presentation/public speaking skills/improve emotional intelligence,AC,0.25,3,AC,AC,AC; FA; BE,AC; BE; FA; UN,"Achievement, Face, Benevolence: caring, Universalism: tolerance"
Indian,Indian,get financially independent,SE ,0.25,3,SE,SD,SD; PO; SE,PO; SD; SE,"Self-direction: action, Power: resources, Security: personal"
Indian,Indian,Record should be maintained correctly.,AC,0.25,3,AC,BE,BE; UN; AC,AC; BE; CO; UN,"Achievement, Conformity: rules, Benevolence: caring, Benevolence: dependability, Universalism: objectivity"
Indian,Indian,Security,SE ,0.25,3,SE,SE,SE; CO; BE,SE,Security: societal
Indian,Indian,Hard work,AC,0.25,3,AC,AC,AC; SD; PO,AC,Achievement
Indian,Indian,Perseverance,AC,0.25,3,AC,AC,AC; BE; SD,AC; BE; SD,"Self-direction: thought, Achievement, Benevolence: caring"
Indian,Indian,Learn consumer employer relationship,AC,0.25,3,AC,AC,AC; BE; FA,AC; BE,"Achievement, Benevolence: caring"
Indian,Indian,To overcome difficult situations,AC,0.25,3,AC,AC,AC; BE; SE,AC; BE; SE,"Achievement, Security: personal, Benevolence: caring"
Indian,Indian,Enough to give luxury and proper earning capacity without any problem,PO ,0.25,3,PO,SE,SE; PO; AC,AC; PO; SD; SE,"Self-direction: action, Achievement, Power: resources, Security: personal"
Indian,Indian,Live your life like a monk,HE ,0.25,3,HE,TR,TR; SD; CO,CO; SD; TR,"Self-direction: thought, Tradition, Conformity: rules"
Indian,Indian,Hardworking,AC,0.25,3,AC,AC,AC; PO; BE,AC; PO,"Achievement, Power: resources"
Indian,Indian,Long term goals,SD ,0.25,3,SD,AC,AC; ST; CO,AC; ST,"Stimulation, Achievement"
Indian,Indian,Decision maker,PO ,0.25,3,PO,SD,SD; UN; PO,BE; PO; SD; UN,"Self-direction: action, Power: dominance, Benevolence: caring, Universalism: objectivity"
Indian,Indian,Keep updating on skills to go ahead in my chosen field,AC,0.25,3,AC,AC,AC; SD; ST,AC; SD,"Self-direction: thought, Achievement"
Indian,Indian,Wisdom,UN ,0.25,3,UN,SD,SD; AC; BE,AC; BE; SD; UN,"Self-direction: thought, Achievement, Benevolence: caring, Universalism: tolerance"
Indian,Indian,Honesty,BE ,0.25,3,BE,BE,BE; CO; UN,BE; CO; UN,"Conformity: rules, Benevolence: caring, Benevolence: dependability, Universalism: objectivity"
Indian,Indian,Become most trusted colleague,BE ,0.25,3,BE,AC,AC; FA; BE,AC; BE; CO; FA; SE,"Achievement, Face, Security: personal, Conformity: rules, Benevolence: caring"
Indian,Indian,To progress further,AC,0.25,3,AC,AC,AC; UN; BE,AC,Achievement
Indian,Indian,I handle my team to make products quality better for costumers,PO ,0.25,3,PO,AC,AC; FA; PO,AC,Achievement
Indian,Indian,To achieve success,AC,0.25,3,AC,AC,AC; ST; FA,AC,Achievement
Indian,Indian,Wisdom,UN ,0.25,3,UN,SD,SD; AC; BE,AC; BE; SD; UN,"Self-direction: thought, Achievement, Benevolence: caring, Universalism: tolerance"
Indian,Indian,successful achieving,AC,0.25,3,AC,AC,AC; CO; BE,AC,Achievement
Indian,Indian,New era of experience.,ST ,0.25,3,ST,SD,SD; AC; UN,AC; SD; ST; UN,"Self-direction: thought, Stimulation, Achievement, Universalism: tolerance"
Indian,Indian,praise of seniors,CO ,0.25,3,CO,FA,FA; AC; BE,AC; FA,"Achievement, Face"
Indian,Indian,Punctuality,AC,0.25,3,AC,AC,AC; CO; UN,AC; CO,"Achievement, Conformity: rules"
Indian,Indian,LOYAL,BE ,0.25,3,BE,TR,TR; CO; BE,,
Indian,Indian,Focus on taming business risk and device the strategies for the successful comp,AC,0.25,3,AC,AC,AC; PO; SE,AC; PO; SE,"Achievement, Power: resources, Security: societal"
Indian,Indian,Setting targets,AC,0.25,3,AC,SE,SE; AC; UN,AC; SE; UN,"Achievement, Security: societal, Universalism: concern"
Indian,Indian,Following the organization goals,AC,0.25,3,AC,AC,AC; CO; PO,AC; CO,"Achievement, Conformity: rules"
Indian,Indian,I need a good life,HE ,0.25,3,HE,SE,SE; SD; BE,BE; HE; SD; SE; ST,"Self-direction: action, Stimulation, Hedonism, Security: personal, Benevolence: caring"
Indian,Indian,Learning new skills,AC,0.25,3,AC,AC,AC; SD; ST,AC; SD; ST,"Self-direction: thought, Stimulation, Achievement"
Indian,Indian,Response time in each field,AC,0.25,3,AC,AC,AC; UN; BE,AC; UN,"Achievement, Universalism: objectivity"
Indian,Indian,Give employees reward and promotions to work efficiently,PO ,0.25,3,PO,AC,AC; FA; PO,AC; FA; PO,"Achievement, Power: resources, Face"
Indian,Indian,independence of the work ideas,SD ,0.25,3,SD,SD,SD; AC; UN,AC; SD,"Self-direction: thought, Self-direction: action, Achievement"
Indian,Indian,Technological Challenges,ST ,0.25,3,ST,AC,AC; SD; UN,AC; SD; UN,"Self-direction: thought, Achievement, Universalism: objectivity"
Indian,Indian,Boss proud of you,CO ,0.25,3,CO,AC,AC; FA; BE,AC,Achievement
Indian,Indian,Increase in knowledge and training at work.,AC,0.25,3,AC,AC,AC; SD; SE,AC; SD,"Self-direction: thought, Achievement"
Indian,Indian,Take the organization to the next level.,AC,0.25,3,AC,AC,AC; SD; PO,AC; FA; PO; SD,"Self-direction: thought, Achievement, Power: dominance, Power: resources, Face"
Indian,Indian,Equal work,UN ,0.25,3,UN,UN,UN; AC; PO,AC; UN,"Achievement, Universalism: concern"
Indian,Indian,Responsibility,BE ,0.25,3,BE,BE,BE; CO; AC,BE; CO,"Conformity: rules, Benevolence: caring, Benevolence: dependability"
Indian,Indian,Gradual success,AC,0.25,3,AC,AC,AC; BE; SD,AC,Achievement
Indian,Indian,very attentive to my work.,BE ,0.25,3,BE,AC,AC; SD; BE,AC; SD,"Self-direction: thought, Achievement"
Indian,Indian,Security,SE ,0.25,3,SE,SE,SE; CO; BE,SE,Security: societal
Indian,Indian,The benefits should be clear to all employees,UN ,0.25,3,UN,UN,UN; SE; PO,CO; PO; SE; UN,"Power: resources, Security: personal, Conformity: rules, Universalism: concern"
Indian,Indian,To achieve something in future or to advance the career,AC,0.25,3,AC,AC,AC; SD; ST,AC; SD; ST,"Self-direction: thought, Self-direction: action, Stimulation, Achievement"
Indian,Indian,My submitted work should be perfect and no one can find any mistake in my work.,AC,0.25,3,AC,AC,AC; UN; SD,AC; SD; UN,"Self-direction: thought, Achievement, Universalism: objectivity"
Indian,Indian,Forgiveness,BE ,0.25,3,BE,BE,BE; UN; CO,BE; UN,"Benevolence: caring, Universalism: tolerance"
Indian,Indian,Earning was not the motivation but to have the power to tell the untold stories,AC,0.25,3,AC,SD,SD; AC; BE,AC; BE; HE; SD; ST,"Self-direction: thought, Self-direction: action, Stimulation, Hedonism, Achievement, Benevolence: caring"
Indian,Indian,I work hard to get promoted to higher posts,AC,0.25,3,AC,AC,AC; PO; FA,AC; FA; PO,"Achievement, Power: resources, Face"
Indian,Indian,Good work,AC,0.25,3,AC,AC,AC; BE; SD,AC; BE,"Achievement, Benevolence: caring"
Indian,Indian,Become a CEO,PO ,0.25,3,PO,AC,AC; PO; FA,AC; PO,"Achievement, Power: dominance, Power: resources"
Indian,Indian,Sense of autonomy.,SD ,0.25,3,SD,SD,SD; ST; UN,SD,"Self-direction: thought, Self-direction: action"
Indian,Indian,Helping the weak to achieve target,UN ,0.25,3,UN,AC,AC; UN; BE,AC; UN,"Achievement, Universalism: concern"
Indian,Indian,Experience,AC,0.25,3,AC,SE,SE; AC; BE,SE,Security: personal
Indian,Indian,Efficiency,AC,0.25,3,AC,AC,AC; UN; SE,AC; UN,"Achievement, Universalism: nature, Universalism: objectivity"
Indian,Indian,employees benefit,PO ,0.25,3,PO,AC,AC; UN; SE,AC; BE; PO; SE; UN,"Achievement, Power: resources, Security: personal, Benevolence: caring, Universalism: concern"
Asian,Asian,Goal/task accomplishment,AC,0.25,3,AC,AC,AC; CO; FA,AC,Achievement
Asian,Asian,independence,SD,0.25,3,SD,SE,SE; AC; SD,,
Asian,Asian,Security for my company and my job,SE,0.25,3,SE,SE,SE; PO; AC,SE,"Security: personal, Security: societal"
Asian,Asian,Constanly improve,AC,0.25,3,AC,AC,AC; BE; SD,AC,Achievement
Asian,Asian,Completing planned work,AC,0.25,3,AC,AC,AC; SD; BE,AC; SD,"Self-direction: thought, Achievement"
Asian,Asian,achievement,AC,0.25,3,AC,AC,AC; FA; ST,AC; FA,"Achievement, Face"
Asian,Asian,Job security,SE,0.25,3,SE,SE,SE; BE; PO,BE; PO; SE,"Power: resources, Security: personal, Security: societal, Benevolence: caring"
Asian,Asian,Autonomy,SD,0.25,3,SD,SD,SD; UN; AC,SD,"Self-direction: thought, Self-direction: action"
Asian,Asian,Learn new skills,AC,0.25,3,AC,AC,AC; SD; ST,AC; SD; ST,"Self-direction: thought, Stimulation, Achievement"
Asian,Asian,autonomy,SD,0.25,3,SD,UN,UN; SD; FA,UN,Universalism: objectivity
Asian,Asian,Increased Pay,PO,0.25,3,PO,PO,PO; AC; SE,AC; PO; SE,"Achievement, Power: resources, Security: personal"
Asian,Asian,To be competent and successful at my job,AC,0.25,3,AC,AC,AC; FA; BE,AC,Achievement
Asian,Asian,Success,AC,0.25,3,AC,AC,AC; BE; CO,,
Asian,Asian,helping coworkers,BE,0.25,3,BE,BE,BE; AC; SE,AC; BE; SE,"Achievement, Security: personal, Benevolence: caring"
Asian,Asian,Having the financial security/income that allows me to build wealth,PO,0.25,3,PO,PO,PO; AC; SE,AC; PO; SE,"Achievement, Power: resources, Security: personal, Security: societal"
Asian,Asian,Promotion,AC,0.25,3,AC,SE,SE; UN; AC,,
Asian,Asian,Consistent promotion and raise,AC,0.25,3,AC,AC,AC; PO; CO,AC; CO; FA; PO,"Achievement, Power: dominance, Face, Conformity: rules"
Asian,Asian,Money,PO,0.25,3,PO,SE,SE; BE; PO,SE,Security: personal
Asian,Asian,Freedom to work when I feel like it,SD,0.25,3,SD,SD,SD; AC; ST,AC; SD; ST,"Self-direction: thought, Self-direction: action, Stimulation, Achievement"
Asian,Asian,Higher income to provide for family,SE,0.25,3,SE,SE,SE; BE; PO,BE; PO; SE,"Power: resources, Security: personal, Security: societal, Benevolence: caring"
Asian,Asian,Making a difference in my student's lives,BE,0.25,3,BE,AC,AC; BE; SE,AC; BE; FA; SE,"Achievement, Face, Security: personal, Benevolence: caring"
Asian,Asian,resilience,AC,0.25,3,AC,AC,AC; SE; BE,AC; SE,"Achievement, Security: societal"
Asian,Asian,meeting or exceeding expectations,CO,0.25,3,CO,AC,AC; FA; UN,AC; FA,"Achievement, Face"
Asian,Asian,To become a top performer and contributor to the company,PO,0.25,3,PO,AC,AC; PO; FA,AC; FA; PO,"Achievement, Power: resources, Face"
Asian,Asian,Process improvement,AC,0.25,3,AC,AC,AC; UN; BE,AC; BE; UN,"Achievement, Benevolence: caring, Universalism: objectivity"
Asian,Asian,becoming more skillful and competent,AC,0.25,3,AC,AC,AC; SD; ST,AC; SD,"Self-direction: thought, Achievement"
Asian,Asian,Helping others,BE,0.25,3,BE,BE,BE; SE; AC,AC; BE; SE,"Achievement, Security: personal, Benevolence: caring"
Asian,Asian,provide good services,AC,0.25,3,AC,AC,AC; BE; SE,AC; BE,"Achievement, Benevolence: caring"
Asian,Asian,producing successful content,AC,0.25,3,AC,AC,AC; SD; HE,AC; HE; SD,"Self-direction: thought, Hedonism, Achievement"
Asian,Asian,God-centeredness,TR,0.25,3,TR,TR,TR; BE; SD,TR,Tradition
Asian,Asian,Impact,UN,0.25,3,UN,SE,SE; UN; FA,SE,Security: personal
Asian,Asian,Security,SE,0.25,3,SE,SE,SE; CO; BE,SE,Security: societal
Asian,Asian,Create connections with the children in the classroom,BE,0.25,3,BE,SE,SE; BE; AC,AC; BE; CO; FA; SE,"Achievement, Face, Security: personal, Conformity: rules, Benevolence: caring"
Asian,Asian,Financial stability,SE,0.25,3,SE,SE,SE; PO; BE,BE; PO; SE,"Power: resources, Security: personal, Security: societal, Benevolence: caring"
Asian,Asian,Produce meaningful data to aid company for success,AC,0.25,3,AC,AC,AC; UN; PO,AC; BE; PO; SD; UN,"Self-direction: thought, Achievement, Power: resources, Benevolence: caring, Universalism: objectivity"
Asian,Asian,Monetary Incentives (Raises),PO,0.25,3,PO,PO,PO; AC; SE,AC; PO; SE,"Achievement, Power: resources, Security: personal"
Asian,Asian,Document information as accurately as possible,AC,0.25,3,AC,AC,AC; BE; UN,AC; BE; UN,"Achievement, Benevolence: caring, Universalism: objectivity"
Asian,Asian,"Provide service to local community, something bigger than myself",UN,0.25,3,UN,BE,BE; SE; AC,AC; BE; SE,"Achievement, Security: personal, Benevolence: caring, Benevolence: dependability"
Asian,Asian,Work-life balance,HE,0.25,3,HE,SE,SE; BE; SD,BE; SE,"Security: personal, Benevolence: caring"
Asian,Asian,Help clients get through rough times,BE,0.25,3,BE,BE,BE; SE; AC,AC; BE; SD; SE,"Self-direction: action, Achievement, Security: personal, Benevolence: caring"
Asian,Asian,Learn and develop my competency in my field of practice.,AC,0.25,3,AC,AC,AC; SD; UN,AC; SD,"Self-direction: thought, Achievement"
Asian,Asian,Ensure that the work I do is challenging and I am always learning something new,ST,0.25,3,ST,AC,AC; SD; ST,AC; SD; ST,"Self-direction: thought, Stimulation, Achievement"
Asian,Asian,Learning more knowledge about my area,AC,0.25,3,AC,AC,AC; SD; UN,AC; SD; UN,"Self-direction: thought, Achievement, Universalism: objectivity"
Asian,Asian,I ensure the success of my company.,AC,0.25,3,AC,AC,AC; PO; SE,AC; PO,"Achievement, Power: dominance, Power: resources"
Asian,Asian,I want to go home knowing that I have financial security.,SE,0.25,3,SE,SE,SE; BE; PO,BE; PO; SE,"Power: resources, Security: personal, Security: societal, Benevolence: caring"
Asian,Asian,Being Creative,SD,0.25,3,SD,SD,SD; AC; HE,AC; SD,"Self-direction: thought, Achievement"
Asian,Asian,Getting promoted,AC,0.25,3,AC,AC,AC; PO; UN,AC; FA; PO; UN,"Achievement, Power: resources, Face, Universalism: concern"
Asian,Asian,Get promotions,AC,0.25,3,AC,AC,AC; SD; CO,AC,Achievement
Asian,Asian,organization,SE,0.25,3,SE,AC,AC; CO; SE,AC; CO,"Achievement, Conformity: rules"
Asian,Asian,Life work balance,HE,0.25,3,HE,SE,SE; BE; SD,BE; SE,"Security: personal, Benevolence: caring"
Asian,Asian,"Safe environment, mentally and physically",SE,0.25,3,SE,SE,SE; BE; CO,BE; SE,"Security: personal, Benevolence: caring"
Asian,Asian,Patient care,BE,0.25,3,BE,SE,SE; BE; AC,BE; SE,"Security: personal, Benevolence: caring"
Asian,Asian,high salary,PO,0.25,3,PO,PO,PO; AC; SE,AC; PO,"Achievement, Power: resources"
Asian,Asian,finishing my duties on time,AC,0.25,3,AC,AC,AC; BE; CO,AC; BE; CO,"Achievement, Conformity: rules, Benevolence: dependability"
Asian,Asian,Stability,SE,0.25,3,SE,SE,SE; AC; BE,SE,Security: societal
Asian,Asian,Promotion,AC,0.25,3,AC,SE,SE; UN; AC,,
Asian,Asian,High productivity,AC,0.25,3,AC,AC,AC; SD; CO,AC,Achievement
Asian,Asian,Honesty,BE,0.25,3,BE,BE,BE; CO; UN,BE; CO; UN,"Conformity: rules, Benevolence: caring, Benevolence: dependability, Universalism: objectivity"
Asian,Asian,Don't sell out by doing work that goes against my morals just for more money.,UN,0.25,3,UN,CO,CO; TR; BE,BE; CO; HU; TR,"Tradition, Conformity: rules, Humility, Benevolence: dependability"
Asian,Asian,Making sure my tasks are completed on time,AC,0.25,3,AC,AC,AC; BE; CO,AC; BE; CO,"Achievement, Conformity: rules, Benevolence: caring, Benevolence: dependability"
Asian,Asian,Meeting multiple deadlines daily/nightly,AC,0.25,3,AC,AC,AC; CO; BE,AC; CO,"Achievement, Conformity: rules"
Asian,Asian,Making sure the clients are happy with my work.,AC,0.25,3,AC,AC,AC; FA; PO,AC; BE; FA; PO; SD,"Self-direction: action, Achievement, Power: resources, Face, Benevolence: caring"
Asian,Asian,Making a difference,UN,0.25,3,UN,BE,BE; UN; PO,BE; UN,"Benevolence: caring, Universalism: tolerance"
Asian,Asian,Completing my tasks on time,AC,0.25,3,AC,AC,AC; BE; CO,AC; BE,"Achievement, Benevolence: dependability"
Asian,Asian,Improving patient care,BE,0.25,3,BE,SE,SE; BE; AC,AC; BE; SE,"Achievement, Security: personal, Benevolence: caring"
Asian,Asian,Promotion,AC,0.25,3,AC,SE,SE; UN; AC,,
Asian,Asian,reach new customers,AC,0.25,3,AC,AC,AC; PO; CO,AC; PO,"Achievement, Power: dominance, Power: resources"
Asian,Asian,job security,SE,0.25,3,SE,SE,SE; BE; CO,BE; CO; SE,"Security: societal, Conformity: rules, Benevolence: dependability"
Asian,Asian,Safety and Well-Being of Employees,SE,0.25,3,SE,SE,SE; BE; CO,SE,"Security: personal, Security: societal"
Asian,Asian,Customer satisfaction,AC,0.25,3,AC,AC,AC; BE; SD,AC; BE,"Achievement, Benevolence: caring"
Asian,Asian,I want to produce good work product.,AC,0.25,3,AC,AC,AC; SD; PO,AC; SD,"Self-direction: thought, Achievement"
Asian,Asian,excel at my job,AC,0.25,3,AC,AC,AC; FA; SD,AC,Achievement
Asian,Asian,Innovation of my work,ST,0.25,3,ST,AC,AC; SD; UN,AC; SD,"Self-direction: thought, Achievement"
Asian,Asian,making a difference in society,UN,0.25,3,UN,BE,BE; AC; UN,AC; BE; SE; UN,"Achievement, Security: societal, Benevolence: caring, Universalism: tolerance"
Asian,Asian,Attaining the results I want,AC,0.25,3,AC,AC,AC; SD; ST,AC; SD,"Self-direction: action, Achievement"
Asian,Asian,to do my job well and efficiently,AC,0.25,3,AC,AC,AC; BE; PO,AC,Achievement
Asian,Asian,I treat everyone with respect,CO,0.25,3,CO,CO,CO; FA; UN,CO; FA; TR; UN,"Face, Tradition, Conformity: rules, Conformity: interpersonal, Universalism: concern, Universalism: tolerance"
Asian,Asian,independence,SD,0.25,3,SD,SE,SE; AC; SD,,
Asian,Asian,Opportunity for growth,AC,0.25,3,AC,AC,AC; PO; SD,AC; PO; SD,"Self-direction: thought, Achievement, Power: resources"
Asian,Asian,customer satisfaction,AC,0.25,3,AC,AC,AC; BE; SD,AC; BE; FA; SD,"Self-direction: action, Achievement, Face, Benevolence: caring"
Asian,Asian,financial stability,SE,0.25,3,SE,SE,SE; PO; BE,PO; SE,"Power: resources, Security: personal, Security: societal"
Asian,Asian,To enjoy work to its fullest extent,HE,0.25,3,HE,AC,AC; ST; SD,AC; HE; SD; ST,"Self-direction: thought, Self-direction: action, Stimulation, Hedonism, Achievement"
Asian,Asian,Helping,BE,0.25,3,BE,BE,BE; AC; SE,AC; BE; SE,"Achievement, Security: personal, Benevolence: caring"
Asian,Asian,Generating income revenue/wealth,PO,0.25,3,PO,PO,PO; AC; SE,AC; PO; SE,"Achievement, Power: resources, Security: personal"
Asian,Asian,to innovate and do something different from competitors,ST,0.25,3,ST,AC,AC; SD; UN,AC; SD,"Self-direction: thought, Achievement"
Asian,Asian,reliability,BE,0.25,3,BE,UN,UN; BE; AC,AC; BE; UN,"Achievement, Benevolence: caring, Universalism: objectivity"
Asian,Asian,Good work life balance,HE,0.25,3,HE,SE,SE; BE; AC,BE; SE,"Security: personal, Benevolence: caring"
Asian,Asian,Bringing home as much cash as possible,SE,0.25,3,SE,PO,PO; AC; SE,AC; PO,"Achievement, Power: resources"
Asian,Asian,Earn lots of money,PO,0.25,3,PO,PO,PO; AC; SE,AC; PO,"Achievement, Power: resources"
Asian,Asian,honesty,BE,0.25,3,BE,BE,BE; CO; HU,BE; CO,"Conformity: rules, Benevolence: caring, Benevolence: dependability"
Asian,Asian,student achievement,BE,0.25,3,BE,AC,AC; FA; CO,AC; FA,"Achievement, Face"
Asian,Asian,Learning new skills,AC,0.25,3,AC,AC,AC; SD; ST,AC; SD; ST,"Self-direction: thought, Stimulation, Achievement"
Asian,Asian,quality,AC,0.25,3,AC,SE,SE; AC; BE,,
Asian,Asian,Getting campaigns up and running,AC,0.25,3,AC,AC,AC; PO; UN,AC; PO,"Achievement, Power: dominance"
Asian,Asian,To be the best I can be at what I am assigned,AC,0.25,3,AC,AC,AC; BE; ST,AC,Achievement
Asian,Asian,Earning money,PO,0.25,3,PO,PO,PO; AC; SE,AC; PO,"Achievement, Power: resources"
Asian,Asian,Do work that I enjoy and love,HE,0.25,3,HE,AC,AC; SD; ST,AC; HE; SD; ST,"Self-direction: thought, Self-direction: action, Stimulation, Hedonism, Achievement"
Asian,Asian,Connections - expanding and strengthening my network,AC,0.25,3,AC,SE,SE; AC; FA,AC; FA; SE; ST; UN,"Stimulation, Achievement, Face, Security: personal, Universalism: tolerance"
Asian,Asian,Ability to advance my career,AC,0.25,3,AC,AC,AC; SD; PO,AC; PO; SD,"Self-direction: thought, Self-direction: action, Achievement, Power: resources"
Asian,Asian,Meeting goals and expectations if not surpassing them,AC,0.25,3,AC,AC,AC; FA; ST,AC; FA,"Achievement, Face"
Asian,Asian,Lending aid to those in need,UN,0.25,3,UN,BE,BE; SE; UN,BE; SE; UN,"Security: personal, Benevolence: caring, Universalism: concern"
Asian,Asian,money,PO,0.25,3,PO,SE,SE; PO; CO,SE,Security: personal
Asian,Asian,Critical Thinking,SD,0.25,3,SD,AC,AC; SD; UN,AC; SD; UN,"Self-direction: thought, Achievement, Universalism: tolerance, Universalism: objectivity"
Asian,Asian,Freedom,SD,0.25,3,SD,SD,SD; UN; AC,,
Asian,Asian,Service,SE,0.25,3,SE,BE,BE; AC; CO,,
Asian,Asian,Learning something new while completing tasks.,AC,0.25,3,AC,AC,AC; SD; ST,AC; SD; ST,"Self-direction: thought, Stimulation, Achievement"
Asian,Asian,Making a difference,UN,0.25,3,UN,BE,BE; UN; PO,BE; UN,"Benevolence: caring, Universalism: tolerance"
Asian,Asian,Economic stability (fair salary/wages with benefits),SE,0.25,3,SE,SE,SE; PO; AC,AC; PO; SE; UN,"Achievement, Power: resources, Security: personal, Security: societal, Universalism: concern"
Asian,Asian,providing a voice for those not in authority roles,UN,0.25,3,UN,UN,UN; SD; PO,FA; PO; SD; UN,"Self-direction: thought, Self-direction: action, Power: dominance, Face, Universalism: concern, Universalism: tolerance"
Asian,Asian,Efficiency,AC,0.25,3,AC,AC,AC; UN; SE,AC; UN,"Achievement, Universalism: nature, Universalism: objectivity"
Asian,Asian,making money,PO,0.25,3,PO,PO,PO; SE; CO,PO,Power: resources
Asian,Asian,Be driven to help people,BE,0.25,3,BE,BE,BE; AC; SE,AC; BE; SE,"Achievement, Security: personal, Benevolence: caring"
Asian,Asian,Make money,PO,0.25,3,PO,PO,PO; AC; SE,AC; PO,"Achievement, Power: resources"
Asian,Asian,"One of my goals is to grow the size of the companies customer base, I feel that fueling this growth is the best way for the company to develop.",AC,0.25,3,AC,AC,AC; PO; SD,AC; PO,"Achievement, Power: dominance, Power: resources"
Asian,Asian,"Contributing to something larger than I am (research, or teaching)",UN,0.25,3,UN,AC,AC; SD; UN,AC; SD; UN,"Self-direction: thought, Achievement, Universalism: tolerance"
Asian,Asian,Efficiency,AC,0.25,3,AC,AC,AC; UN; SE,AC; UN,"Achievement, Universalism: nature, Universalism: objectivity"
Asian,Asian,Providing a good user experience to those who work in healthcare,BE,0.25,3,BE,AC,AC; SE; BE,AC; BE; SE,"Achievement, Security: personal, Benevolence: caring"
Asian,Asian,Learn a new skill,AC,0.25,3,AC,AC,AC; SD; ST,AC; SD; ST,"Self-direction: thought, Self-direction: action, Stimulation, Achievement"
Asian,Asian,constantly improve everyday,AC,0.25,3,AC,SE,SE; AC; HE,AC; BE; HE; SE; ST,"Stimulation, Hedonism, Achievement, Security: personal, Benevolence: caring"
Asian,Asian,work life balance,HE,0.25,3,HE,SE,SE; ST; BE,SE,Security: personal
Asian,Asian,making a difference,UN,0.25,3,UN,BE,BE; UN; PO,BE,Benevolence: caring
Asian,Asian,Develop skillsets,AC,0.25,3,AC,AC,AC; SD; BE,AC; SD,"Self-direction: thought, Achievement"
Asian,Asian,social impact,UN,0.25,3,UN,SE,SE; UN; FA,FA; SE; UN,"Face, Security: personal, Universalism: tolerance, Universalism: objectivity"
Asian,Asian,Get everything done on time,AC,0.25,3,AC,AC,AC; BE; CO,AC; BE,"Achievement, Benevolence: dependability"
Asian,Asian,financial stability,SE,0.25,3,SE,SE,SE; PO; BE,PO; SE,"Power: resources, Security: personal, Security: societal"
Asian,Asian,being successful,AC,0.25,3,AC,AC,AC; BE; CO,AC,Achievement
Asian,Asian,Passing my exams,AC,0.25,3,AC,AC,AC; UN; SD,AC; UN,"Achievement, Universalism: objectivity"
Asian,Asian,Job security,SE,0.25,3,SE,SE,SE; BE; PO,BE; PO; SE,"Power: resources, Security: personal, Security: societal, Benevolence: caring"
Asian,Asian,Trust of my patients,BE,0.25,3,BE,SE,SE; BE; CO,BE; SE,"Security: personal, Benevolence: caring, Benevolence: dependability"
Asian,Asian,To always reliably preform my duties,AC,0.25,3,AC,AC,AC; BE; CO,AC; BE; CO,"Achievement, Conformity: rules, Benevolence: dependability"
Asian,Asian,support family,SE,0.25,3,SE,BE,BE; SE; TR,BE; SE; TR,"Security: personal, Tradition, Benevolence: caring"
Asian,Asian,Making Money,PO,0.25,3,PO,PO,PO; CO; BE,PO,Power: resources
Asian,Asian,Stability,SE,0.25,3,SE,SE,SE; AC; BE,SE,Security: societal
Asian,Asian,Presentable work,AC,0.25,3,AC,AC,AC; BE; SD,AC,Achievement
Asian,Asian,having impact on people and the environment,UN,0.25,3,UN,UN,UN; SE; BE,SE; UN,"Security: personal, Universalism: nature"
Asian,Asian,diverse tasks,ST,0.25,3,ST,AC,AC; SD; ST,AC; SD; ST,"Self-direction: thought, Stimulation, Achievement"
Asian,Asian,Serving patients and providing them with quality health care,BE,0.25,3,BE,SE,SE; BE; AC,AC; BE; SE,"Achievement, Security: personal, Benevolence: caring"
Asian,Asian,Having enough money,SE,0.25,3,SE,SE,SE; PO; BE,PO; SE,"Power: resources, Security: personal"
Asian,Asian,Job security,SE,0.25,3,SE,SE,SE; BE; PO,BE; PO; SE,"Power: resources, Security: personal, Security: societal, Benevolence: caring"
Asian,Asian,Perfection,AC,0.25,3,AC,AC,AC; CO; BE,AC,Achievement
Asian,Asian,being successful with my results,AC,0.25,3,AC,AC,AC; SD; UN,AC,Achievement
Asian,Asian,Delivering value to our clients,AC,0.25,3,AC,AC,AC; PO; FA,AC; FA; PO,"Achievement, Power: resources, Face"
Asian,Asian,Get all my work done on time and correct,AC,0.25,3,AC,AC,AC; BE; CO,AC; BE,"Achievement, Benevolence: dependability"
Asian,Asian,Help others,BE,0.25,3,BE,BE,BE; AC; UN,AC; BE,"Achievement, Benevolence: caring"
Asian,Asian,Learning new skills,AC,0.25,3,AC,AC,AC; SD; ST,AC; SD; ST,"Self-direction: thought, Stimulation, Achievement"
Asian,Asian,success,AC,0.25,3,AC,AC,AC; CO; BE,AC,Achievement
Asian,Asian,Provide for family,SE,0.25,3,SE,BE,BE; SE; TR,BE; SE,"Security: personal, Security: societal, Benevolence: caring"
Asian,Asian,Stability,SE,0.25,3,SE,SE,SE; AC; BE,SE,Security: societal
Asian,Asian,Apply new methods,ST,0.25,3,ST,AC,AC; UN; SD,AC; BE; SD; UN,"Self-direction: thought, Achievement, Benevolence: caring, Universalism: objectivity"
Asian,Asian,innovation,ST,0.25,3,ST,AC,AC; SD; UN,AC; SD,"Self-direction: thought, Achievement"
Asian,Asian,Being excited about work,ST,0.25,3,ST,AC,AC; SD; ST,AC; SD; ST,"Self-direction: thought, Stimulation, Achievement"
Asian,Asian,Independence,SD,0.25,3,SD,SD,SD; UN; SE,SD; UN,"Self-direction: action, Universalism: concern"
Asian,Asian,Promotion,AC,0.25,3,AC,SE,SE; UN; AC,,
Asian,Asian,To be efficient enough that I can relax at work and enjoy myself,HE,0.25,3,HE,HE,HE; ST; SD,AC; HE; SD; SE; ST,"Self-direction: thought, Self-direction: action, Stimulation, Hedonism, Achievement, Security: personal"
Asian,Asian,Ability to make a contribution,BE,0.25,3,BE,AC,AC; BE; SD,AC; BE; SD; ST,"Self-direction: thought, Stimulation, Achievement, Benevolence: caring"
Asian,Asian,helping those in need,UN,0.25,3,UN,BE,BE; SE; UN,BE; SE; UN,"Security: personal, Benevolence: caring, Universalism: concern"
Asian,Asian,Being able to be a positive impact on society by focusing on structural issues while also directly interacting with the community,UN,0.25,3,UN,SE,SE; BE; UN,AC; BE; PO; SE; UN,"Achievement, Power: dominance, Security: personal, Security: societal, Benevolence: caring, Universalism: tolerance"
Asian,Asian,Bottom line improvement,AC,0.25,3,AC,AC,AC; UN; SD,AC; UN,"Achievement, Universalism: objectivity"
Asian,Asian,Being the top performer among collogues always,AC,0.25,3,AC,AC,AC; FA; SD,AC; FA,"Achievement, Face"
Asian,Asian,Time management,AC,0.25,3,AC,AC,AC; CO; BE,AC; BE; CO,"Achievement, Conformity: rules, Benevolence: caring"
Asian,Asian,Having a list of things to do and completing it,AC,0.25,3,AC,AC,AC; BE; CO,AC; BE; CO,"Achievement, Conformity: rules, Benevolence: dependability"
Asian,Asian,Being kind and patient,CO,0.25,3,CO,BE,BE; CO; UN,BE; CO,"Conformity: interpersonal, Benevolence: caring"
Asian,Asian,able to apply skills gained/learned in future,AC,0.25,3,AC,AC,AC; SD; BE,AC; BE; SD,"Self-direction: thought, Achievement, Benevolence: caring"
Asian,Asian,reaching goals,AC,0.25,3,AC,AC,AC; CO; ST,AC; CO; ST,"Stimulation, Achievement, Conformity: rules"
Asian,Asian,Provide a service to give back to the world,UN,0.25,3,UN,BE,BE; AC; UN,AC; BE,"Achievement, Benevolence: caring, Benevolence: dependability"
Asian,Asian,Attaining seniority,SE,0.25,3,SE,AC,AC; FA; PO,AC; CO; FA; PO; UN,"Achievement, Power: dominance, Face, Conformity: interpersonal, Universalism: concern"
Asian,Asian,fast and accurate,AC,0.25,3,AC,AC,AC; UN; BE,AC; BE; UN,"Achievement, Benevolence: caring, Universalism: objectivity"
Asian,Asian,Contributing to society,UN,0.25,3,UN,AC,AC; BE; UN,AC; BE; SD; SE; UN,"Self-direction: thought, Achievement, Security: societal, Benevolence: caring, Universalism: tolerance, Universalism: objectivity"
Asian,Asian,mentor well,AC,0.25,3,AC,AC,AC; BE; SE,AC; BE; SE,"Achievement, Security: personal, Benevolence: caring"
Asian,Asian,learning new techniques,AC,0.25,3,AC,AC,AC; SD; ST,AC; SD; ST,"Self-direction: thought, Stimulation, Achievement"
Asian,Asian,Growth,AC,0.25,3,AC,SE,SE; AC; UN,,
Asian,Asian,Manage and lead classroom with co-teachers by communicating effectively,PO,0.25,3,PO,AC,AC; BE; CO,AC; BE; CO,"Achievement, Conformity: rules, Benevolence: caring"
Asian,Asian,Contributing to the team,BE,0.25,3,BE,AC,AC; SD; BE,AC; BE; SD,"Self-direction: thought, Achievement, Benevolence: caring"
Asian,Asian,Provide accurate data,AC,0.25,3,AC,UN,UN; BE; AC,AC; BE; UN,"Achievement, Benevolence: caring, Benevolence: dependability, Universalism: objectivity"
Asian,Asian,Promotions (Level Increase),AC,0.25,3,AC,AC,AC; PO; FA,AC,Achievement
Asian,Asian,Document information as quickly as possible,AC,0.25,3,AC,AC,AC; UN; BE,AC; BE; SD; UN,"Self-direction: thought, Achievement, Benevolence: caring, Universalism: objectivity"
Asian,Asian,Make more money,PO,0.25,3,PO,PO,PO; AC; SE,AC; PO,"Achievement, Power: resources"
Asian,Asian,Making a positive difference in the world,UN,0.25,3,UN,UN,UN; BE; AC,AC; BE; UN,"Achievement, Benevolence: caring, Universalism: nature"
Asian,Asian,Financial Stability,SE,0.25,3,SE,SE,SE; PO; AC,AC; PO; SE,"Achievement, Power: resources, Security: personal, Security: societal"
Asian,Asian,Challenge myself by learning different tasks and expanding my scope of work.,ST,0.25,3,ST,AC,AC; SD; ST,AC; SD; ST,"Self-direction: thought, Self-direction: action, Stimulation, Achievement"
Asian,Asian,Independence and reliablity among coworkers,SD,0.25,3,SD,SD,SD; AC; FA,AC; FA; SD,"Self-direction: thought, Self-direction: action, Achievement, Face"
Asian,Asian,Getting promoted to the next level,AC,0.25,3,AC,AC,AC; UN; FA,AC; FA; UN,"Achievement, Face, Universalism: concern"
Asian,Asian,I work hard on every task and have pride in my work.,AC,0.25,3,AC,AC,AC; FA; PO,AC; FA; PO; SD,"Self-direction: action, Achievement, Power: resources, Face"
Asian,Asian,I want to establish myself as someone my peers and supervisors can depend on and trust to handle situations independently.,BE,0.25,3,BE,AC,AC; SD; BE,AC; BE; FA; SD; ST,"Self-direction: action, Stimulation, Achievement, Face, Benevolence: dependability"
Asian,Asian,self reliance,SD,0.25,3,SD,AC,AC; UN; BE,AC; BE; SD; UN,"Self-direction: action, Achievement, Benevolence: caring, Benevolence: dependability, Universalism: objectivity"
Asian,Asian,Getting paid higher,PO,0.25,3,PO,PO,PO; AC; UN,AC; PO; UN,"Achievement, Power: resources, Universalism: concern"
Asian,Asian,Look for ways to improve the organization structural goals,AC,0.25,3,AC,AC,AC; BE; PO,AC,Achievement
Asian,Asian,Teach those that want to learn,BE,0.25,3,BE,AC,AC; SD; ST,AC; BE; SD; ST,"Self-direction: thought, Stimulation, Achievement, Benevolence: caring"
Asian,Asian,Perform excellent work,AC,0.25,3,AC,AC,AC; FA; BE,AC,Achievement
Asian,Asian,Making money for my future,SE,0.25,3,SE,PO,PO; SE; AC,AC; PO; SE,"Achievement, Power: resources, Security: personal"
Asian,Asian,follow through,AC,0.25,3,AC,SD,SD; AC; BE,SD,Self-direction: thought
Asian,Asian,Creativity,SD,0.25,3,SD,AC,AC; SD; BE,AC; SD,"Self-direction: thought, Achievement"
Asian,Asian,freedom,SD,0.25,3,SD,SD,SD; BE; UN,,
Asian,Asian,making my supervisor look good,CO,0.25,3,CO,FA,FA; AC; HE,AC; FA,"Achievement, Face"
Asian,Asian,Change,ST,0.25,3,ST,UN,UN; AC; BE,,
Asian,Asian,Bonus,PO,0.25,3,PO,AC,AC; SE; BE,,
Asian,Asian,Providing my patients with the best care possible,BE,0.25,3,BE,SE,SE; AC; BE,AC; BE; SE,"Achievement, Security: personal, Benevolence: caring"
Asian,Asian,Independence,SD,0.25,3,SD,SD,SD; UN; SE,SD; UN,"Self-direction: action, Universalism: concern"
Asian,Asian,Making sure my team understands what to do,PO,0.25,3,PO,AC,AC; SE; BE,AC; BE; SE,"Achievement, Security: societal, Benevolence: caring, Benevolence: dependability"
Asian,Asian,Producing error-free work,AC,0.25,3,AC,AC,AC; UN; BE,AC; BE; UN,"Achievement, Benevolence: caring, Universalism: objectivity"
Asian,Asian,perform work to the best of my ability,AC,0.25,3,AC,AC,AC; FA; SD,AC; FA; SD,"Self-direction: thought, Achievement, Face"
Asian,Asian,Producing work in a timely manner that will allow a more productive and peaceful workflow.,AC,0.25,3,AC,AC,AC; SE; BE,AC; BE; CO; SE,"Achievement, Security: personal, Conformity: rules, Benevolence: caring"
Asian,Asian,Helping others,BE,0.25,3,BE,BE,BE; SE; AC,AC; BE; SE,"Achievement, Security: personal, Benevolence: caring"
Asian,Asian,To make money,PO,0.25,3,PO,PO,PO; AC; CO,AC; PO,"Achievement, Power: resources"
Asian,Asian,Completing my tasks accurately,AC,0.25,3,AC,AC,AC; UN; BE,AC; BE; UN,"Achievement, Benevolence: caring, Universalism: objectivity"
Asian,Asian,Raise,PO,0.25,3,PO,AC,AC; PO; BE,,
Asian,Asian,reach high sales,AC,0.25,3,AC,PO,PO; AC; CO,AC; PO,"Achievement, Power: resources"
Asian,Asian,financial security,SE,0.25,3,SE,SE,SE; PO; BE,PO; SE,"Power: resources, Security: personal, Security: societal"
Asian,Asian,Independence and Taking Initiative/Proactive/Adaptability/Grit/Resilience,SD,0.25,3,SD,AC,AC; SD; ST,AC; SD; ST,"Self-direction: thought, Self-direction: action, Stimulation, Achievement"
Asian,Asian,Cleanliness,SE,0.25,3,SE,UN,UN; CO; SE,CO; SE; UN,"Security: personal, Conformity: rules, Universalism: nature"
Asian,Asian,I want to learn and get better at my practice.,AC,0.25,3,AC,AC,AC; SD; ST,AC; SD; ST,"Self-direction: thought, Stimulation, Achievement"
Asian,Asian,make enough financially,SE,0.25,3,SE,SE,SE; PO; BE,PO; SE,"Power: resources, Security: personal"
Asian,Asian,Being efficient,AC,0.25,3,AC,AC,AC; BE; UN,AC,Achievement
Asian,Asian,I make sure to finish all my tasks,AC,0.25,3,AC,AC,AC; BE; CO,AC; BE; CO,"Achievement, Conformity: rules, Benevolence: dependability"
Asian,Asian,high paying,PO,0.25,3,PO,PO,PO; AC; SE,AC; PO,"Achievement, Power: resources"
Asian,Asian,Varied challenges,ST,0.25,3,ST,AC,AC; SD; UN,AC,Achievement
Asian,Asian,consumer health,BE,0.25,3,BE,SE,SE; BE; UN,SE,Security: personal
Asian,Asian,go beyond what is expected,AC,0.25,3,AC,CO,CO; AC; FA,AC; CO; FA,"Achievement, Face, Conformity: rules"
Asian,Asian,Encourage new ideas,ST,0.25,3,ST,SD,SD; AC; UN,AC; SD; UN,"Self-direction: thought, Achievement, Universalism: tolerance, Universalism: objectivity"
Asian,Asian,Organization,SE,0.25,3,SE,AC,AC; CO; SE,AC; CO; SE,"Achievement, Security: personal, Conformity: rules"
Asian,Asian,Working diligently & efficiently,AC,0.25,3,AC,AC,AC; CO; BE,AC,Achievement
Asian,Asian,Board certification in my specialty area,AC,0.25,3,AC,AC,AC; UN; SD,AC; UN,"Achievement, Universalism: objectivity"
Asian,Asian,Having sufficient time for relaxation,HE,0.25,3,HE,HE,HE; ST; SD,AC; HE; SD; SE; ST,"Self-direction: thought, Self-direction: action, Stimulation, Hedonism, Achievement, Security: personal"
Asian,Asian,Help lots of people,UN,0.25,3,UN,BE,BE; AC; SE,AC; BE; SE,"Achievement, Security: personal, Benevolence: caring"
Asian,Asian,fairness,BE,0.25,3,BE,UN,UN; BE; CO,BE; UN,"Benevolence: caring, Universalism: concern"
Asian,Asian,student retention,BE,0.25,3,BE,AC,AC; CO; BE,AC; BE; CO,"Achievement, Conformity: rules, Benevolence: caring"
Asian,Asian,Mentoring new employees,AC,0.25,3,AC,AC,AC; BE; FA,AC; BE,"Achievement, Benevolence: caring"
Asian,Asian,balance,TR,0.25,3,TR,UN,UN; BE; AC,,
Asian,Asian,Working in efficient manner to process orders,AC,0.25,3,AC,AC,AC; PO; BE,AC; BE; PO,"Achievement, Power: resources, Benevolence: caring"
Asian,Asian,To perform consistently at work,AC,0.25,3,AC,AC,AC; FA; BE,AC,Achievement
Asian,Asian,Make a good living off of the work I enjoy doing and find fulfilling,SE,0.25,3,SE,AC,AC; PO; SD,AC; PO; SD; SE; ST,"Self-direction: thought, Self-direction: action, Stimulation, Achievement, Power: resources, Security: personal"
Asian,Asian,"Automation - being as clever as I can about things that don't matter, and focusing on things that do",AC,0.25,3,AC,AC,AC; UN; SD,AC; SD; UN,"Self-direction: thought, Achievement, Universalism: objectivity"
Asian,Asian,Make my company prosper,AC,0.25,3,AC,AC,AC; PO; FA,AC; PO,"Achievement, Power: dominance, Power: resources"
Asian,Asian,Understanding the order of things and maintaining efficiency,AC,0.25,3,AC,AC,AC; UN; PO,AC; UN,"Achievement, Universalism: objectivity"
Asian,Asian,benefits,PO,0.25,3,PO,SE,SE; AC; BE,AC; BE; SE,"Achievement, Security: personal, Benevolence: caring"
Asian,Asian,Organization,SE,0.25,3,SE,AC,AC; CO; SE,AC; CO; SE,"Achievement, Security: personal, Conformity: rules"
Asian,Asian,Wealth,PO,0.25,3,PO,PO,PO; CO; AC,,
Asian,Asian,Development of skills,AC,0.25,3,AC,AC,AC; SD; BE,AC; SD,"Self-direction: thought, Achievement"
Asian,Asian,Serve the other coworker's needs as best as possible.,BE,0.25,3,BE,CO,CO; UN; SE,BE; CO; SE; UN,"Security: personal, Conformity: interpersonal, Benevolence: caring, Universalism: concern, Universalism: tolerance"
Asian,Asian,Helping people,BE,0.25,3,BE,BE,BE; AC; SE,AC; BE; SE; UN,"Achievement, Security: personal, Benevolence: caring, Universalism: concern"
Asian,Asian,"Communal respect (workers, managers, and aux. workers)",CO,0.25,3,CO,FA,FA; UN; SE,CO; FA; SE; UN,"Face, Security: personal, Conformity: rules, Conformity: interpersonal, Universalism: concern, Universalism: tolerance"
Asian,Asian,providing value,AC,0.25,3,AC,AC,AC; PO; SE,AC; PO; SE,"Achievement, Power: resources, Security: personal"
Asian,Asian,New experiences,ST,0.25,3,ST,HE,HE; SD; ST,AC; HE; SD; SE; ST; UN,"Self-direction: thought, Stimulation, Hedonism, Achievement, Security: personal, Universalism: tolerance"
Asian,Asian,exposing corruption,UN,0.25,3,UN,BE,BE; CO; SE,BE; CO; SE; UN,"Security: societal, Conformity: rules, Benevolence: caring, Universalism: concern, Universalism: objectivity"
Asian,Asian,using creativity in my work,SD,0.25,3,SD,SD,SD; AC; ST,AC; SD; ST,"Self-direction: thought, Stimulation, Achievement"
Asian,Asian,Proceed in my chosen career,SD,0.25,3,SD,AC,AC; SD; ST,AC; SD; ST,"Self-direction: thought, Self-direction: action, Stimulation, Achievement"
Asian,Asian,Have fun,HE,0.25,3,HE,HE,HE; ST; SD,AC; HE; SD; ST,"Self-direction: thought, Self-direction: action, Stimulation, Hedonism, Achievement"
Asian,Asian,Company Growth,AC,0.25,3,AC,AC,AC; PO; UN,AC; PO,"Achievement, Power: resources"
Asian,Asian,"Another goal is to create a comprehensive social network, not only with my peers, but with people in positions much higher and above my own.",PO,0.25,3,PO,AC,AC; FA; SE,AC; FA; SE; UN,"Achievement, Face, Security: personal, Universalism: concern, Universalism: tolerance"
Asian,Asian,Work life balance,HE,0.25,3,HE,SE,SE; AC; BE,AC; SE,"Achievement, Security: personal"
Asian,Asian,Earning higher income.,PO,0.25,3,PO,PO,PO; AC; SE,AC; PO; SE,"Achievement, Power: resources, Security: personal"
Asian,Asian,Tolerance,UN,0.25,3,UN,UN,UN; CO; BE,BE; CO; UN,"Conformity: rules, Benevolence: caring, Universalism: concern, Universalism: tolerance"
Asian,Asian,Always be polite to both colleagues and clients.,CO,0.25,3,CO,CO,CO; FA; BE,BE; CO; FA,"Face, Conformity: rules, Conformity: interpersonal, Benevolence: caring, Benevolence: dependability"
Asian,Asian,Creating an impact in healthcare,UN,0.25,3,UN,AC,AC; SE; SD,AC; BE; SD; SE,"Self-direction: thought, Achievement, Security: personal, Benevolence: caring"
Asian,Asian,Build positive relationships with clients,AC,0.25,3,AC,FA,FA; BE; AC,AC; BE; CO; FA; PO; SE,"Achievement, Power: dominance, Face, Security: personal, Conformity: rules, Benevolence: caring, Benevolence: dependability"
Asian,Asian,show the best version of myself,AC,0.25,3,AC,AC,AC; HE; SD,AC; BE; FA; HE; SD; ST,"Self-direction: action, Stimulation, Hedonism, Achievement, Face, Benevolence: caring"
Asian,Asian,being successful,AC,0.25,3,AC,AC,AC; BE; CO,AC,Achievement
Asian,Asian,Creativity,SD,0.25,3,SD,AC,AC; SD; BE,AC; SD,"Self-direction: thought, Achievement"
Asian,Asian,Create solutions to difficult problems,SD,0.25,3,SD,AC,AC; SD; UN,AC; SD,"Self-direction: thought, Achievement"
Asian,Asian,"Remain calm and professional, even when I am unhappy at work",CO,0.25,3,CO,CO,CO; AC; BE,AC; BE; CO,"Achievement, Conformity: rules, Conformity: interpersonal, Benevolence: caring"
Asian,Asian,respect,CO,0.25,3,CO,AC,AC; SE; CO,,
Asian,Asian,Get all my work done,AC,0.25,3,AC,AC,AC; SD; CO,AC; SD,"Self-direction: thought, Achievement"
Asian,Asian,making a lot of money,PO,0.25,3,PO,PO,PO; AC; SE,AC; PO,"Achievement, Power: resources"
Asian,Asian,Respectful,CO,0.25,3,CO,FA,FA; AC; CO,AC; CO; FA,"Achievement, Face, Conformity: interpersonal"
Asian,Asian,Learning knowledge about my field,AC,0.25,3,AC,AC,AC; SD; UN,AC; SD; UN,"Self-direction: thought, Achievement, Universalism: objectivity"
Asian,Asian,Helping allies,BE,0.25,3,BE,BE,BE; AC; SE,AC; BE; SE; UN,"Achievement, Security: personal, Security: societal, Benevolence: caring, Universalism: concern"
Asian,Asian,Independence,SD,0.25,3,SD,SD,SD; UN; SE,SD; UN,"Self-direction: action, Universalism: concern"
Asian,Asian,Independence,SD,0.25,3,SD,SD,SD; UN; SE,SD; UN,"Self-direction: action, Universalism: concern"
Asian,Asian,Help those around me,BE,0.25,3,BE,BE,BE; SE; UN,BE; SE,"Security: personal, Benevolence: caring"
Asian,Asian,To advance myself though certifications and promotions,AC,0.25,3,AC,AC,AC; SD; PO,AC; PO; SD,"Self-direction: thought, Self-direction: action, Achievement, Power: resources"
Asian,Asian,stay hired,SE,0.25,3,SE,AC,AC; BE; CO,AC,Achievement
Asian,Asian,Meeting deadlines,AC,0.25,3,AC,AC,AC; CO; BE,AC; BE; CO,"Achievement, Conformity: rules, Benevolence: dependability"
Asian,Asian,being creative,SD,0.25,3,SD,SD,SD; AC; HE,AC; SD,"Self-direction: thought, Achievement"
Asian,Asian,good social impact,UN,0.25,3,UN,UN,UN; BE; SE,BE; SE; UN,"Security: personal, Security: societal, Benevolence: caring, Universalism: nature, Universalism: tolerance"
Asian,Asian,Having a positive impact,UN,0.25,3,UN,BE,BE; UN; SE,AC; BE; SE; UN,"Achievement, Security: personal, Benevolence: caring, Universalism: tolerance"
Asian,Asian,Efficiency,AC,0.25,3,AC,AC,AC; UN; SE,AC; UN,"Achievement, Universalism: nature, Universalism: objectivity"
Asian,Asian,Mentoring individuals on my team,AC,0.25,3,AC,AC,AC; BE; SD,AC; BE; SD,"Self-direction: thought, Achievement, Benevolence: caring"
Asian,Asian,Have fun,HE,0.25,3,HE,HE,HE; ST; SD,AC; HE; SD; ST,"Self-direction: thought, Self-direction: action, Stimulation, Hedonism, Achievement"
Asian,Asian,be the best in the company,AC,0.25,3,AC,AC,AC; FA; PO,AC; FA,"Achievement, Face"
Asian,Asian,Helping others,BE,0.25,3,BE,BE,BE; SE; AC,AC; BE; SE,"Achievement, Security: personal, Benevolence: caring"
Asian,Asian,product sales,AC,0.25,3,AC,PO,PO; AC; UN,AC; PO,"Achievement, Power: resources"
Asian,Asian,Helping others and community,BE,0.25,3,BE,BE,BE; SE; UN,BE; SE; UN,"Security: personal, Security: societal, Benevolence: caring, Universalism: tolerance"
Asian,Asian,Creativity,SD,0.25,3,SD,AC,AC; SD; BE,AC; SD,"Self-direction: thought, Achievement"
Asian,Asian,Prestige,AC,0.25,3,AC,AC,AC; FA; PO,AC,Achievement
Asian,Asian,fun,HE,0.25,3,HE,SE,SE; UN; AC,,
Asian,Asian,Time Management,AC,0.25,3,AC,AC,AC; CO; BE,AC; BE; CO,"Achievement, Conformity: rules, Benevolence: caring"
Asian,Asian,Being helpful,BE,0.25,3,BE,BE,BE; AC; UN,AC; BE,"Achievement, Benevolence: caring"
Asian,Asian,Stable,SE,0.25,3,SE,AC,AC; UN; BE,AC,Achievement
Asian,Asian,Recognition,AC,0.25,3,AC,AC,AC; FA; BE,AC; FA,"Achievement, Face"
Asian,Asian,using my skills to the best of my abilities,AC,0.25,3,AC,AC,AC; SD; ST,AC; SD; ST,"Self-direction: thought, Stimulation, Achievement"
Asian,Asian,Being able to implement some of my ideas that will help with overall program development/management skills,SD,0.25,3,SD,AC,AC; SD; PO,AC; BE; PO; SD,"Self-direction: thought, Achievement, Power: resources, Benevolence: caring"
Asian,Asian,Efficiency,AC,0.25,3,AC,AC,AC; UN; SE,AC; UN,"Achievement, Universalism: nature, Universalism: objectivity"
Asian,Asian,Hardworking,AC,0.25,3,AC,AC,AC; PO; BE,AC; PO,"Achievement, Power: resources"
Asian,Asian,Extra mile contributions,BE,0.25,3,BE,AC,AC; BE; ST,AC; BE; ST,"Stimulation, Achievement, Benevolence: caring, Benevolence: dependability"
Asian,Asian,Having a sales goal,AC,0.25,3,AC,AC,AC; PO; FA,AC; PO,"Achievement, Power: resources"
Asian,Asian,Wealth,PO,0.25,3,PO,PO,PO; CO; AC,,
Asian,Asian,Job stability,SE,0.25,3,SE,SE,SE; AC; BE,AC; BE; PO; SE,"Achievement, Power: resources, Security: personal, Benevolence: caring"
Asian,Asian,Not leaving anyone behind,BE,0.25,3,BE,BE,BE; SE; UN,BE; SE; UN,"Security: personal, Security: societal, Benevolence: caring, Universalism: concern"
Asian,Asian,being dependable,BE,0.25,3,BE,BE,BE; AC; CO,AC; BE,"Achievement, Benevolence: caring, Benevolence: dependability"
Asian,Asian,Earn money,PO,0.25,3,PO,PO,PO; AC; SE,AC; PO,"Achievement, Power: resources"
Asian,Asian,Creating products that make peoples' lives easier,UN,0.25,3,UN,SE,SE; BE; SD,AC; BE; HE; SD; SE,"Self-direction: action, Hedonism, Achievement, Security: personal, Benevolence: caring"
Asian,Asian,responsible,BE,0.25,3,BE,AC,AC; BE; CO,AC,Achievement
Asian,Asian,Being punctual,AC,0.25,3,AC,AC,AC; CO; BE,AC; BE; CO,"Achievement, Conformity: rules, Benevolence: caring, Benevolence: dependability"
Asian,Asian,do well,AC,0.25,3,AC,AC,AC; BE; FA,AC,Achievement
Asian,Asian,take on new responsibilities,BE,0.25,3,BE,BE,BE; SE; CO,AC; BE; CO; SE,"Achievement, Security: personal, Conformity: rules, Benevolence: caring, Benevolence: dependability"
Asian,Asian,Mutual Prosperity,AC,0.25,3,AC,SE,SE; PO; BE,BE; PO; SE,"Power: resources, Security: personal, Benevolence: caring"
Asian,Asian,Doing my best,AC,0.25,3,AC,AC,AC; BE; ST,AC; BE,"Achievement, Benevolence: caring"
Asian,Asian,Create a safe environment that children can learn and grow within,BE,0.25,3,BE,AC,AC; SD; BE,AC; BE; SD; SE; UN,"Self-direction: thought, Achievement, Security: personal, Benevolence: caring, Universalism: tolerance"
Asian,Asian,Use data to ensure company runs smoothly,AC,0.25,3,AC,AC,AC; PO; UN,AC; PO; UN,"Achievement, Power: resources, Universalism: objectivity"
Asian,Asian,Work life balance,HE,0.25,3,HE,SE,SE; AC; BE,AC; SE,"Achievement, Security: personal"
Asian,Asian,Document information in an aesthetically pleasing way,SE,0.25,3,SE,AC,AC; SD; BE,AC; BE; SD,"Self-direction: thought, Achievement, Benevolence: caring"
Asian,Asian,Effort is being recognized,CO,0.25,3,CO,AC,AC; FA; PO,AC; FA; PO,"Achievement, Power: resources, Face"
Asian,Asian,Succeeding/doing well,AC,0.25,3,AC,AC,AC; FA; SD,AC,Achievement
Asian,Asian,Avoiding office drama and gossip,TR,0.25,3,TR,CO,CO; BE; FA,BE; CO; FA; SE,"Face, Security: personal, Conformity: rules, Conformity: interpersonal, Benevolence: caring"
Asian,Asian,I treat the other employees and clients with respect.,CO,0.25,3,CO,CO,CO; FA; UN,CO; FA; UN,"Face, Conformity: rules, Conformity: interpersonal, Universalism: concern"
Asian,Asian,Freedom of time,SD,0.25,3,SD,SD,SD; AC; ST,AC; SD,"Self-direction: thought, Self-direction: action, Achievement"
Asian,Asian,Getting projects and I would genuinely enjoy,HE,0.25,3,HE,AC,AC; SD; ST,AC; HE; SD; ST,"Self-direction: thought, Stimulation, Hedonism, Achievement"
Asian,Asian,Develop and research technology features that may help the company,AC,0.25,3,AC,AC,AC; SD; PO,AC; BE; PO; SD,"Self-direction: thought, Achievement, Power: resources, Benevolence: caring"
Asian,Asian,Complete the stuff I need to do with quality work,AC,0.25,3,AC,AC,AC; BE; SD,AC,Achievement
Asian,Asian,Build connections,AC,0.25,3,AC,AC,AC; SE; BE,AC,Achievement
Asian,Asian,courtesy,CO,0.25,3,CO,CO,CO; BE; AC,BE; CO,"Conformity: rules, Benevolence: caring"
Asian,Asian,Give you sense of competency and opportunity to help others,BE,0.25,3,BE,AC,AC; BE; SE,AC; BE; FA; SD; SE; ST,"Self-direction: thought, Stimulation, Achievement, Face, Security: personal, Benevolence: caring, Benevolence: dependability"
Asian,Asian,hardwork,AC,0.25,3,AC,AC,AC; BE; SD,AC,Achievement
Asian,Asian,Accountability,BE,0.25,3,BE,BE,BE; CO; AC,AC; BE; CO,"Achievement, Conformity: rules, Benevolence: caring, Benevolence: dependability"
Asian,Asian,safety of myself and others,SE,0.25,3,SE,SE,SE; BE; CO,BE; SE,"Security: personal, Security: societal, Benevolence: caring"
Asian,Asian,Social welfare,UN,0.25,3,UN,SE,SE; BE; UN,BE; SE; UN,"Security: personal, Benevolence: caring, Universalism: tolerance"
Asian,Asian,Making sure that I am doing the best job possible,AC,0.25,3,AC,AC,AC; BE; FA,AC,Achievement
Asian,Asian,Give full attention to people I'm assisting and don't just brush them off to save time.,BE,0.25,3,BE,CO,CO; AC; BE,AC; BE; CO; UN,"Achievement, Conformity: rules, Conformity: interpersonal, Benevolence: caring, Benevolence: dependability, Universalism: concern"
Asian,Asian,Meeting metrics,AC,0.25,3,AC,AC,AC; UN; CO,AC; UN,"Achievement, Universalism: objectivity"
Asian,Asian,be creative and think of new ways to do things,SD,0.25,3,SD,SD,SD; AC; ST,AC; SD; ST,"Self-direction: thought, Stimulation, Achievement"
Asian,Asian,Make enough money to cover bills and expenses at the end of each month.,SE,0.25,3,SE,SE,SE; PO; BE,BE; PO; SE,"Power: resources, Security: personal, Benevolence: dependability"
Asian,Asian,Enjoying what I do,HE,0.25,3,HE,HE,HE; ST; SD,AC; HE; SD; ST,"Self-direction: thought, Self-direction: action, Stimulation, Hedonism, Achievement"
Asian,Asian,To help out in any capacity,BE,0.25,3,BE,BE,BE; AC; SE,AC; BE,"Achievement, Benevolence: caring"
Asian,Asian,Finding ways to solve problems,SD,0.25,3,SD,AC,AC; SD; BE,AC; BE; SD; UN,"Self-direction: thought, Achievement, Benevolence: caring, Universalism: objectivity"
Asian,Asian,Respect from co-workers,CO,0.25,3,CO,FA,FA; AC; SE,AC; FA; SE,"Achievement, Face, Security: personal"
Asian,Asian,growing numbers,AC,0.25,3,AC,SE,SE; BE; UN,SE,"Security: personal, Security: societal"
Asian,Asian,advancement opportunities,AC,0.25,3,AC,AC,AC; PO; SD,AC; PO,"Achievement, Power: resources"
Asian,Asian,Be dependable,BE,0.25,3,BE,BE,BE; AC; SE,AC; BE; SE,"Achievement, Security: societal, Benevolence: caring, Benevolence: dependability"
Asian,Asian,Flexibility with achievements,AC,0.25,3,AC,AC,AC; SD; BE,AC; BE; SD,"Self-direction: action, Achievement, Benevolence: caring"
Asian,Asian,work-life balance,HE,0.25,3,HE,SE,SE; BE; AC,BE; SE,"Security: personal, Benevolence: caring"
Asian,Asian,Being creative,SD,0.25,3,SD,SD,SD; AC; HE,AC; SD,"Self-direction: thought, Achievement"
Asian,Asian,to find happiness in my job but not let it be my entire world,HE,0.25,3,HE,SE,SE; SD; HE,AC; HE; SD; SE; ST,"Self-direction: action, Stimulation, Hedonism, Achievement, Security: personal"
Asian,Asian,I make sure that my clients are happy with my job,AC,0.25,3,AC,SE,SE; SD; BE,AC; BE; CO; FA; PO; SD; SE,"Self-direction: action, Achievement, Power: resources, Face, Security: personal, Conformity: interpersonal, Benevolence: caring"
Asian,Asian,Commensurate renumeration,SE,0.25,3,SE,UN,UN; AC; BE,AC; BE; UN,"Achievement, Benevolence: caring, Universalism: concern, Universalism: objectivity"
Asian,Asian,company wealth,PO,0.25,3,PO,PO,PO; AC; SE,AC; PO,"Achievement, Power: resources"
Asian,Asian,be outstanding,AC,0.25,3,AC,AC,AC; ST; HE,AC,Achievement
Asian,Asian,Creativity,SD,0.25,3,SD,AC,AC; SD; BE,AC; SD,"Self-direction: thought, Achievement"
Asian,Asian,Working to please and satisfy guests/customers,AC,0.25,3,AC,CO,CO; BE; SD,BE; CO; SD,"Self-direction: action, Conformity: rules, Conformity: interpersonal, Benevolence: caring"
Asian,Asian,excel at best skills,AC,0.25,3,AC,AC,AC; SD; FA,AC; SD,"Self-direction: thought, Achievement"
Asian,Asian,management,PO,0.25,3,PO,AC,AC; CO; SE,,
Asian,Asian,No complaints from clients,AC,0.25,3,AC,CO,CO; BE; AC,AC; BE; CO,"Achievement, Conformity: rules, Benevolence: caring"
Asian,Asian,Work contributes to society,UN,0.25,3,UN,AC,AC; SE; BE,AC; BE; SE,"Achievement, Security: personal, Security: societal, Benevolence: caring"
Asian,Asian,Having space/alone time,HE,0.25,3,HE,SD,SD; ST; HE,HE; SD; ST,"Self-direction: thought, Self-direction: action, Stimulation, Hedonism"
Asian,Asian,operate in complete integrity,BE,0.25,3,BE,CO,CO; BE; AC,AC; BE; CO,"Achievement, Conformity: rules, Benevolence: caring, Benevolence: dependability"
Asian,Asian,diligence,AC,0.25,3,AC,AC,AC; BE; CO,AC; BE; CO; UN,"Achievement, Conformity: rules, Benevolence: caring, Benevolence: dependability, Universalism: objectivity"
Asian,Asian,student progress,BE,0.25,3,BE,AC,AC; CO; BE,AC,Achievement
Asian,Asian,Participating in diversity and inclusion workshops,UN,0.25,3,UN,UN,UN; SE; BE,SE; UN,"Security: personal, Universalism: concern, Universalism: tolerance"
Asian,Asian,fun,HE,0.25,3,HE,SE,SE; UN; AC,,
Asian,Asian,Being time efficient,AC,0.25,3,AC,AC,AC; BE; UN,AC; BE; UN,"Achievement, Benevolence: caring, Universalism: objectivity"
Asian,Asian,To be responsible for my actions,BE,0.25,3,BE,BE,BE; CO; UN,BE; CO,"Conformity: rules, Benevolence: dependability"
Asian,Asian,Contribution to society,UN,0.25,3,UN,AC,AC; BE; SE,AC; BE; SE; UN,"Achievement, Security: societal, Benevolence: caring, Universalism: tolerance"
Asian,Asian,Make a difference in someone's life,BE,0.25,3,BE,BE,BE; SE; AC,AC; BE; SE,"Achievement, Security: personal, Benevolence: caring"
Asian,Asian,"Finding the right answer - not the loudest in the room, but the actual right thing",UN,0.25,3,UN,AC,AC; UN; SD,AC; UN,"Achievement, Universalism: tolerance, Universalism: objectivity"
Asian,Asian,Fulfull the needs of our customers,AC,0.25,3,AC,BE,BE; SD; AC,AC; BE; SD; SE,"Self-direction: action, Achievement, Security: personal, Benevolence: caring"
Asian,Asian,Autonomy to meet goals and expectation in a way that allows me to thrive as a person,SD,0.25,3,SD,SD,SD; AC; ST,AC; SD; ST,"Self-direction: thought, Self-direction: action, Stimulation, Achievement"
Asian,Asian,vacation,HE,0.25,3,HE,SD,SD; SE; HE,HE; SD; SE,"Self-direction: action, Hedonism, Security: personal"
Asian,Asian,Efficiency,AC,0.25,3,AC,AC,AC; UN; SE,AC; UN,"Achievement, Universalism: nature, Universalism: objectivity"
Asian,Asian,Leadership,PO,0.25,3,PO,AC,AC; PO; FA,AC; PO,"Achievement, Power: dominance"
Asian,Asian,Help the company in an any way possible to become profitable.,PO,0.25,3,PO,AC,AC; PO; BE,AC; PO,"Achievement, Power: resources"
Asian,Asian,Job stability,SE,0.25,3,SE,SE,SE; AC; BE,AC; BE; PO; SE,"Achievement, Power: resources, Security: personal, Benevolence: caring"
Asian,Asian,helping others,BE,0.25,3,BE,BE,BE; AC; SE,AC; BE; SE; UN,"Achievement, Security: personal, Benevolence: caring, Universalism: tolerance"
Asian,Asian,Fun,HE,0.25,3,HE,SE,SE; BE; AC,,
Asian,Asian,rooting out discrimination,UN,0.25,3,UN,UN,UN; CO; FA,CO; FA; UN,"Face, Conformity: interpersonal, Universalism: concern, Universalism: tolerance"
Asian,Asian,executing requests for clients successfully,AC,0.25,3,AC,AC,AC; SD; UN,AC; SD,"Self-direction: action, Achievement"
Asian,Asian,"Maintain economic prosperity, make a living wage",SE,0.25,3,SE,PO,PO; SE; AC,AC; PO; SE,"Achievement, Power: resources, Security: personal, Security: societal"
Asian,Asian,Don't hurt others,BE,0.25,3,BE,CO,CO; UN; BE,BE; CO; UN,"Conformity: rules, Conformity: interpersonal, Benevolence: caring, Universalism: concern"
Asian,Asian,Financial Stability,SE,0.25,3,SE,SE,SE; PO; AC,AC; PO; SE,"Achievement, Power: resources, Security: personal, Security: societal"
Asian,Asian,"Being more efficient at work, such that I can maintain my high quality level of work, but still have more free time.",AC,0.25,3,AC,AC,AC; ST; SD,AC; HE; SD; SE; ST,"Self-direction: thought, Self-direction: action, Stimulation, Hedonism, Achievement, Security: personal"
Asian,Asian,Opportunities for personal development in order to acquire new skills,AC,0.25,3,AC,AC,AC; SD; ST,AC; SD; SE; ST,"Self-direction: thought, Self-direction: action, Stimulation, Achievement, Security: personal"
Asian,Asian,Honesty,BE,0.25,3,BE,BE,BE; CO; UN,BE; CO; UN,"Conformity: rules, Benevolence: caring, Benevolence: dependability, Universalism: objectivity"
Asian,Asian,Always ensure that the work is complete and thorough.,AC,0.25,3,AC,AC,AC; BE; CO,AC; BE,"Achievement, Benevolence: dependability"
Asian,Asian,Establishing good design and development principles,AC,0.25,3,AC,AC,AC; SD; UN,AC; SD,"Self-direction: thought, Achievement"
Asian,Asian,Reorganize structures,AC,0.25,3,AC,AC,AC; BE; SD,AC; BE,"Achievement, Benevolence: caring"
Asian,Asian,make use of time,AC,0.25,3,AC,AC,AC; HE; ST,AC; BE; HE; SD; ST,"Self-direction: thought, Self-direction: action, Stimulation, Hedonism, Achievement, Benevolence: caring"
Asian,Asian,money,PO,0.25,3,PO,SE,SE; PO; CO,SE,Security: personal
Asian,Asian,"Set, meet, and exceed one's goals",AC,0.25,3,AC,AC,AC; ST; SD,AC; ST,"Stimulation, Achievement"
Asian,Asian,growth,AC,0.25,3,AC,SE,SE; AC; CO,,
Asian,Asian,Find ways to express my creativity and passion,SD,0.25,3,SD,SD,SD; AC; ST,AC; HE; SD; ST,"Self-direction: thought, Self-direction: action, Stimulation, Hedonism, Achievement"
Asian,Asian,Creativity,SD,0.25,3,SD,AC,AC; SD; BE,AC; SD,"Self-direction: thought, Achievement"
Asian,Asian,Learning how to use certain programs,AC,0.25,3,AC,AC,AC; SD; BE,AC; BE; SD,"Self-direction: thought, Achievement, Benevolence: caring"
Asian,Asian,Getting paid,SE,0.25,3,SE,PO,PO; AC; UN,AC; PO; UN,"Achievement, Power: resources, Universalism: concern"
Asian,Asian,Success,AC,0.25,3,AC,AC,AC; BE; CO,,
Asian,Asian,Time management,AC,0.25,3,AC,AC,AC; CO; BE,AC; BE; CO,"Achievement, Conformity: rules, Benevolence: caring"
Asian,Asian,Do good work,AC,0.25,3,AC,AC,AC; BE; FA,AC,Achievement
Asian,Asian,To be known as reliable and dependable at work,BE,0.25,3,BE,AC,AC; FA; BE,AC; BE; FA,"Achievement, Face, Benevolence: caring, Benevolence: dependability"
Asian,Asian,Not getting in trouble,CO,0.25,3,CO,CO,CO; BE; UN,BE; CO; UN,"Conformity: rules, Benevolence: caring, Universalism: concern"
Asian,Asian,Productivity,AC,0.25,3,AC,AC,AC; SD; BE,AC; SD,"Self-direction: thought, Achievement"
Asian,Asian,Being able to move up in my career,AC,0.25,3,AC,AC,AC; SD; PO,AC; PO; SD; ST,"Self-direction: action, Stimulation, Achievement, Power: resources"
Asian,Asian,being challenged,ST,0.25,3,ST,AC,AC; UN; CO,AC; UN,"Achievement, Universalism: concern"
Asian,Asian,growth,AC,0.25,3,AC,SE,SE; AC; CO,,
Asian,Asian,Feeling challenged,ST,0.25,3,ST,AC,AC; SD; UN,AC,Achievement
Asian,Asian,Helping others,BE,0.25,3,BE,BE,BE; SE; AC,AC; BE; SE,"Achievement, Security: personal, Benevolence: caring"
Joint,Joint,Pleasantness and Accomodation,CO,0.25,3,CO,SE,SE; BE; HE,BE; CO; HE; SD; SE,"Self-direction: action, Hedonism, Security: personal, Conformity: interpersonal, Benevolence: caring"
Joint,Joint,Equality and opportunities for all,UN,0.25,3,UN,UN,UN; AC; SE,AC; SE; UN,"Achievement, Security: personal, Universalism: concern"
Joint,Joint,Quality social services,BE,0.25,3,BE,BE,BE; SE; AC,BE; SE,"Security: personal, Benevolence: caring"
Joint,Joint,Advancing the field,UN,0.25,3,UN,AC,AC; SD; UN,AC; SD; UN,"Self-direction: thought, Achievement, Universalism: objectivity"
Joint,Joint,Developing solutions for diverse populations,UN,0.25,3,UN,UN,UN; AC; BE,AC; BE; SE; UN,"Achievement, Security: personal, Security: societal, Benevolence: caring, Universalism: concern, Universalism: tolerance, Universalism: objectivity"
Joint,Joint,Streamlining processes in the organization,AC,0.25,3,AC,AC,AC; PO; BE,AC,Achievement
Joint,Joint,Tolerance towards others,UN,0.25,3,UN,UN,UN; BE; CO,BE; CO; UN,"Conformity: rules, Conformity: interpersonal, Benevolence: caring, Universalism: concern, Universalism: tolerance"
Joint,Joint,To impact the ecosystem,BE,0.25,3,BE,UN,UN; AC; BE,UN,Universalism: nature
Joint,Joint,Equal opportunities,UN,0.25,3,UN,UN,UN; AC; SD,UN,Universalism: concern
Joint,Joint,Create mobility and employment opportunities for people,UN,0.25,3,UN,AC,AC; SE; SD,AC; BE; SD; SE; ST; UN,"Self-direction: action, Stimulation, Achievement, Security: personal, Benevolence: caring, Universalism: concern"
Joint,Joint,To support the business strategy of the organization,AC,0.25,3,AC,AC,AC; PO; SD,AC; PO,"Achievement, Power: dominance"
Joint,Joint,Expand the social vision in employment and society,AC,0.25,3,AC,AC,AC; SE; PO,AC; PO; SE,"Achievement, Power: resources, Security: personal"
Joint,Joint,My personal progress,AC,0.25,3,AC,AC,AC; UN; SD,AC,Achievement
Joint,Joint,Equal opportunities for employees and participants,UN,0.25,3,UN,UN,UN; AC; SE,AC; PO; SE; UN,"Achievement, Power: resources, Security: personal, Universalism: concern"
Joint,Joint,Occupational competence,AC,0.25,3,AC,AC,AC; SE; BE,AC; BE; SE,"Achievement, Security: personal, Benevolence: dependability"
Joint,Joint,To advance through the ranks,PO,0.25,3,PO,AC,AC; PO; UN,AC; PO,"Achievement, Power: resources"
Joint,Joint,professionalism,AC,0.25,3,AC,AC,AC; FA; CO,AC; FA,"Achievement, Face"
Joint,Joint,Promoting a government decision for optimal aging and implementing measures that Eshel will lead in the work plan,UN,0.25,3,UN,PO,PO; BE; AC,AC; BE; PO; SE,"Achievement, Power: dominance, Security: personal, Benevolence: caring"
Joint,Joint,Promoting social mobility in Arab society,UN,0.25,3,UN,AC,AC; UN; SE,AC; SD; SE; ST; UN,"Self-direction: action, Stimulation, Achievement, Security: personal, Universalism: concern, Universalism: tolerance"
Joint,Joint,National influence,AC,0.25,3,AC,SE,SE; PO; UN,SE,"Security: personal, Security: societal"
Joint,Joint,Impact,UN,0.25,3,UN,SE,SE; UN; FA,SE,Security: personal
Joint,Joint,Success,AC,0.25,3,AC,AC,AC; BE; CO,,
Joint,Joint,Promotion in current position,AC,0.25,3,AC,AC,AC; PO; UN,AC; PO,"Achievement, Power: resources"
Joint,Joint,The success of the program,AC,0.25,3,AC,AC,AC; BE; SE,AC; BE,"Achievement, Benevolence: caring"
Joint,Joint,To do something meaningful with my time.,SD,0.25,3,SD,AC,AC; ST; BE,AC; BE; SD; ST,"Self-direction: thought, Stimulation, Achievement, Benevolence: caring"
Joint,Joint,"Promote significant social change, especially for populations in need.",UN,0.25,3,UN,UN,UN; SE; BE,BE; SE; UN,"Security: personal, Security: societal, Benevolence: caring, Universalism: concern, Universalism: tolerance"
Joint,Joint,"Appropriate service for residents, especially minorities",BE,0.25,3,BE,UN,UN; SE; BE,BE; SE; UN,"Security: personal, Benevolence: caring, Universalism: concern, Universalism: tolerance"
Joint,Joint,Advancing disadvantaged populations in a changing labor market,UN,0.25,3,UN,UN,UN; AC; SE,AC; SE; UN,"Achievement, Security: personal, Universalism: concern"
Joint,Joint,Develop the direct impact of the Joint Venture on society not only through government,AC,0.25,3,AC,PO,PO; SE; AC,AC; PO; SE,"Achievement, Power: dominance, Security: personal, Security: societal"
Joint,Joint,The goal is to promote optimal aging in Israel.,UN,0.25,3,UN,AC,AC; UN; SE,AC; SE; UN,"Achievement, Security: personal, Universalism: nature, Universalism: objectivity"
Joint,Joint,Reducing gaps between populations,UN,0.25,3,UN,UN,UN; SE; AC,AC; SE; UN,"Achievement, Security: personal, Security: societal, Universalism: concern"
Joint,Joint,To impliment change in the field of aging,UN,0.25,3,UN,SD,SD; AC; UN,AC; SD; SE; UN,"Self-direction: thought, Achievement, Security: personal, Universalism: tolerance, Universalism: objectivity"
Joint,Joint,Innovative thinking in solving social problems,SD,0.25,3,SD,AC,AC; SD; BE,AC; BE; SD; UN,"Self-direction: thought, Achievement, Benevolence: caring, Universalism: tolerance, Universalism: objectivity"
Joint,Joint,To not be afraid to express my opinion,SD,0.25,3,SD,SD,SD; UN; SE,SD; UN,"Self-direction: thought, Self-direction: action, Universalism: tolerance"
Joint,Joint,Strengthen confidence in the abilities of adults and reduce self-agism bias,UN,0.25,3,UN,AC,AC; UN; FA,AC; FA; SD; UN,"Self-direction: thought, Achievement, Face, Universalism: tolerance"
Joint,Joint,To move forward and always look forward to the next challenge,AC,0.25,3,AC,AC,AC; ST; SD,AC; SD; ST,"Self-direction: thought, Stimulation, Achievement"
Joint,Joint,To preform tasks to the best of my ability,AC,0.25,3,AC,AC,AC; BE; FA,AC,Achievement
Joint,Joint,accuracy,AC,0.25,3,AC,UN,UN; AC; BE,AC; BE; UN,"Achievement, Benevolence: caring, Universalism: objectivity"
Joint,Joint,To think deeply about problems and solutions,SD,0.25,3,SD,AC,AC; SD; UN,AC; SD; UN,"Self-direction: thought, Achievement, Universalism: objectivity"
Joint,Joint,Social justice,UN,0.25,3,UN,UN,UN; CO; AC,CO; UN,"Conformity: rules, Universalism: tolerance"
Joint,Joint,To continue helping and increasing support of vulnerable populations,UN,0.25,3,UN,UN,UN; SE; BE,BE; SE; UN,"Security: personal, Security: societal, Benevolence: caring, Universalism: concern, Universalism: tolerance"
Joint,Joint,"To feel significant, to feel a part of change",SD,0.25,3,SD,FA,FA; AC; ST,AC; FA; PO; SD; SE; ST; UN,"Self-direction: thought, Stimulation, Achievement, Power: dominance, Face, Security: personal, Universalism: tolerance"
Joint,Joint,Promoting fairness in public systems,UN,0.25,3,UN,UN,UN; BE; PO,BE; UN,"Benevolence: caring, Universalism: concern"
Joint,Joint,To succeed and advance in other roles,AC,0.25,3,AC,AC,AC; SD; ST,AC; SD; ST,"Self-direction: action, Stimulation, Achievement"
Joint,Joint,Reducing social gaps,UN,0.25,3,UN,UN,UN; SE; BE,SE; UN,"Security: personal, Universalism: concern, Universalism: tolerance"
Joint,Joint,reliability,BE,0.25,3,BE,UN,UN; BE; AC,AC; BE; UN,"Achievement, Benevolence: caring, Universalism: objectivity"
Joint,Joint,Promoting independent living for people with disabilities,UN,0.25,3,UN,SD,SD; UN; SE,AC; BE; SD; SE; UN,"Self-direction: action, Achievement, Security: personal, Benevolence: caring, Universalism: concern"
Joint,Joint,Change of perception,UN,0.25,3,UN,UN,UN; SE; FA,SE; UN,"Security: personal, Universalism: tolerance, Universalism: objectivity"
Joint,Joint,To recieve an appropriate salary for the position,SE,0.25,3,SE,PO,PO; AC; UN,AC; PO; SE; UN,"Achievement, Power: resources, Security: personal, Universalism: concern"
Joint,Joint,Promoting quality education for everyone,UN,0.25,3,UN,AC,AC; UN; SD,AC; SD; UN,"Self-direction: thought, Achievement, Universalism: concern"
Joint,Joint,To impact optimal aging in Israeli society,UN,0.25,3,UN,AC,AC; UN; SE,AC; SE; UN,"Achievement, Security: personal, Universalism: nature, Universalism: objectivity"
Joint,Joint,Transparency,BE,0.25,3,BE,AC,AC; UN; BE,AC; BE; UN,"Achievement, Benevolence: caring, Universalism: objectivity"
Joint,Joint,Linkage between the field and the office,SE,0.25,3,SE,AC,AC; BE; SE,AC; BE,"Achievement, Benevolence: caring"
Joint,Joint,To formulate a national policy in my line of work,AC,0.25,3,AC,AC,AC; PO; UN,AC; PO; SD; UN,"Self-direction: thought, Achievement, Power: dominance, Universalism: objectivity"
Joint,Joint,Improving the lifestyle of the elderly,UN,0.25,3,UN,SE,SE; BE; SD,BE; CO; HE; SD; SE,"Self-direction: action, Hedonism, Security: personal, Conformity: interpersonal, Benevolence: caring"
Joint,Joint,meaning,SD,0.25,3,SD,AC,AC; BE; SE,,
Joint,Joint,Tidiness,SE,0.25,3,SE,CO,CO; BE; SE,BE; CO,"Conformity: rules, Benevolence: caring"
Joint,Joint,Influence on policy,UN,0.25,3,UN,PO,PO; UN; AC,AC; PO; UN,"Achievement, Power: dominance, Universalism: objectivity"
Joint,Joint,Creating a significant social impact,UN,0.25,3,UN,UN,UN; FA; PO,BE; FA; PO; SE; UN,"Power: dominance, Face, Security: personal, Benevolence: caring, Universalism: nature, Universalism: tolerance"
Joint,Joint,Help create a better Israeli society,UN,0.25,3,UN,SE,SE; BE; AC,AC; BE; SE; UN,"Achievement, Security: personal, Security: societal, Benevolence: caring, Universalism: concern, Universalism: tolerance"
Joint,Joint,Providing service with kindness,CO,0.25,3,CO,BE,BE; SE; CO,BE,Benevolence: caring
Joint,Joint,Environmental awareness,UN,0.25,3,UN,UN,UN; AC; SE,UN,Universalism: nature
Joint,Joint,Professionalism and attention to detail,AC,0.25,3,AC,AC,AC; PO; BE,AC; BE; CO; FA; PO,"Achievement, Power: resources, Face, Conformity: rules, Benevolence: dependability"
Joint,Joint,Assistance in promoting projects effectively and successfully,AC,0.25,3,AC,AC,AC; SD; BE,AC; BE; PO; SD,"Self-direction: thought, Achievement, Power: dominance, Benevolence: caring"
Joint,Joint,Promoting evidence-based development processes,AC,0.25,3,AC,AC,AC; UN; SD,AC; SD; UN,"Self-direction: thought, Achievement, Universalism: objectivity"
Joint,Joint,Impact on the quality of people's employment in their private lives,AC,0.25,3,AC,SE,SE; AC; SD,AC; SD; SE,"Self-direction: action, Achievement, Security: personal"
Joint,Joint,Change in services provided to disadvantaged populations,UN,0.25,3,UN,UN,UN; SE; BE,BE; SE; UN,"Security: personal, Benevolence: caring, Universalism: concern"
Joint,Joint,Proper books,AC,0.25,3,AC,AC,AC; BE; UN,AC; BE; CO; UN,"Achievement, Conformity: rules, Benevolence: caring, Universalism: objectivity"
Joint,Joint,Reducing gaps in Israeli society,UN,0.25,3,UN,UN,UN; SE; AC,AC; SE; UN,"Achievement, Security: personal, Security: societal, Universalism: concern, Universalism: tolerance"
Joint,Joint,Equal opportunities,UN,0.25,3,UN,UN,UN; AC; SD,UN,Universalism: concern
Joint,Joint,"Flexibility in working hours and tasks, improved conditions and pay",HE,0.25,3,HE,SD,SD; AC; SE,AC; PO; SD; SE,"Self-direction: action, Achievement, Power: resources, Security: personal"
Joint,Joint,Cooperation between organizations - welfare and health funds,UN,0.25,3,UN,SE,SE; BE; UN,AC; BE; SE; UN,"Achievement, Security: personal, Benevolence: caring, Benevolence: dependability, Universalism: concern"
Joint,Joint,Professionalism,AC,0.25,3,AC,AC,AC; FA; CO,AC; FA,"Achievement, Face"
Joint,Joint,Integrating diverse populations into quality employment,UN,0.25,3,UN,AC,AC; UN; SE,AC; SE; UN,"Achievement, Security: personal, Security: societal, Universalism: concern, Universalism: tolerance"
Joint,Joint,Implementing the map of indicators for optimal aging,UN,0.25,3,UN,AC,AC; UN; SE,AC; UN,"Achievement, Universalism: nature, Universalism: objectivity"
Joint,Joint,Promoting equal opportunities for all populations in Israel,UN,0.25,3,UN,UN,UN; SE; AC,AC; SE; UN,"Achievement, Security: personal, Universalism: concern, Universalism: tolerance"
Joint,Joint,Reducing gaps and inequality,UN,0.25,3,UN,UN,UN; SE; AC,SE; UN,"Security: personal, Universalism: concern"
Joint,Joint,To encourage growth in people,BE,0.25,3,BE,AC,AC; SD; UN,AC; BE; SD; ST; UN,"Self-direction: thought, Stimulation, Achievement, Benevolence: caring, Universalism: tolerance"
Joint,Joint,Reducing social gaps,UN,0.25,3,UN,UN,UN; SE; BE,SE; UN,"Security: personal, Universalism: concern, Universalism: tolerance"
Joint,Joint,Fairness,BE,0.25,3,BE,UN,UN; BE; CO,UN,Universalism: concern
Joint,Joint,I want to be challenged and aim high in my work.,ST,0.25,3,ST,AC,AC; SD; ST,AC; SD; ST,"Self-direction: thought, Stimulation, Achievement"
Joint,Joint,Social impact,UN,0.25,3,UN,UN,UN; SE; FA,FA; SE; UN,"Face, Security: personal, Universalism: tolerance, Universalism: objectivity"
Joint,Joint,"Innovative services, digital and data based strategy",ST,0.25,3,ST,AC,AC; SD; UN,AC; SD,"Self-direction: thought, Achievement"
Joint,Joint,Reducing social gaps,UN,0.25,3,UN,UN,UN; SE; BE,SE; UN,"Security: personal, Universalism: concern, Universalism: tolerance"
Joint,Joint,A sense of meaning and professional pride,SD,0.25,3,SD,AC,AC; FA; SE,AC; FA; SE,"Achievement, Face, Security: personal"
Joint,Joint,Change the world,UN,0.25,3,UN,SD,SD; AC; UN,AC; SD; UN,"Self-direction: thought, Achievement, Universalism: nature"
Joint,Joint,A significant contribution to promoting job opportunities in Israeli society,UN,0.25,3,UN,AC,AC; SE; PO,AC; BE; PO; SE,"Achievement, Power: resources, Security: personal, Security: societal, Benevolence: caring"
Joint,Joint,Provide support and assistance to the team so they can advance department goals,PO,0.25,3,PO,AC,AC; BE; SE,AC; BE; PO; SE,"Achievement, Power: dominance, Security: personal, Benevolence: caring"
Joint,Joint,Develop answers tailored to the population I work with,AC,0.25,3,AC,UN,UN; AC; BE,AC; BE; UN,"Achievement, Benevolence: caring, Universalism: objectivity"
Joint,Joint,Promoting the field,AC,0.25,3,AC,AC,AC; SD; UN,AC; SD,"Self-direction: thought, Achievement"
Joint,Joint,efficiency,AC,0.25,3,AC,AC,AC; BE; SE,AC,Achievement
Joint,Joint,Equal opportunities for people with disabilities,UN,0.25,3,UN,UN,UN; SE; BE,SE; UN,"Security: personal, Universalism: concern"
Joint,Joint,Professional and high-quality work,AC,0.25,3,AC,AC,AC; FA; PO,AC; FA,"Achievement, Face"
Joint,Joint,Implementing the plan which i am leading,AC,0.25,3,AC,AC,AC; PO; BE,AC; BE; PO,"Achievement, Power: dominance, Benevolence: caring"
Joint,Joint,To achieve occupational stability,SE,0.25,3,SE,SE,SE; BE; CO,BE; SE,"Security: personal, Security: societal, Benevolence: caring"
Joint,Joint,"Innovation, dynamism and professional development",ST,0.25,3,ST,AC,AC; SD; ST,AC; SD; ST,"Self-direction: thought, Stimulation, Achievement"
Joint,Joint,Positioning Tevet as an engine of innovation,ST,0.25,3,ST,AC,AC; SD; UN,AC; SD,"Self-direction: thought, Achievement"
Joint,Joint,Network of connections for the elderly,UN,0.25,3,UN,BE,BE; SE; CO,BE; CO; SE,"Security: personal, Conformity: interpersonal, Benevolence: caring"
Joint,Joint,Contribution to broad social change in the field of employment,UN,0.25,3,UN,AC,AC; SE; UN,AC; BE; SD; SE; UN,"Self-direction: thought, Achievement, Security: personal, Benevolence: caring, Universalism: tolerance"
Joint,Joint,Organizational happiness,SE,0.25,3,SE,AC,AC; SE; BE,AC; SE,"Achievement, Security: personal"
Joint,Joint,Doing good,BE,0.25,3,BE,AC,AC; BE; FA,AC; BE,"Achievement, Benevolence: caring"
Joint,Joint,The ability to influence the quality of people's lives - the target audience,AC,0.25,3,AC,SE,SE; AC; BE,AC; BE; HE; SE,"Hedonism, Achievement, Security: personal, Benevolence: caring"
Joint,Joint,Promoting and achieving the program's goals,AC,0.25,3,AC,AC,AC; FA; SE,AC; FA; PO; SE,"Achievement, Power: dominance, Face, Security: personal"
Joint,Joint,Creating a steady and impactful stream of projects,AC,0.25,3,AC,AC,AC; SD; FA,AC; SD,"Self-direction: thought, Achievement"
Joint,Joint,Improving the independence of people with disabilities in Israel,UN,0.25,3,UN,SD,SD; UN; SE,AC; BE; SD; SE; UN,"Self-direction: action, Achievement, Security: personal, Benevolence: caring, Universalism: concern"
Joint,Joint,Profound impact on social structures in Israel,AC,0.25,3,AC,SE,SE; UN; AC,AC; PO; SE; UN,"Achievement, Power: dominance, Security: personal, Security: societal, Universalism: tolerance"
Joint,Joint,Success in carrying out the mission of the group I lead,AC,0.25,3,AC,AC,AC; BE; TR,AC; BE; TR,"Achievement, Tradition, Benevolence: caring, Benevolence: dependability"
Joint,Joint,Social mobility,UN,0.25,3,UN,AC,AC; SE; UN,AC; SE; UN,"Achievement, Security: personal, Universalism: tolerance"
Joint,Joint,Innovation - connecting different fields of knowledge,SD,0.25,3,SD,AC,AC; SD; UN,AC; SD; SE; UN,"Self-direction: thought, Achievement, Security: personal, Universalism: tolerance, Universalism: objectivity"
Joint,Joint,Mobility for remote populations,UN,0.25,3,UN,UN,UN; SE; BE,AC; BE; SD; SE; UN,"Self-direction: action, Achievement, Security: personal, Benevolence: caring, Universalism: concern"
Joint,Joint,Integrating populations into employment,UN,0.25,3,UN,AC,AC; SE; UN,AC; SE; UN,"Achievement, Security: personal, Universalism: concern, Universalism: tolerance"
Joint,Joint,Managing a field within the division's finance department,PO,0.25,3,PO,AC,AC; PO; SE,AC; PO,"Achievement, Power: resources"
Joint,Joint,efficiency,AC,0.25,3,AC,AC,AC; BE; SE,AC,Achievement
Joint,Joint,To bring about significant change in the country in the areas in which I work,AC,0.25,3,AC,AC,AC; PO; BE,AC; BE; PO; SD; SE; UN,"Self-direction: thought, Achievement, Power: dominance, Security: personal, Security: societal, Benevolence: caring, Universalism: tolerance"
Joint,Joint,Do projects that address the problem at its root.,UN,0.25,3,UN,AC,AC; UN; SD,AC; BE; SD; UN,"Self-direction: thought, Achievement, Benevolence: caring, Universalism: objectivity"
Joint,Joint,Specialization in my field,AC,0.25,3,AC,AC,AC; SD; UN,AC; SD; UN,"Self-direction: thought, Achievement, Universalism: objectivity"
Joint,Joint,Justice,UN,0.25,3,UN,UN,UN; CO; BE,CO; UN,"Conformity: rules, Universalism: concern"
Joint,Joint,Making the world right,UN,0.25,3,UN,BE,BE; UN; SE,BE; SE; UN,"Security: societal, Benevolence: caring, Universalism: nature"
Joint,Joint,Promoting interpersonal communication within and outside the organization,AC,0.25,3,AC,SE,SE; AC; BE,AC; BE; FA; PO; SE,"Achievement, Power: dominance, Face, Security: personal, Benevolence: caring, Benevolence: dependability"
Joint,Joint,Promoting awareness to the need for integration of disabled childen in the community,UN,0.25,3,UN,SE,SE; UN; BE,AC; BE; SE; UN,"Achievement, Security: personal, Benevolence: caring, Universalism: concern, Universalism: tolerance"
Joint,Joint,Critical thinking,SD,0.25,3,SD,AC,AC; SD; UN,AC; SD; UN,"Self-direction: thought, Achievement, Universalism: tolerance, Universalism: objectivity"
Joint,Joint,Reducing social gaps,UN,0.25,3,UN,UN,UN; SE; BE,SE; UN,"Security: personal, Universalism: concern, Universalism: tolerance"
Joint,Joint,Reducing social gaps between different groups/minorities,UN,0.25,3,UN,UN,UN; SE; BE,SE; UN,"Security: personal, Universalism: concern, Universalism: tolerance"
Joint,Joint,"Promoting systemic ""Impact Thinking""",UN,0.25,3,UN,AC,AC; UN; SD,AC; SD; UN,"Self-direction: thought, Achievement, Universalism: objectivity"
Joint,Joint,Encouraging growth and learning in the team,BE,0.25,3,BE,AC,AC; SD; UN,AC; SD; UN,"Self-direction: thought, Achievement, Universalism: tolerance"
Joint,Joint,Contribution to the advancement of weak and disadvantaged populations in Israeli society,UN,0.25,3,UN,UN,UN; SE; AC,AC; SE; UN,"Achievement, Security: personal, Security: societal, Universalism: concern, Universalism: tolerance"
Joint,Joint,Expanding opportunities and possibilities for promoting social mobility,UN,0.25,3,UN,AC,AC; SE; ST,AC; SD; SE; ST; UN,"Self-direction: action, Stimulation, Achievement, Security: personal, Universalism: concern, Universalism: tolerance"
Joint,Joint,Developing new idead and translating them into executionable actions,SD,0.25,3,SD,AC,AC; SD; UN,AC; SD; UN,"Self-direction: thought, Achievement, Universalism: objectivity"
Joint,Joint,efficiency,AC,0.25,3,AC,AC,AC; BE; SE,AC,Achievement
Joint,Joint,Integration of people with disabilities into society,UN,0.25,3,UN,UN,UN; SE; BE,BE; SE; UN,"Security: personal, Benevolence: caring, Universalism: concern, Universalism: tolerance"
Joint,Joint,Accessibility to education,UN,0.25,3,UN,AC,AC; UN; BE,AC; BE; SE; UN,"Achievement, Security: personal, Benevolence: caring, Universalism: concern"
Joint,Joint,Streamline processes and work methods,AC,0.25,3,AC,AC,AC; SD; PO,AC; SD,"Self-direction: thought, Achievement"
Joint,Joint,To improve and politically influence injustices that exist in society,UN,0.25,3,UN,UN,UN; SE; PO,AC; BE; PO; SE; UN,"Achievement, Power: dominance, Security: personal, Security: societal, Benevolence: caring, Universalism: concern, Universalism: tolerance"
Joint,Joint,Quality of life for the elderly,UN,0.25,3,UN,SE,SE; BE; CO,BE; CO; SE,"Security: personal, Conformity: interpersonal, Benevolence: caring"
Joint,Joint,Promotion prospect for veteran staff,AC,0.25,3,AC,AC,AC; PO; UN,AC,Achievement
Joint,Joint,Maximization of plan execution regarding planning versus execution ,AC,0.25,3,AC,AC,AC; UN; PO,AC; UN,"Achievement, Universalism: objectivity"
Joint,Joint,Social problems,UN,0.25,3,UN,SE,SE; CO; BE,BE; CO; SE; UN,"Security: personal, Security: societal, Conformity: rules, Benevolence: caring, Universalism: tolerance"
Joint,Joint,Provide pleasant and professional service,CO,0.25,3,CO,AC,AC; CO; BE,AC; BE; CO; FA; HE,"Hedonism, Achievement, Face, Conformity: rules, Conformity: interpersonal, Benevolence: caring"
Joint,Joint,Connection between social sectors,UN,0.25,3,UN,SE,SE; AC; UN,AC; SE; UN,"Achievement, Security: personal, Security: societal, Universalism: tolerance"
Joint,Joint,Early childhood promotion,UN,0.25,3,UN,BE,BE; SE; AC,AC; BE; SE,"Achievement, Security: personal, Benevolence: caring"
Joint,Joint,Developing programs for the elderly,UN,0.25,3,UN,BE,BE; CO; SE,AC; BE; CO; SE,"Achievement, Security: personal, Conformity: interpersonal, Benevolence: caring"
Joint,Joint,Providing opportunities for professional development and advancement,AC,0.25,3,AC,AC,AC; SD; PO,AC; PO; SD; ST,"Self-direction: thought, Stimulation, Achievement, Power: resources"
Joint,Joint,Increasing distribution,AC,0.25,3,AC,UN,UN; SE; BE,BE; SE; UN,"Security: societal, Benevolence: caring, Universalism: concern, Universalism: objectivity"
Joint,Joint,Reducing material poverty,UN,0.25,3,UN,SE,SE; UN; BE,BE; SE; UN,"Security: personal, Security: societal, Benevolence: caring, Universalism: concern"
Joint,Joint,Employee development,BE,0.25,3,BE,AC,AC; SE; UN,AC; SE,"Achievement, Security: personal"
Joint,Joint,Mobility - Reducing Gaps,UN,0.25,3,UN,AC,AC; SE; UN,AC; SE; UN,"Achievement, Security: personal, Universalism: nature"
Joint,Joint,Ability to execute quickly and thoroughly,AC,0.25,3,AC,AC,AC; SD; PO,AC,Achievement
Joint,Joint,Developing a broad systemic vision,AC,0.25,3,AC,AC,AC; PO; SD,AC; PO; SD; SE; UN,"Self-direction: thought, Achievement, Power: dominance, Security: personal, Universalism: tolerance"
Joint,Joint,Reducing gaps and improving the quality of life of Arab society in Israel,UN,0.25,3,UN,UN,UN; SE; AC,AC; SE; UN,"Achievement, Security: personal, Security: societal, Universalism: concern, Universalism: tolerance"
Joint,Joint,Ability to promote change in people in the system,AC,0.25,3,AC,AC,AC; PO; UN,AC; BE; FA; PO; SD; UN,"Self-direction: thought, Achievement, Power: dominance, Face, Benevolence: caring, Universalism: tolerance"
Joint,Joint,Creating change,UN,0.25,3,UN,UN,UN; BE; SD,AC; BE; SD; UN,"Self-direction: thought, Achievement, Benevolence: caring, Universalism: tolerance"
Joint,Joint,Equal opportunities in employment,UN,0.25,3,UN,UN,UN; AC; PO,AC; PO; SE; UN,"Achievement, Power: resources, Security: personal, Universalism: concern"
Joint,Joint,Source for basing decision making,AC,0.25,3,AC,UN,UN; AC; BE,AC; BE; UN,"Achievement, Benevolence: caring, Universalism: objectivity"
Joint,Joint,Professionalism,AC,0.25,3,AC,AC,AC; FA; CO,AC; FA,"Achievement, Face"
Joint,Joint,Personal and professional progress,AC,0.25,3,AC,AC,AC; FA; PO,AC,Achievement
Joint,Joint,To improve the lives of the residents of Israel,UN,0.25,3,UN,SE,SE; BE; AC,AC; BE; SE,"Achievement, Security: personal, Security: societal, Benevolence: caring"
Joint,Joint,Increasing brand awareness among strategic target audiences,AC,0.25,3,AC,FA,FA; AC; PO,AC; FA; PO; SE,"Achievement, Power: dominance, Face, Security: personal"
Joint,Joint,To move forward in my career,AC,0.25,3,AC,AC,AC; SD; ST,AC; SD; ST,"Self-direction: thought, Self-direction: action, Stimulation, Achievement"
Joint,Joint,Progress of the wing,AC,0.25,3,AC,AC,AC; UN; SD,AC,Achievement
Joint,Joint,Financial stability for the organization,SE,0.25,3,SE,SE,SE; PO; AC,AC; PO; SE,"Achievement, Power: resources, Security: personal, Security: societal"
Joint,Joint,More equality,UN,0.25,3,UN,UN,UN; SE; HU,UN,"Universalism: concern, Universalism: tolerance"
Joint,Joint,Make a positive impact on a social challenge,AC,0.25,3,AC,BE,BE; AC; UN,AC; BE; PO; SE; UN,"Achievement, Power: dominance, Security: personal, Benevolence: caring, Universalism: tolerance"
Joint,Joint,Connectivity,UN,0.25,3,UN,AC,AC; SE; UN,AC; SE,"Achievement, Security: personal"
Joint,Joint,Building new capabilities in the Joint Eshel team,PO,0.25,3,PO,AC,AC; SD; BE,AC; SD,"Self-direction: thought, Achievement"
Joint,Joint,To promote the field of health in Arab society,UN,0.25,3,UN,SE,SE; AC; BE,AC; BE; SE,"Achievement, Security: personal, Benevolence: caring"
Joint,Joint,Benefit for populations in need,UN,0.25,3,UN,BE,BE; SE; UN,BE; SE; UN,"Security: personal, Security: societal, Benevolence: caring, Universalism: concern"
Joint,Joint,Doing good,BE,0.25,3,BE,AC,AC; BE; FA,AC; BE,"Achievement, Benevolence: caring"
Joint,Joint,Desire for achievement,AC,0.25,3,AC,AC,AC; ST; FA,AC; FA; ST,"Stimulation, Achievement, Face"
Joint,Joint,Managing broader tasks with a wider impact,BE,0.25,3,BE,AC,AC; UN; BE,AC; UN,"Achievement, Universalism: objectivity"
Joint,Joint,To feel loved and supported - appreciated,CO,0.25,3,CO,SE,SE; BE; UN,BE; SE; UN,"Security: personal, Benevolence: caring, Universalism: tolerance"
Joint,Joint,Promote high professionalism,AC,0.25,3,AC,AC,AC; FA; CO,AC; BE; CO; FA,"Achievement, Face, Conformity: rules, Conformity: interpersonal, Benevolence: dependability"
Joint,Joint,Sustainable economy,UN,0.25,3,UN,UN,UN; AC; PO,AC; PO; UN,"Achievement, Power: resources, Universalism: nature"
Joint,Joint,Identifying opportunities for collaboration and new technologies that can advance employment programs,AC,0.25,3,AC,AC,AC; SD; SE,AC; BE; SD; SE,"Self-direction: thought, Achievement, Security: personal, Benevolence: caring"
Joint,Joint,Expand my field of activity also in professional innovation,ST,0.25,3,ST,AC,AC; SD; ST,AC; SD,"Self-direction: thought, Achievement"
Joint,Joint,Cross-sectoral collaborations,UN,0.25,3,UN,AC,AC; SD; UN,AC; SD; UN,"Self-direction: thought, Achievement, Universalism: objectivity"
Joint,Joint,"Providing tools and methods for analysis, understanding, and creative thinking",SD,0.25,3,SD,AC,AC; SD; UN,AC; SD; UN,"Self-direction: thought, Achievement, Universalism: tolerance, Universalism: objectivity"
Joint,Joint,Help and support my team,BE,0.25,3,BE,BE,BE; SE; AC,AC; BE; PO; SE,"Achievement, Power: dominance, Security: personal, Security: societal, Benevolence: caring"
Joint,Joint,To be heard,SD,0.25,3,SD,SD,SD; UN; SE,SD; UN,"Self-direction: action, Universalism: tolerance"
Joint,Joint,Strengthen self-learning skills in adults and in general,UN,0.25,3,UN,AC,AC; SD; BE,AC; BE; SD,"Self-direction: thought, Achievement, Benevolence: caring"
Joint,Joint,To feel significant and contributing,SD,0.25,3,SD,AC,AC; FA; UN,AC; FA; ST; UN,"Stimulation, Achievement, Face, Universalism: concern"
Joint,Joint,Continuous improvement,AC,0.25,3,AC,AC,AC; BE; SD,AC,Achievement
Joint,Joint,integrity,AC,0.25,3,AC,SE,SE; FA; UN,FA; SE,"Face, Security: personal"
Joint,Joint,Feel part of the strategic picture,AC,0.25,3,AC,AC,AC; SE; UN,AC; SE,"Achievement, Security: personal"
Joint,Joint,Living in a more just society,UN,0.25,3,UN,UN,UN; SE; BE,BE; SE; UN,"Security: societal, Benevolence: caring, Universalism: concern"
Joint,Joint,Equal opportunities,UN,0.25,3,UN,UN,UN; AC; SD,UN,Universalism: concern
Joint,Joint,Continue to help and increase the work of finding systemic solutions at the social level,AC,0.25,3,AC,AC,AC; BE; SE,AC; BE; PO; SD; SE; UN,"Self-direction: thought, Achievement, Power: dominance, Security: personal, Security: societal, Benevolence: caring, Universalism: concern, Universalism: tolerance"
Joint,Joint,To perform my duties to the best of my ability.,AC,0.25,3,AC,AC,AC; BE; CO,AC; BE; CO,"Achievement, Conformity: rules, Benevolence: dependability"
Joint,Joint,"To do the job well and professionally, to feel that I am capable too, and not just others.",AC,0.25,3,AC,AC,AC; SD; FA,AC; FA; SD; UN,"Self-direction: action, Achievement, Face, Universalism: concern"
Joint,Joint,"Promoting leadership capacity for ""disadvantaged"" populations",UN,0.25,3,UN,UN,UN; AC; PO,AC; FA; PO; SE; UN,"Achievement, Power: dominance, Face, Security: personal, Security: societal, Universalism: concern, Universalism: tolerance"
Joint,Joint,Be involved in a variety of areas,SD,0.25,3,SD,AC,AC; SD; ST,AC; SD; ST,"Self-direction: thought, Self-direction: action, Stimulation, Achievement"
Joint,Joint,A fair and equal society,UN,0.25,3,UN,UN,UN; SE; CO,SE; UN,"Security: societal, Universalism: concern"
Joint,Joint,Impact on the government - systemic results measurement,AC,0.25,3,AC,AC,AC; UN; PO,AC; PO; UN,"Achievement, Power: dominance, Universalism: objectivity"
Joint,Joint,Professionalization,AC,0.25,3,AC,AC,AC; FA; CO,AC; FA,"Achievement, Face"
Joint,Joint,Clearer role definition,SE,0.25,3,SE,AC,AC; BE; UN,AC; BE; UN,"Achievement, Benevolence: caring, Universalism: objectivity"
Joint,Joint,Systemic change in the education system,AC,0.25,3,AC,AC,AC; SD; UN,AC; SD,"Self-direction: thought, Achievement"
Joint,Joint,Optimal impact on retirement processes in Israeli society,AC,0.25,3,AC,AC,AC; SE; UN,AC; SE,"Achievement, Security: personal"
Joint,Joint,"Change that will affect the system on the one hand, and the individual on the other",AC,0.25,3,AC,SE,SE; UN; AC,SE,"Security: personal, Security: societal"
Joint,Joint,Establishing synergy between relevant organizations,AC,0.25,3,AC,AC,AC; SE; UN,AC; SD; SE; UN,"Self-direction: thought, Achievement, Security: personal, Universalism: tolerance"
Joint,Joint,Promoting the perception of the elderly in society,UN,0.25,3,UN,UN,UN; CO; BE,BE; CO; FA; SE; UN,"Face, Security: personal, Conformity: interpersonal, Benevolence: caring, Universalism: tolerance"
Joint,Joint,involvement,SD,0.25,3,SD,BE,BE; CO; UN,BE; CO; UN,"Conformity: rules, Benevolence: caring, Benevolence: dependability, Universalism: objectivity"
Joint,Joint,Management,PO,0.25,3,PO,AC,AC; SE; CO,AC,Achievement
Joint,Joint,Creating equal opportunities,UN,0.25,3,UN,UN,UN; SE; AC,SE; UN,"Security: personal, Universalism: concern, Universalism: tolerance"
Joint,Joint,To be practical,AC,0.25,3,AC,BE,BE; AC; UN,AC; BE; UN,"Achievement, Benevolence: caring, Universalism: objectivity"
Joint,Joint,Equality between wings,UN,0.25,3,UN,UN,UN; HU; AC,UN,Universalism: concern
Joint,Joint,Integrity,BE,0.25,3,BE,SE,SE; FA; UN,FA; SE; UN,"Face, Security: personal, Universalism: tolerance"
Joint,Joint,To provide the best guidance and assistance,BE,0.25,3,BE,BE,BE; AC; UN,AC; BE,"Achievement, Benevolence: caring"
Joint,Joint,Promoting fairness in the Israeli job market,UN,0.25,3,UN,UN,UN; BE; PO,BE; UN,"Benevolence: caring, Universalism: concern"
Joint,Joint,Impact on the quality of employment at the state level - more significant achievements,AC,0.25,3,AC,AC,AC; SE; PO,AC; PO; SE,"Achievement, Power: resources, Security: personal"
Joint,Joint,Changing social perceptions towards weakened populations,UN,0.25,3,UN,UN,UN; SE; BE,SE; UN,"Security: personal, Security: societal, Universalism: concern, Universalism: tolerance, Universalism: objectivity"
Joint,Joint,Perfect work that helps professionals fulfill their role,AC,0.25,3,AC,AC,AC; FA; BE,AC; BE; FA,"Achievement, Face, Benevolence: caring"
Joint,Joint,Empowering the people I meet along the way,AC,0.25,3,AC,AC,AC; BE; SD,AC; BE; SD; ST; UN,"Self-direction: thought, Stimulation, Achievement, Benevolence: caring, Universalism: tolerance"
Joint,Joint,Social justice,UN,0.25,3,UN,UN,UN; CO; AC,CO; UN,"Conformity: rules, Universalism: tolerance"
Joint,Joint,"Learning, sharing and implementing purchasing procedures in my devision",BE,0.25,3,BE,AC,AC; SD; BE,AC; BE; SD,"Self-direction: thought, Achievement, Benevolence: caring"
Joint,Joint,"Raising awareness of the need to always collaborate, in every sector and age, between health and well-being",AC,0.25,3,AC,SE,SE; BE; AC,AC; BE; SE; UN,"Achievement, Security: personal, Benevolence: caring, Universalism: concern, Universalism: tolerance"
Joint,Joint,uniformity,SE,0.25,3,SE,UN,UN; HU; SE,UN,Universalism: objectivity
Joint,Joint,Promoting the implementation of innovative technologies as data sources for decision-making,AC,0.25,3,AC,AC,AC; UN; SD,AC; SD; UN,"Self-direction: thought, Achievement, Universalism: objectivity"
Joint,Joint,Creating a fundamental change in the State of Israel's ability to deal with social challenges,UN,0.25,3,UN,AC,AC; SE; BE,AC; BE; PO; SE; UN,"Achievement, Power: dominance, Security: personal, Security: societal, Benevolence: caring, Universalism: tolerance"
Joint,Joint,Advocating for disadvantaged populations,UN,0.25,3,UN,UN,UN; SE; BE,BE; SE; UN,"Security: personal, Benevolence: caring, Universalism: concern, Universalism: tolerance"
Joint,Joint,Creative breakthroughs,SD,0.25,3,SD,AC,AC; SD; UN,AC; SD,"Self-direction: thought, Achievement"
Joint,Joint,Creating organizational social knowledge,AC,0.25,3,AC,AC,AC; BE; SD,AC; BE; SD; UN,"Self-direction: thought, Achievement, Benevolence: caring, Universalism: tolerance, Universalism: objectivity"
Joint,Joint,Reducing gaps,UN,0.25,3,UN,BE,BE; SE; AC,AC; BE; SE,"Achievement, Security: personal, Benevolence: caring"
Joint,Joint,To put social challenges on the national agenda,UN,0.25,3,UN,PO,PO; SE; AC,AC; BE; PO; SE; UN,"Achievement, Power: dominance, Security: personal, Security: societal, Benevolence: caring, Universalism: concern, Universalism: tolerance"
Joint,Joint,Helping my company,AC,0.25,3,AC,AC,AC; BE; PO,AC; BE; PO,"Achievement, Power: resources, Benevolence: caring"
Joint,Joint,Digital and data-based social sector,UN,0.25,3,UN,AC,AC; SE; UN,AC; BE; SE; UN,"Achievement, Security: personal, Benevolence: caring, Universalism: objectivity"
Joint,Joint,Leveraging an Arab occupational society,UN,0.25,3,UN,UN,UN; AC; SE,AC; SE; UN,"Achievement, Security: societal, Universalism: concern"
Joint,Joint,To help the weak,UN,0.25,3,UN,BE,BE; UN; SE,BE; SE; UN,"Security: personal, Benevolence: caring, Universalism: concern"
Joint,Joint,Promoting original ways to advance the goals of Tevat,AC,0.25,3,AC,AC,AC; SD; ST,AC; SD; ST,"Self-direction: thought, Stimulation, Achievement"
Joint,Joint,Help my personal manager with his time management to give him the opportunity to deal with all the tasks he has.,AC,0.25,3,AC,AC,AC; BE; SE,AC; BE; SE,"Achievement, Security: personal, Benevolence: caring"
Joint,Joint,Promoting national mechanisms that will assimilate necessary responses ,AC,0.25,3,AC,AC,AC; SE; PO,AC; BE; PO; SE; UN,"Achievement, Power: dominance, Security: personal, Security: societal, Benevolence: caring, Universalism: objectivity"
Joint,Joint,Integration into the organization in additional projects,AC,0.25,3,AC,AC,AC; SE; PO,AC; SE,"Achievement, Security: personal"
Joint,Joint,Effectiveness,AC,0.25,3,AC,AC,AC; UN; BE,AC; UN,"Achievement, Universalism: objectivity"
Joint,Joint,Unity and uniformity between the various sectors of the population,UN,0.25,3,UN,SE,SE; UN; TR,SE; UN,"Security: personal, Security: societal, Universalism: concern"
Joint,Joint,Satisfaction,SD,0.25,3,SD,SE,SE; UN; AC,SE; UN,"Security: personal, Universalism: objectivity"
Joint,Joint,Promotion to a broader role,AC,0.25,3,AC,AC,AC; UN; SE,AC,Achievement
Joint,Joint,"Continue to do meaningful, enjoyable, and fulfilling work.",SD,0.25,3,SD,AC,AC; SD; ST,AC; HE; PO; SD; ST,"Self-direction: thought, Self-direction: action, Stimulation, Hedonism, Achievement, Power: resources"
Joint,Joint,New international and inter-sectoral relations at the division level,AC,0.25,3,AC,FA,FA; AC; PO,AC; FA; PO; SE,"Achievement, Power: dominance, Face, Security: personal"
Joint,Joint,New collaborations with significant players,AC,0.25,3,AC,AC,AC; SE; ST,AC; FA; HE; SD; SE; ST; UN,"Self-direction: thought, Stimulation, Hedonism, Achievement, Face, Security: personal, Universalism: tolerance"
Joint,Joint,The elderly's sense of meaning,UN,0.25,3,UN,BE,BE; TR; AC,AC; BE; TR,"Achievement, Tradition, Benevolence: caring"
Joint,Joint,Providing tools and methods to professionals in the field,PO,0.25,3,PO,AC,AC; SD; BE,AC; BE; SD,"Self-direction: thought, Achievement, Benevolence: caring"
Joint,Joint,Learning and Development Consulting Space,SD,0.25,3,SD,AC,AC; SD; BE,AC; SD,"Self-direction: thought, Achievement"
Joint,Joint,Connecting to the field from a big picture perspective,SD,0.25,3,SD,AC,AC; UN; ST,AC; UN,"Achievement, Universalism: nature, Universalism: objectivity"
Joint,Joint,Professional development,AC,0.25,3,AC,AC,AC; SD; BE,AC; SD,"Self-direction: thought, Achievement"
Joint,Joint,Optimal impact on the program's target audience,AC,0.25,3,AC,AC,AC; UN; PO,AC; PO; UN,"Achievement, Power: dominance, Universalism: objectivity"
Joint,Joint,Raising standards in the performance of tasks and products,UN,0.25,3,UN,AC,AC; FA; UN,AC; FA,"Achievement, Face"
Joint,Joint,Providing a beneficial rehabilitative response to the most vulnerable and marginalized populations,UN,0.25,3,UN,UN,UN; SE; BE,BE; SE; UN,"Security: personal, Security: societal, Benevolence: caring, Universalism: concern, Universalism: tolerance"
Joint,Joint,Continued learning and development,AC,0.25,3,AC,AC,AC; SD; ST,AC; SD; ST,"Self-direction: thought, Stimulation, Achievement"
Joint,Joint,Organizational culture will always strive to operate inwardly from the same values ​​that motivate us to act in society.,UN,0.25,3,UN,UN,UN; TR; AC,AC; CO; FA; PO; SD; TR; UN,"Self-direction: thought, Achievement, Power: dominance, Face, Tradition, Conformity: rules, Universalism: tolerance, Universalism: objectivity"
Joint,Joint,Optimal and empathetic management of the team,PO,0.25,3,PO,AC,AC; BE; PO,AC; BE; PO,"Achievement, Power: dominance, Benevolence: caring, Benevolence: dependability"
Joint,Joint,Integration in society,UN,0.25,3,UN,SE,SE; UN; AC,SE; UN,"Security: personal, Security: societal, Universalism: tolerance"
Joint,Joint,Adapting the labor market to workers a little more,BE,0.25,3,BE,UN,UN; AC; SE,AC; BE; SE; UN,"Achievement, Security: personal, Benevolence: caring, Universalism: concern"
Joint,Joint,transparency,BE,0.25,3,BE,BE,BE; AC; UN,AC; BE,"Achievement, Benevolence: caring"
Joint,Joint,Efficient work processes,AC,0.25,3,AC,AC,AC; PO; BE,AC,Achievement
Joint,Joint,Diversity,SD,0.25,3,SD,UN,UN; SD; TR,SD; UN,"Self-direction: thought, Universalism: tolerance"
Joint,Joint,Building the department's budgets,AC,0.25,3,AC,PO,PO; SE; AC,AC; BE; PO; SE; UN,"Achievement, Power: resources, Security: personal, Benevolence: caring, Universalism: objectivity"
Joint,Joint,"Ability to make decisions independently, based on considerations based on my understanding and experience",SD,0.25,3,SD,SD,SD; AC; UN,AC; SD; UN,"Self-direction: thought, Self-direction: action, Achievement, Universalism: objectivity"
Joint,Joint,To achieve achievements/influence the policies of government ministries to properly care for its citizens,AC,0.25,3,AC,BE,BE; AC; SE,AC; BE; PO; SE,"Achievement, Power: dominance, Security: personal, Security: societal, Benevolence: caring, Benevolence: dependability"
Joint,Joint,Continued monitoring of the program after implementation,BE,0.25,3,BE,AC,AC; UN; BE,AC; BE; PO; UN,"Achievement, Power: dominance, Benevolence: dependability, Universalism: objectivity"
Joint,Joint,Equality,UN,0.25,3,UN,SE,SE; UN; TR,SE,Security: personal
Joint,Joint,National Impact,UN,0.25,3,UN,UN,UN; AC; FA,AC; UN,"Achievement, Universalism: tolerance, Universalism: objectivity"
Joint,Joint,Creating a common language that emphasizes the organization's vision and goals within the organization and externally with government partners,AC,0.25,3,AC,AC,AC; PO; FA,AC; FA; PO; SE; UN,"Achievement, Power: dominance, Face, Security: personal, Universalism: tolerance"
Joint,Joint,Promote the inclusion of children with delays/disabilities in kindergartens,UN,0.25,3,UN,UN,UN; AC; BE,AC; BE; SE; UN,"Achievement, Security: personal, Benevolence: caring, Universalism: concern, Universalism: tolerance"
Joint,Joint,Significant developments,AC,0.25,3,AC,UN,UN; AC; SD,AC; UN,"Achievement, Universalism: objectivity"
Joint,Joint,Domain positioning,AC,0.25,3,AC,AC,AC; UN; BE,AC; UN,"Achievement, Universalism: objectivity"
Joint,Joint,Leading social change,UN,0.25,3,UN,UN,UN; AC; SD,AC; SD; UN,"Self-direction: thought, Achievement, Universalism: tolerance, Universalism: objectivity"
Joint,Joint,Strengthen the wing in front of the ecosystem,AC,0.25,3,AC,UN,UN; AC; ST,AC; UN,"Achievement, Universalism: nature"
Joint,Joint,Be involved in new projects,SD,0.25,3,SD,AC,AC; SD; ST,AC; BE; SD; ST,"Self-direction: thought, Stimulation, Achievement, Benevolence: caring"
Joint,Joint,Promoting understanding and tolerance between sectors and populations,UN,0.25,3,UN,UN,UN; SE; BE,BE; SE; UN,"Security: personal, Benevolence: caring, Universalism: concern, Universalism: tolerance"
Joint,Joint,Designing policies for disadvantaged communities,UN,0.25,3,UN,UN,UN; BE; SE,AC; BE; PO; SE; UN,"Achievement, Power: dominance, Security: personal, Security: societal, Benevolence: caring, Universalism: concern, Universalism: tolerance"
Joint,Joint,Promoting solutions for vulnerable populations,UN,0.25,3,UN,UN,UN; BE; SE,BE; SE; UN,"Security: personal, Security: societal, Benevolence: caring, Universalism: concern, Universalism: tolerance"
Joint,Joint,order,SE,0.25,3,SE,SE,SE; CO; BE,,
Joint,Joint,Equal rights,UN,0.25,3,UN,UN,UN; CO; SD,UN,"Universalism: concern, Universalism: tolerance"
Joint,Joint,Expand people's ability to earn a decent living,UN,0.25,3,UN,SE,SE; PO; AC,AC; PO; SD; SE,"Self-direction: action, Achievement, Power: resources, Security: personal"
Joint,Joint,To bring something new into the world,SD,0.25,3,SD,SD,SD; AC; ST,AC; SD; ST; UN,"Self-direction: thought, Stimulation, Achievement, Universalism: tolerance"
Joint,Joint,Do projects that address the problem at its root.,UN,0.25,3,UN,AC,AC; UN; SD,AC; BE; SD; UN,"Self-direction: thought, Achievement, Benevolence: caring, Universalism: objectivity"
Joint,Joint,Promoting the social periphery in the north,UN,0.25,3,UN,SE,SE; UN; ST,SE; ST; UN,"Stimulation, Security: personal, Universalism: tolerance"
Joint,Joint,Greater team involvement in choosing their key tasks,SD,0.25,3,SD,AC,AC; PO; BE,AC; BE; PO; SE,"Achievement, Power: dominance, Security: personal, Benevolence: caring, Benevolence: dependability"
Joint,Joint,Adapting ourselves to reality and outside needs,UN,0.25,3,UN,SE,SE; AC; HU,AC; BE; HU; SE; ST; UN,"Stimulation, Achievement, Security: personal, Humility, Benevolence: caring, Universalism: tolerance"
Joint,Joint,Helping to get out of poverty,UN,0.25,3,UN,SE,SE; UN; BE,AC; BE; SE; UN,"Achievement, Security: personal, Benevolence: caring, Universalism: concern"
Joint,Joint,Promote the goals of the organization,AC,0.25,3,AC,AC,AC; FA; PO,AC; FA; PO; SE,"Achievement, Power: dominance, Face, Security: personal"
Joint,Joint,Management improvement in the social field,PO,0.25,3,PO,AC,AC; BE; SD,AC; BE,"Achievement, Benevolence: caring"
Joint,Joint,Treatment of infancy,UN,0.25,3,UN,SE,SE; BE; AC,BE; SE,"Security: personal, Benevolence: caring"
Joint,Joint,Empowering the team I manage,PO,0.25,3,PO,AC,AC; FA; PO,AC; FA; PO; SD,"Self-direction: thought, Achievement, Power: dominance, Face"
Joint,Joint,Deepening the work of the organization in general,AC,0.25,3,AC,AC,AC; BE; SD,AC; BE; SD; SE; UN,"Self-direction: thought, Achievement, Security: personal, Benevolence: caring, Universalism: tolerance"
Joint,Joint,Social inclusion of individuals and families in poverty,UN,0.25,3,UN,SE,SE; UN; BE,BE; SE; UN,"Security: personal, Benevolence: caring, Universalism: concern, Universalism: tolerance"
Joint,Joint,Trust-based organization,BE,0.25,3,BE,AC,AC; BE; SE,AC; BE; SE,"Achievement, Security: personal, Benevolence: caring"
Joint,Joint,Fairness and justice,UN,0.25,3,UN,UN,UN; BE; CO,BE; UN,"Benevolence: caring, Universalism: concern"
Joint,Joint,Listening to the environment and providing assistance,UN,0.25,3,UN,UN,UN; BE; SE,BE; UN,"Benevolence: caring, Universalism: nature"
Joint,Joint,Improving government service,AC,0.25,3,AC,AC,AC; BE; SE,AC; BE; SE,"Achievement, Security: personal, Benevolence: caring"
Joint,Joint,Cultivating human capital and empowering women in Arab society,UN,0.25,3,UN,AC,AC; UN; PO,AC; PO; SD; SE; UN,"Self-direction: thought, Self-direction: action, Achievement, Power: dominance, Power: resources, Security: societal, Universalism: concern, Universalism: tolerance"
Joint,Joint,People development,PO,0.25,3,PO,AC,AC; BE; UN,AC; BE,"Achievement, Benevolence: caring"
Joint,Joint,Creating quality public services,BE,0.25,3,BE,AC,AC; SE; BE,AC; BE; SE,"Achievement, Security: personal, Security: societal, Benevolence: caring"
Joint,Joint,professionalism,AC,0.25,3,AC,AC,AC; FA; CO,AC; FA,"Achievement, Face"
Joint,Joint,efficiency,AC,0.25,3,AC,AC,AC; BE; SE,AC,Achievement
Joint,Joint,Improving the lives of vulnerable populations,UN,0.25,3,UN,UN,UN; SE; BE,BE; SE; UN,"Security: personal, Security: societal, Benevolence: caring, Universalism: concern"
Joint,Joint,Social justice,UN,0.25,3,UN,UN,UN; CO; AC,CO; UN,"Conformity: rules, Universalism: tolerance"
Joint,Joint,To make people feel respected and financially independent,AC,0.25,3,AC,SD,SD; AC; PO,AC; FA; PO; SD,"Self-direction: action, Achievement, Power: resources, Face"
Joint,Joint,Increasing brand engagement (money) among strategic target audiences,AC,0.25,3,AC,PO,PO; AC; UN,AC; PO; SE; UN,"Achievement, Power: dominance, Power: resources, Security: personal, Universalism: objectivity"
Joint,Joint,Learn and acquire knowledge from the programs and work in the department,AC,0.25,3,AC,AC,AC; SD; SE,AC; SD,"Self-direction: thought, Achievement"
Joint,Joint,Progress of the organization,AC,0.25,3,AC,AC,AC; PO; BE,AC,Achievement
Joint,Joint,Employee development,BE,0.25,3,BE,AC,AC; SE; UN,AC; SE,"Achievement, Security: personal"
Joint,Joint,Employment accessible to all populations,UN,0.25,3,UN,UN,UN; SE; AC,AC; BE; SE; UN,"Achievement, Security: personal, Security: societal, Benevolence: caring, Universalism: concern"
Joint,Joint,Enjoy and feel meaning,SD,0.25,3,SD,SE,SE; HE; BE,BE; HE; SE,"Hedonism, Security: personal, Benevolence: caring"
Joint,Joint,Helpfulness,AC,0.25,3,AC,BE,BE; AC; SE,AC; BE; SE,"Achievement, Security: personal, Benevolence: caring"
Joint,Joint,Increasing collaboration between government ministries and the rest of the field dealing with the aging population in Israel,AC,0.25,3,AC,BE,BE; SE; AC,AC; BE; SE; UN,"Achievement, Security: personal, Benevolence: caring, Universalism: tolerance"
Joint,Joint,To promote and advance the digital sector in Arab authorities,AC,0.25,3,AC,AC,AC; SD; ST,AC; SD,"Self-direction: thought, Achievement"
Joint,Joint,Introducing innovation into government offices,AC,0.25,3,AC,AC,AC; SD; UN,AC; SD,"Self-direction: thought, Achievement"
Joint,Joint,GWENT support,CO,0.25,3,CO,AC,AC; SD; BE,AC,Achievement
Joint,Joint,Order and organization,SE,0.25,3,SE,AC,AC; CO; BE,AC; CO,"Achievement, Conformity: rules"
Joint,Joint,Personal development,SD,0.25,3,SD,AC,AC; SE; SD,AC; SE,"Achievement, Security: personal"
Joint,Joint,Wake up in the morning with motivation,SD,0.25,3,SD,AC,AC; ST; SD,AC; SD; SE; ST,"Self-direction: thought, Stimulation, Achievement, Security: personal"
Joint,Joint,Social justice,UN,0.25,3,UN,UN,UN; CO; AC,CO; UN,"Conformity: rules, Universalism: tolerance"
Joint,Joint,Capacity building and human capital for disadvantaged populations,AC,0.25,3,AC,AC,AC; UN; SE,AC; BE; SE; UN,"Achievement, Security: personal, Benevolence: caring, Universalism: concern"
Joint,Joint,Developing innovation in action,SD,0.25,3,SD,AC,AC; SD; UN,AC; SD; UN,"Self-direction: thought, Achievement, Universalism: objectivity"
Joint,Joint,Continue to reap compliments for teamwork,AC,0.25,3,AC,AC,AC; FA; SE,AC; FA,"Achievement, Face"
Joint,Joint,Changing perceptions in a government office,UN,0.25,3,UN,FA,FA; UN; AC,AC; FA; UN,"Achievement, Face, Universalism: tolerance, Universalism: objectivity"
Joint,Joint,Integrating social and community aspects into government work,UN,0.25,3,UN,SE,SE; BE; UN,AC; BE; SE; UN,"Achievement, Security: personal, Benevolence: caring, Universalism: tolerance"
Joint,Joint,Change ageist perceptions in society,UN,0.25,3,UN,UN,UN; HU; CO,CO; FA; HU; SE; UN,"Face, Security: personal, Conformity: interpersonal, Humility, Universalism: concern, Universalism: tolerance, Universalism: objectivity"
Joint,Joint,To earn a decent wage,SE,0.25,3,SE,PO,PO; AC; SE,AC; PO; SE,"Achievement, Power: resources, Security: personal"
Joint,Joint,Personal development,SD,0.25,3,SD,AC,AC; SE; SD,AC; SE,"Achievement, Security: personal"
Joint,Joint,reliability,BE,0.25,3,BE,UN,UN; BE; AC,AC; BE; UN,"Achievement, Benevolence: caring, Universalism: objectivity"
Joint,Joint,Knowing that things are being done correctly and accompanied correctly in all aspects,SE,0.25,3,SE,AC,AC; BE; UN,AC; BE,"Achievement, Benevolence: dependability"
Joint,Joint,Providing an opportunity for everyone to realize their personal potential,UN,0.25,3,UN,AC,AC; SD; ST,AC; SD; ST,"Self-direction: thought, Self-direction: action, Stimulation, Achievement"
Joint,Joint,Bride,UN,0.25,3,UN,SE,SE; BE; CO,,
Joint,Joint,Continue to help and increase the work to find systemic solutions to social problems in collaboration with the public sector.,AC,0.25,3,AC,AC,AC; SE; BE,AC; BE; PO; SE; UN,"Achievement, Power: dominance, Security: personal, Security: societal, Benevolence: caring, Universalism: concern, Universalism: tolerance"
Joint,Joint,Innovate and influence the products,AC,0.25,3,AC,AC,AC; SD; PO,AC; PO; SD,"Self-direction: thought, Achievement, Power: dominance"
Joint,Joint,"Learn, grow and develop",SD,0.25,3,SD,AC,AC; SD; ST,AC; SD; ST,"Self-direction: thought, Stimulation, Achievement"
Joint,Joint,Tolerance and empathy between different populations living in the State of Israel,UN,0.25,3,UN,UN,UN; SE; BE,BE; SE; UN,"Security: personal, Benevolence: caring, Universalism: concern, Universalism: tolerance"
Joint,Joint,Creating a significant impact,UN,0.25,3,UN,UN,UN; AC; PO,AC; PO; UN,"Achievement, Power: dominance, Universalism: nature, Universalism: tolerance"
Joint,Joint,assessment,CO,0.25,3,CO,AC,AC; UN; FA,AC; UN,"Achievement, Universalism: objectivity"
Joint,Joint,That the more senior team in the organization will also know me,CO,0.25,3,CO,AC,AC; FA; PO,AC; CO; FA; PO; UN,"Achievement, Power: dominance, Face, Conformity: rules, Universalism: concern"
Joint,Joint,Improving the society in which I live,UN,0.25,3,UN,SE,SE; AC; BE,AC; BE; SE,"Achievement, Security: personal, Security: societal, Benevolence: caring"
Joint,Joint,Improving work processes and collecting research data,AC,0.25,3,AC,AC,AC; SD; UN,AC; BE; SD; UN,"Self-direction: thought, Achievement, Benevolence: caring, Universalism: objectivity"
Joint,Joint,Fair treatment,BE,0.25,3,BE,UN,UN; BE; CO,BE; UN,"Benevolence: caring, Universalism: concern"
Joint,Joint,Promoting the language among professionals,AC,0.25,3,AC,AC,AC; FA; UN,AC; FA; SE; UN,"Achievement, Face, Security: personal, Universalism: tolerance"
Joint,Joint,Consideration also given to the frail and confined elderly population,UN,0.25,3,UN,SE,SE; BE; UN,BE; CO; SE; UN,"Security: personal, Conformity: interpersonal, Benevolence: caring, Universalism: concern"
Joint,Joint,responsibility,BE,0.25,3,BE,BE,BE; CO; UN,BE; CO,"Conformity: rules, Benevolence: caring, Benevolence: dependability"
Joint,Joint,Making information and services accessible,UN,0.25,3,UN,BE,BE; AC; UN,AC; BE; SE; UN,"Achievement, Security: personal, Benevolence: caring, Universalism: objectivity"
Joint,Joint,Identify effective innovation,AC,0.25,3,AC,AC,AC; SD; UN,AC; SD; UN,"Self-direction: thought, Achievement, Universalism: objectivity"
Joint,Joint,Act according to uniform procedures and not have everyone translate as they see fit,SE,0.25,3,SE,CO,CO; AC; UN,AC; CO; TR; UN,"Achievement, Tradition, Conformity: rules, Universalism: objectivity"
Joint,Joint,investment,AC,0.25,3,AC,PO,PO; AC; SE,AC; PO,"Achievement, Power: resources"
Joint,Joint,responsibility,BE,0.25,3,BE,BE,BE; CO; UN,BE; CO,"Conformity: rules, Benevolence: caring, Benevolence: dependability"
Joint,Joint,Promoting a sense of self-fulfillment and satisfaction,SD,0.25,3,SD,SE,SE; SD; HE,AC; FA; HE; SD; SE; ST,"Self-direction: action, Stimulation, Hedonism, Achievement, Face, Security: personal"
Joint,Joint,Improving the situation of service recipients,BE,0.25,3,BE,SE,SE; BE; UN,BE; SE; UN,"Security: personal, Benevolence: caring, Universalism: concern"
Joint,Joint,Accuracy and completion of markings,AC,0.25,3,AC,AC,AC; BE; UN,AC; BE; UN,"Achievement, Benevolence: caring, Benevolence: dependability, Universalism: objectivity"
Joint,Joint,Strengthening the bond between Jews and Arabs in Israel,UN,0.25,3,UN,SE,SE; UN; BE,BE; SE; UN,"Security: personal, Security: societal, Benevolence: caring, Universalism: concern, Universalism: tolerance"
Joint,Joint,openness,UN,0.25,3,UN,BE,BE; CO; UN,BE; CO; SD; UN,"Self-direction: action, Conformity: rules, Benevolence: caring, Universalism: tolerance"
Joint,Joint,Equal employment opportunities,UN,0.25,3,UN,UN,UN; AC; SE,AC; SE; UN,"Achievement, Security: personal, Universalism: concern"
Joint,Joint,Narrowing the gap between strategy and the field in organizational work,SE,0.25,3,SE,AC,AC; SD; UN,AC; SD; UN,"Self-direction: thought, Achievement, Universalism: tolerance, Universalism: objectivity"
Joint,Joint,"In the organization itself: A diverse workplace that respects, promotes, encourages creativity and enjoyment at work",SD,0.25,3,SD,SD,SD; UN; AC,AC; FA; SD; SE; ST; UN,"Self-direction: thought, Self-direction: action, Stimulation, Achievement, Face, Security: personal, Universalism: tolerance"
Joint,Joint,Promoting social cohesion,UN,0.25,3,UN,SE,SE; BE; UN,BE; CO; SE; UN,"Security: personal, Security: societal, Conformity: rules, Benevolence: caring, Universalism: tolerance"
Joint,Joint,To produce clarity and vision,UN,0.25,3,UN,AC,AC; BE; SE,AC; BE; SE,"Achievement, Security: personal, Benevolence: caring"
Joint,Joint,success,AC,0.25,3,AC,AC,AC; CO; BE,AC,Achievement
Joint,Joint,An inclusive and equal society,UN,0.25,3,UN,UN,UN; SE; FA,SE; UN,"Security: personal, Universalism: concern, Universalism: tolerance"
Joint,Joint,Equal opportunities,UN,0.25,3,UN,UN,UN; AC; SD,UN,Universalism: concern
Joint,Joint,To use my mind -- it exists!,AC,0.25,3,AC,AC,AC; SD; UN,AC; SD; UN,"Self-direction: thought, Self-direction: action, Achievement, Universalism: objectivity"
Joint,Joint,Professional development,AC,0.25,3,AC,AC,AC; SD; BE,AC; SD,"Self-direction: thought, Achievement"
Joint,Joint,Excellence and organizational infrastructure in my fields,AC,0.25,3,AC,AC,AC; SD; FA,AC; FA; SD,"Self-direction: thought, Achievement, Face"
Joint,Joint,Personal growth and advancement,AC,0.25,3,AC,AC,AC; SD; ST,AC; SD; ST,"Self-direction: thought, Self-direction: action, Stimulation, Achievement"
Joint,Joint,Promoting department/organization goals,AC,0.25,3,AC,AC,AC; FA; PO,AC; FA; PO,"Achievement, Power: dominance, Face"
Joint,Joint,Improve the organization,SE,0.25,3,SE,AC,AC; BE; PO,AC,Achievement
Joint,Joint,Positioning existing work and the successes of the programs to enable continued effective work,AC,0.25,3,AC,AC,AC; BE; PO,AC; BE; PO,"Achievement, Power: dominance, Benevolence: caring"
Joint,Joint,Promote collaboration between ministries and sectors,AC,0.25,3,AC,SE,SE; AC; BE,AC; BE; PO; SE,"Achievement, Power: dominance, Security: personal, Security: societal, Benevolence: caring"
Joint,Joint,Leave more of my mark,AC,0.25,3,AC,SD,SD; AC; PO,AC; PO; SD,"Self-direction: thought, Achievement, Power: dominance"
Joint,Joint,Fairness,BE,0.25,3,BE,UN,UN; BE; CO,UN,Universalism: concern
Joint,Joint,Improving standards and providing opportunities for administrative employees in the organization,UN,0.25,3,UN,AC,AC; FA; SE,AC; FA; SE,"Achievement, Face, Security: personal"
Joint,Joint,Don't stay put - move forward,AC,0.25,3,AC,SD,SD; ST; AC,AC; SD; ST,"Self-direction: thought, Self-direction: action, Stimulation, Achievement"
Joint,Joint,Efficient and early planning of work (to avoid putting out fires all the time),AC,0.25,3,AC,AC,AC; SE; BE,AC; BE; SE,"Achievement, Security: personal, Benevolence: caring, Benevolence: dependability"
Joint,Joint,Expansion in Arab society and development of projects tailored to its needs,UN,0.25,3,UN,SE,SE; UN; AC,AC; PO; SD; SE; UN,"Self-direction: thought, Achievement, Power: dominance, Security: personal, Security: societal, Universalism: concern, Universalism: tolerance"
Joint,Joint,Raise wages,SE,0.25,3,SE,PO,PO; AC; SE,AC; PO; SE,"Achievement, Power: resources, Security: personal"
Joint,Joint,"Connection to global, technological and business trends at the division level",ST,0.25,3,ST,AC,AC; SD; UN,AC; SD; UN,"Self-direction: thought, Achievement, Universalism: objectivity"
Joint,Joint,Improving technological systems infrastructure and improving processes for employees and managers,SE,0.25,3,SE,AC,AC; SE; BE,AC; BE; SE,"Achievement, Security: personal, Benevolence: caring"
Joint,Joint,Changing the perception of work in the Ministry of Economy,UN,0.25,3,UN,AC,AC; SE; FA,AC; FA; SE,"Achievement, Face, Security: personal"
Joint,Joint,Developing innovative professional tools and knowledge in the field of employment,UN,0.25,3,UN,AC,AC; SD; BE,AC; SD,"Self-direction: thought, Achievement"
Joint,Joint,Compliance with the strategic planning program,AC,0.25,3,AC,AC,AC; CO; BE,AC; BE; CO,"Achievement, Conformity: rules, Benevolence: dependability"
Joint,Joint,"Aspiration for professionalism - understanding the broader context, focus, and specialization",AC,0.25,3,AC,AC,AC; FA; UN,AC; FA; SD; UN,"Self-direction: thought, Achievement, Face, Universalism: tolerance"
Joint,Joint,professionalism,AC,0.25,3,AC,AC,AC; FA; CO,AC; FA,"Achievement, Face"
Joint,Joint,Freedom to create and promote issues that are important to me,SD,0.25,3,SD,SD,SD; AC; UN,AC; FA; SD; UN,"Self-direction: thought, Self-direction: action, Achievement, Face, Universalism: tolerance"
Joint,Joint,Creating a significant change within me,UN,0.25,3,UN,SE,SE; UN; SD,SD; SE; UN,"Self-direction: thought, Security: personal, Universalism: tolerance"
Joint,Joint,"Create a sense of meaning and creativity at work over time, both towards employees and towards actions towards the company",SD,0.25,3,SD,AC,AC; SD; ST,AC; FA; HE; SD; SE; ST,"Self-direction: thought, Stimulation, Hedonism, Achievement, Face, Security: personal"
Joint,Joint,Professional and personal growth,AC,0.25,3,AC,AC,AC; SD; ST,AC; SD,"Self-direction: thought, Achievement"
Joint,Joint,Getting out of poverty,UN,0.25,3,UN,SE,SE; UN; AC,AC; PO; SE; UN,"Achievement, Power: resources, Security: personal, Universalism: concern"
Joint,Joint,Providing quality and personal service to citizens,CO,0.25,3,CO,AC,AC; BE; SE,AC; BE; SE,"Achievement, Security: personal, Benevolence: caring, Benevolence: dependability"
Joint,Joint,Professionalism,AC,0.25,3,AC,AC,AC; FA; CO,AC; FA,"Achievement, Face"
Joint,Joint,Comprehensive organizational vision (vertical and horizontal),SE,0.25,3,SE,AC,AC; SD; PO,AC,Achievement
Joint,Joint,Innovation,SD,0.25,3,SD,AC,AC; SD; UN,AC; SD,"Self-direction: thought, Achievement"
Joint,Joint,Taking collective responsibility on the part of populations,UN,0.25,3,UN,BE,BE; SE; PO,BE; CO; PO; SE,"Power: dominance, Security: personal, Security: societal, Conformity: rules, Benevolence: caring, Benevolence: dependability"
Joint,Joint,Continue to learn and specialize in the field,AC,0.25,3,AC,AC,AC; SD; ST,AC; SD,"Self-direction: thought, Achievement"
Joint,Joint,creativity,SD,0.25,3,SD,AC,AC; SD; BE,AC; SD,"Self-direction: thought, Achievement"
Joint,Joint,To expand our operations in a substantial and relevant manner,AC,0.25,3,AC,AC,AC; PO; SD,AC; PO; SD,"Self-direction: thought, Achievement, Power: resources"
Joint,Joint,Treat the JDC employees as a humane social organization.,SE,0.25,3,SE,CO,CO; UN; FA,CO; FA; SE; UN,"Face, Security: personal, Conformity: rules, Conformity: interpersonal, Universalism: concern"
Joint,Joint,Better connection between the organization and the program,SE,0.25,3,SE,SE,SE; BE; AC,AC; BE; FA; PO; SE,"Achievement, Power: dominance, Face, Security: personal, Benevolence: caring, Benevolence: dependability"
Joint,Joint,"Change at the individual, family, community level",UN,0.25,3,UN,SE,SE; BE; AC,BE; SE,"Security: personal, Benevolence: caring"
Joint,Joint,Continued streamlining of the joint horizontal work between the various JDC departments,AC,0.25,3,AC,AC,AC; SE; BE,AC; SE,"Achievement, Security: personal"
Joint,Joint,Influence positive perceptions of policymakers,AC,0.25,3,AC,PO,PO; FA; UN,AC; BE; FA; PO; SE; UN,"Achievement, Power: dominance, Face, Security: personal, Benevolence: caring, Universalism: tolerance, Universalism: objectivity"
Joint,Joint,Social impact,UN,0.25,3,UN,UN,UN; SE; FA,FA; SE; UN,"Face, Security: personal, Universalism: tolerance, Universalism: objectivity"
Joint,Joint,Developing customized answers,UN,0.25,3,UN,AC,AC; BE; UN,AC; BE; SD; UN,"Self-direction: action, Achievement, Benevolence: caring, Universalism: objectivity"
Joint,Joint,Personal and professional growth,AC,0.25,3,AC,AC,AC; SD; PO,AC; SD,"Self-direction: thought, Achievement"
Joint,Joint,Influence the target population,AC,0.25,3,AC,PO,PO; AC; FA,AC; FA; PO,"Achievement, Power: dominance, Face"
Joint,Joint,To advance professionally,AC,0.25,3,AC,AC,AC; ST; SD,AC; ST,"Stimulation, Achievement"
Joint,Joint,Promotion and empowerment of different populations,UN,0.25,3,UN,UN,UN; AC; PO,AC; FA; PO; SD; SE; UN,"Self-direction: thought, Self-direction: action, Achievement, Power: dominance, Face, Security: personal, Security: societal, Universalism: concern, Universalism: tolerance"
Joint,Joint,Inter-sectoral partnership for disadvantaged populations,UN,0.25,3,UN,UN,UN; SE; BE,BE; SE; UN,"Security: personal, Benevolence: caring, Universalism: concern, Universalism: tolerance"
Joint,Joint,Punctuality,AC,0.25,3,AC,AC,AC; CO; UN,AC; CO,"Achievement, Conformity: rules"
Joint,Joint,Promoting equality between sectors,UN,0.25,3,UN,UN,UN; SE; AC,SE; UN,"Security: personal, Universalism: concern, Universalism: tolerance"
Joint,Joint,To create social change,UN,0.25,3,UN,UN,UN; PO; AC,AC; BE; PO; SD; SE; UN,"Self-direction: thought, Achievement, Power: dominance, Security: societal, Benevolence: caring, Universalism: tolerance"
Joint,Joint,"Advertise in the media about good/positive deeds, not just those of the Joint",AC,0.25,3,AC,BE,BE; UN; FA,BE; FA; UN,"Face, Benevolence: caring, Universalism: objectivity"
Joint,Joint,A better world,UN,0.25,3,UN,AC,AC; BE; UN,AC; BE; UN,"Achievement, Benevolence: caring, Universalism: nature"
Joint,Joint,Building an induction/guidance process for managers and employees regardless of their seniority/rank,AC,0.25,3,AC,AC,AC; UN; SE,AC; SE; UN,"Achievement, Security: personal, Universalism: concern"
Joint,Joint,"Professional growth and development, realization of abilities and skills",AC,0.25,3,AC,AC,AC; SD; ST,AC; SD; ST,"Self-direction: thought, Self-direction: action, Stimulation, Achievement"
Joint,Joint,Training staff for social assistance and giving,AC,0.25,3,AC,AC,AC; BE; SE,AC; BE; SE,"Achievement, Security: personal, Benevolence: caring"
Joint,Joint,"Improving citizen services in Israel and, if possible, influencing the global circle as well.",UN,0.25,3,UN,SE,SE; PO; AC,AC; BE; PO; SE; UN,"Achievement, Power: dominance, Security: personal, Security: societal, Benevolence: caring, Universalism: concern, Universalism: tolerance"
Joint,Joint,Strengthening cooperation with government ministries,AC,0.25,3,AC,SE,SE; AC; BE,AC; BE; PO; SE,"Achievement, Power: dominance, Security: personal, Security: societal, Benevolence: caring"
Joint,Joint,Creating new connections in support of achieving various goals,AC,0.25,3,AC,AC,AC; SE; UN,AC; BE; FA; SD; SE; ST; UN,"Self-direction: thought, Stimulation, Achievement, Face, Security: personal, Benevolence: caring, Universalism: tolerance"
Joint,Joint,Improving the attitudes of professionals towards families in poverty,UN,0.25,3,UN,SE,SE; UN; BE,BE; SE; UN,"Security: personal, Benevolence: caring, Universalism: concern, Universalism: tolerance"
Joint,Joint,Advanced organization,SE,0.25,3,SE,AC,AC; SE; BE,AC,Achievement
Joint,Joint,Equal opportunities,UN,0.25,3,UN,UN,UN; AC; SD,UN,Universalism: concern
Ultra,Ultra,the professionalism,AC,0.25,3,AC,AC,AC; BE; FA,AC,Achievement
Ultra,Ultra,accuracy,AC,0.25,3,AC,UN,UN; AC; BE,AC; BE; UN,"Achievement, Benevolence: caring, Universalism: objectivity"
Ultra,Ultra,accuracy,AC,0.25,3,AC,UN,UN; AC; BE,AC; BE; UN,"Achievement, Benevolence: caring, Universalism: objectivity"
Ultra,Ultra,Increasing working hours,AC,0.25,3,AC,AC,AC; SE; SD,AC; SE,"Achievement, Security: personal"
Ultra,Ultra,Fulfilling dreams and goals,AC,0.25,3,AC,AC,AC; ST; SD,AC; SD; ST,"Self-direction: thought, Self-direction: action, Stimulation, Achievement"
Ultra,Ultra,Educational material supplier,AC,0.25,3,AC,AC,AC; SD; BE,AC; BE; SD,"Self-direction: thought, Achievement, Benevolence: caring"
Ultra,Ultra,Excellent material transfer,AC,0.25,3,AC,AC,AC; BE; SD,AC; BE; SD,"Self-direction: thought, Achievement, Benevolence: caring"
Ultra,Ultra,Increasing the value of teaching,AC,0.25,3,AC,AC,AC; PO; SD,AC; PO; SD,"Self-direction: thought, Achievement, Power: resources"
Ultra,Ultra,assessment,AC,0.25,3,AC,AC,AC; UN; FA,AC; UN,"Achievement, Universalism: objectivity"
Ultra,Ultra,success,AC,0.25,3,AC,AC,AC; CO; BE,AC,Achievement
Ultra,Ultra,The love of children,TR,0.25,3,TR,BE,BE; SE; HE,BE,Benevolence: caring
Ultra,Ultra,success,AC,0.25,3,AC,AC,AC; CO; BE,AC,Achievement
Ultra,Ultra,success,AC,0.25,3,AC,AC,AC; CO; BE,AC,Achievement
Ultra,Ultra,Expansion of institutions,AC,0.25,3,AC,AC,AC; SD; UN,AC; SD,"Self-direction: thought, Achievement"
Ultra,Ultra,Higher education achievements at a professional level,AC,0.25,3,AC,AC,AC; FA; UN,AC,Achievement
Ultra,Ultra,A broader impact in the field of training in which I work,AC,0.25,3,AC,AC,AC; SD; UN,AC; SD; UN,"Self-direction: thought, Achievement, Universalism: tolerance"
Ultra,Ultra,Persistence in what I do,AC,0.25,3,AC,AC,AC; SD; BE,AC; SD,"Self-direction: thought, Achievement"
Ultra,Ultra,Professionalization - Progress,AC,0.25,3,AC,AC,AC; FA; SD,AC,Achievement
Ultra,Ultra,Specialization in my field,AC,0.25,3,AC,AC,AC; SD; UN,AC; SD; UN,"Self-direction: thought, Achievement, Universalism: objectivity"
Ultra,Ultra,Work progress,AC,0.25,3,AC,AC,AC; SD; BE,AC; SD,"Self-direction: thought, Achievement"
Ultra,Ultra,Professional advancement,AC,0.25,3,AC,AC,AC; SD; FA,AC; SD,"Self-direction: thought, Achievement"
Ultra,Ultra,Professional knowledge,AC,0.25,3,AC,AC,AC; BE; SD,AC; BE,"Achievement, Benevolence: caring"
Ultra,Ultra,Significant knowledge,AC,0.25,3,AC,AC,AC; UN; SD,AC; BE; SD; UN,"Self-direction: thought, Achievement, Benevolence: caring, Universalism: objectivity"
Ultra,Ultra,Creating a parent community around the educational institution,AC,0.25,3,AC,SE,SE; BE; AC,AC; BE; SE,"Achievement, Security: personal, Benevolence: caring"
Ultra,Ultra,Increase position,AC,0.25,3,AC,AC,AC; UN; SD,AC,Achievement
Ultra,Ultra,To fulfill my talents and professional dreams,AC,0.25,3,AC,AC,AC; SD; ST,AC; SD; ST,"Self-direction: thought, Self-direction: action, Stimulation, Achievement"
Ultra,Ultra,To fulfill myself,AC,0.25,3,AC,SD,SD; HE; ST,HE; HU; SD; ST,"Self-direction: thought, Self-direction: action, Stimulation, Hedonism, Humility"
Ultra,Ultra,Guide teaching teams properly to develop emotionally healthy and independent students.,AC,0.25,3,AC,AC,AC; SD; SE,AC; BE; SD; SE; UN,"Self-direction: thought, Self-direction: action, Achievement, Security: personal, Benevolence: caring, Universalism: tolerance"
Ultra,Ultra,To get my kindergarteners to a high level,AC,0.25,3,AC,AC,AC; CO; SD,AC,Achievement
Ultra,Ultra,To be effective,AC,0.25,3,AC,AC,AC; SE; BE,AC; BE; SE,"Achievement, Security: societal, Benevolence: caring"
Ultra,Ultra,Be effective and promote children,AC,0.25,3,AC,AC,AC; BE; CO,AC; BE; CO,"Achievement, Conformity: rules, Benevolence: caring"
Ultra,Ultra,Be as professional as possible,AC,0.25,3,AC,AC,AC; CO; FA,AC; BE; CO; FA,"Achievement, Face, Conformity: rules, Conformity: interpersonal, Benevolence: dependability"
Ultra,Ultra,To be professionally valued,AC,0.25,3,AC,FA,FA; AC; PO,AC; CO; FA; PO; UN,"Achievement, Power: resources, Face, Conformity: interpersonal, Universalism: concern"
Ultra,Ultra,To be goal-oriented,AC,0.25,3,AC,AC,AC; CO; BE,AC; CO,"Achievement, Conformity: rules"
Ultra,Ultra,Be professional,AC,0.25,3,AC,CO,CO; AC; BE,AC; BE; CO; FA,"Achievement, Face, Conformity: rules, Conformity: interpersonal, Benevolence: dependability"
Ultra,Ultra,To be professional in educational matters,AC,0.25,3,AC,AC,AC; FA; BE,AC; FA,"Achievement, Face"
Ultra,Ultra,To be truly suited to my role.,AC,0.25,3,AC,AC,AC; ST; BE,AC; BE; ST,"Stimulation, Achievement, Benevolence: dependability"
Ultra,Ultra,Deliver the learning material in the best possible way,AC,0.25,3,AC,AC,AC; SD; BE,AC; SD,"Self-direction: thought, Achievement"
Ultra,Ultra,To enhance the status of the teacher,AC,0.25,3,AC,FA,FA; AC; UN,AC; FA; UN,"Achievement, Face, Universalism: concern"
Ultra,Ultra,Strengthen the teaching profession,AC,0.25,3,AC,AC,AC; SD; BE,AC; SD,"Self-direction: thought, Achievement"
Ultra,Ultra,succeed,AC,0.25,3,AC,AC,AC; BE; CO,AC,Achievement
Ultra,Ultra,To teach the basic material in the best possible way.,AC,0.25,3,AC,AC,AC; SD; UN,AC; SD; UN,"Self-direction: thought, Achievement, Universalism: objectivity"
Ultra,Ultra,To teach the beginning of reading in the best possible way.,AC,0.25,3,AC,AC,AC; SD; BE,AC; BE; SD,"Self-direction: thought, Achievement, Benevolence: caring"
Ultra,Ultra,influence,AC,0.25,3,AC,SE,SE; UN; SD,SD; SE; UN,"Self-direction: thought, Security: personal, Universalism: tolerance, Universalism: objectivity"
Ultra,Ultra,"To influence wider circles, beyond the boundaries of the classroom",AC,0.25,3,AC,AC,AC; UN; FA,AC; FA; PO; SD; SE; UN,"Self-direction: thought, Achievement, Power: dominance, Face, Security: personal, Universalism: tolerance"
Ultra,Ultra,To influence others,AC,0.25,3,AC,SD,SD; UN; PO,AC; BE; CO; PO; SD; UN,"Self-direction: thought, Achievement, Power: dominance, Conformity: rules, Benevolence: caring, Universalism: tolerance"
Ultra,Ultra,"To specialize in another field of teaching, in professions where the work is pronto",AC,0.25,3,AC,AC,AC; SD; SE,AC; SD,"Self-direction: thought, Self-direction: action, Achievement"
Ultra,Ultra,To become more professional,AC,0.25,3,AC,AC,AC; FA; CO,AC; BE; CO; FA,"Achievement, Face, Conformity: rules, Benevolence: dependability"
Ultra,Ultra,Develop professionally,AC,0.25,3,AC,AC,AC; SD; BE,AC,Achievement
Ultra,Ultra,To develop professionally,AC,0.25,3,AC,AC,AC; ST; SD,AC; SD; ST,"Self-direction: thought, Stimulation, Achievement"
Ultra,Ultra,To advance in rank,AC,0.25,3,AC,AC,AC; FA; UN,AC,Achievement
Ultra,Ultra,Advance in professional training,AC,0.25,3,AC,AC,AC; SD; SE,AC; SD,"Self-direction: thought, Achievement"
Ultra,Ultra,To advance in positions,AC,0.25,3,AC,AC,AC; PO; FA,AC; PO,"Achievement, Power: resources"
Ultra,Ultra,Advance to training,AC,0.25,3,AC,AC,AC; ST; UN,AC,Achievement
Ultra,Ultra,To advance professionally and personally,AC,0.25,3,AC,AC,AC; SD; ST,AC; FA; SD; ST,"Self-direction: thought, Self-direction: action, Stimulation, Achievement, Face"
Ultra,Ultra,To advance professionally and do what I do best.,AC,0.25,3,AC,AC,AC; SD; FA,AC; FA; PO; SD,"Self-direction: thought, Self-direction: action, Achievement, Power: resources, Face"
Ultra,Ultra,To be more professional,AC,0.25,3,AC,AC,AC; CO; FA,AC; BE; CO; FA,"Achievement, Face, Conformity: rules, Conformity: interpersonal, Benevolence: dependability"
Ultra,Ultra,To create a high-quality and experiential teaching process,AC,0.25,3,AC,AC,AC; SD; BE,AC; SD,"Self-direction: thought, Achievement"
Ultra,Ultra,Teach the students the material,AC,0.25,3,AC,AC,AC; SD; CO,AC; SD,"Self-direction: thought, Achievement"
Ultra,Ultra,To teach my profession well,AC,0.25,3,AC,AC,AC; CO; FA,AC; CO; FA,"Achievement, Face, Conformity: rules"
Ultra,Ultra,To study and become professionally skilled,AC,0.25,3,AC,AC,AC; SD; ST,AC; SD; ST,"Self-direction: thought, Stimulation, Achievement"
Ultra,Ultra,Study other subjects related to education,AC,0.25,3,AC,AC,AC; SD; UN,AC; SD,"Self-direction: thought, Achievement"
Ultra,Ultra,Learn more and become a professional,AC,0.25,3,AC,AC,AC; SD; PO,AC; SD,"Self-direction: thought, Self-direction: action, Achievement"
Ultra,Ultra,Optimal learning,AC,0.25,3,AC,AC,AC; UN; SD,AC; SD; UN,"Self-direction: thought, Achievement, Universalism: objectivity"
Ultra,Ultra,To do my job professionally and faithfully.,AC,0.25,3,AC,AC,AC; BE; CO,AC; BE; CO; FA,"Achievement, Face, Conformity: rules, Benevolence: dependability"
Ultra,Ultra,to do a master's degree,AC,0.25,3,AC,AC,AC; SD; UN,AC; SD,"Self-direction: thought, Achievement"
Ultra,Ultra,Get a professional concentration,AC,0.25,3,AC,AC,AC; SD; UN,AC; SD,"Self-direction: thought, Achievement"
Ultra,Ultra,promote,AC,0.25,3,AC,AC,AC; SE; BE,AC; SE,"Achievement, Security: personal"
Ultra,Ultra,promote,AC,0.25,3,AC,AC,AC; SE; BE,AC; SE,"Achievement, Security: personal"
Ultra,Ultra,Promote me,AC,0.25,3,AC,AC,AC; FA; SD,AC; FA,"Achievement, Face"
Ultra,Ultra,Promote the school,AC,0.25,3,AC,AC,AC; FA; SE,AC; FA; SE,"Achievement, Face, Security: personal"
Ultra,Ultra,"Promote a professional educational team, namely professional assistants",AC,0.25,3,AC,AC,AC; FA; BE,AC; FA,"Achievement, Face"
Ultra,Ultra,Promote value-based social programs,AC,0.25,3,AC,TR,TR; BE; SE,BE; SE; TR,"Security: personal, Tradition, Benevolence: caring"
Ultra,Ultra,See satisfaction and results on the ground,AC,0.25,3,AC,AC,AC; UN; FA,AC; UN,"Achievement, Universalism: objectivity"
Ultra,Ultra,Good manager,AC,0.25,3,AC,AC,AC; BE; PO,AC; BE,"Achievement, Benevolence: caring"
Ultra,Ultra,Excellence,AC,0.25,3,AC,AC,AC; SD; FA,AC,Achievement
Ultra,Ultra,Excellence and capability,AC,0.25,3,AC,AC,AC; SD; FA,AC; FA; SD,"Self-direction: thought, Achievement, Face"
Ultra,Ultra,professionalism,AC,0.25,3,AC,AC,AC; FA; CO,AC; FA,"Achievement, Face"
Ultra,Ultra,professionalism,AC,0.25,3,AC,AC,AC; FA; CO,AC; FA,"Achievement, Face"
Ultra,Ultra,professionalism,AC,0.25,3,AC,AC,AC; FA; CO,AC; FA,"Achievement, Face"
Ultra,Ultra,professionalism,AC,0.25,3,AC,AC,AC; FA; CO,AC; FA,"Achievement, Face"
Ultra,Ultra,professionalism,AC,0.25,3,AC,AC,AC; FA; CO,AC; FA,"Achievement, Face"
Ultra,Ultra,professionalism,AC,0.25,3,AC,AC,AC; FA; CO,AC; FA,"Achievement, Face"
Ultra,Ultra,professionalism,AC,0.25,3,AC,AC,AC; FA; CO,AC; FA,"Achievement, Face"
Ultra,Ultra,professionalism,AC,0.25,3,AC,AC,AC; FA; CO,AC; FA,"Achievement, Face"
Ultra,Ultra,professionalism,AC,0.25,3,AC,AC,AC; FA; CO,AC; FA,"Achievement, Face"
Ultra,Ultra,Planing,AC,0.25,3,AC,AC,AC; UN; BE,AC; BE; UN,"Achievement, Benevolence: caring, Universalism: objectivity"
Ultra,Ultra,"Satisfaction, results",AC,0.25,3,AC,UN,UN; AC; BE,AC; BE; UN,"Achievement, Benevolence: caring, Universalism: objectivity"
Ultra,Ultra,Promotion,AC,0.25,3,AC,SE,SE; UN; AC,,
Ultra,Ultra,Compliance with the curriculum,AC,0.25,3,AC,AC,AC; CO; BE,AC; CO,"Achievement, Conformity: rules"
Ultra,Ultra,Promotion,AC,0.25,3,AC,SE,SE; UN; AC,,
Ultra,Ultra,Promotion,AC,0.25,3,AC,SE,SE; UN; AC,,
Ultra,Ultra,Personal and social advancement,AC,0.25,3,AC,AC,AC; FA; ST,AC; FA; SE; ST,"Stimulation, Achievement, Face, Security: personal"
Ultra,Ultra,Promoting the English language in school and urban success,AC,0.25,3,AC,AC,AC; SE; UN,AC; SE,"Achievement, Security: personal"
Ultra,Ultra,Academic advancement,AC,0.25,3,AC,AC,AC; SD; FA,AC; SD,"Self-direction: thought, Achievement"
Ultra,Ultra,Academic advancement,AC,0.25,3,AC,AC,AC; SD; FA,AC; SD,"Self-direction: thought, Achievement"
Ultra,Ultra,Professional advancement - to specialize in my teaching field to the best level,AC,0.25,3,AC,AC,AC; SD; FA,AC; SD,"Self-direction: thought, Achievement"
Ultra,Ultra,Promoting advanced pedagogy and promoting academic achievements,AC,0.25,3,AC,AC,AC; SD; FA,AC; SD,"Self-direction: thought, Achievement"
Ultra,Ultra,Educational level,AC,0.25,3,AC,AC,AC; UN; SD,AC; UN,"Achievement, Universalism: concern"
Ultra,Ultra,Educational level,AC,0.25,3,AC,AC,AC; UN; SD,AC; UN,"Achievement, Universalism: concern"
Ultra,Ultra,That they will succeed in the matriculation exams,AC,0.25,3,AC,AC,AC; BE; UN,AC,Achievement
Ultra,Ultra,That the environment will believe and trust my professionalism,AC,0.25,3,AC,AC,AC; FA; PO,AC; BE; FA; PO,"Achievement, Power: dominance, Face, Benevolence: dependability"
Ultra,Ultra,That students will master the material being taught,AC,0.25,3,AC,AC,AC; SD; UN,AC; SD,"Self-direction: thought, Achievement"
Ultra,Ultra,Correct singing and precision in playing,AC,0.25,3,AC,AC,AC; TR; ST,AC; HE; ST; TR,"Stimulation, Hedonism, Achievement, Tradition"
Ultra,Ultra,who want to be more professional,AC,0.25,3,AC,AC,AC; FA; SD,AC; FA; PO; SD,"Self-direction: action, Achievement, Power: resources, Face"
Ultra,Ultra,Be aware of the work,AC,0.25,3,AC,AC,AC; BE; SD,AC; BE; SD,"Self-direction: thought, Achievement, Benevolence: caring"
Ultra,Ultra,Feeling of competence,AC,0.25,3,AC,AC,AC; SE; FA,AC; FA; SE,"Achievement, Face, Security: personal"
Ultra,Ultra,Feeling of competence,AC,0.25,3,AC,AC,AC; SE; FA,AC; FA; SE,"Achievement, Face, Security: personal"
Ultra,Ultra,Conditions and promotion,AC,0.25,3,AC,AC,AC; FA; CO,AC,Achievement
Ultra,Ultra,"Promoting children in the cognitive, emotional, and motor areas",BE,0.25,3,BE,AC,AC; SE; SD,AC; BE; SD; SE,"Self-direction: thought, Achievement, Security: personal, Benevolence: caring"
Ultra,Ultra,That the students will love the place they come to in the morning,BE,0.25,3,BE,AC,AC; SE; BE,AC; BE; SE,"Achievement, Security: personal, Benevolence: caring"
Ultra,Ultra,Love all students unconditionally and with success,BE,0.25,3,BE,AC,AC; BE; FA,AC; BE,"Achievement, Benevolence: caring"
Ultra,Ultra,Good atmosphere,BE,0.25,3,BE,SE,SE; HE; UN,HE; SE; UN,"Hedonism, Security: personal, Universalism: tolerance"
Ultra,Ultra,Happy atmosphere,BE,0.25,3,BE,HE,HE; SE; BE,BE; HE; SE,"Hedonism, Security: personal, Benevolence: caring"
Ultra,Ultra,Happiness and satisfaction in children,BE,0.25,3,BE,SE,SE; BE; HE,AC; BE; HE; SE,"Hedonism, Achievement, Security: personal, Benevolence: caring"
Ultra,Ultra,unity,BE,0.25,3,BE,AC,AC; BE; SE,,
Ultra,Ultra,unity,BE,0.25,3,BE,AC,AC; BE; SE,,
Ultra,Ultra,Unity in the classroom,BE,0.25,3,BE,SE,SE; AC; CO,AC; CO; SE; TR; UN,"Achievement, Security: personal, Tradition, Conformity: rules, Universalism: tolerance"
Ultra,Ultra,Brotherhood,BE,0.25,3,BE,CO,CO; TR; BE,CO,Conformity: rules
Ultra,Ultra,responsibility,BE,0.25,3,BE,BE,BE; CO; UN,BE; CO,"Conformity: rules, Benevolence: caring, Benevolence: dependability"
Ultra,Ultra,Work-life balance,BE,0.25,3,BE,SE,SE; BE; SD,BE; SE,"Security: personal, Benevolence: caring"
Ultra,Ultra,Correct interaction with my students,BE,0.25,3,BE,CO,CO; AC; BE,AC; BE; CO,"Achievement, Conformity: rules, Conformity: interpersonal, Benevolence: caring"
Ultra,Ultra,Trust from the team,BE,0.25,3,BE,FA,FA; AC; PO,AC; BE; FA; PO,"Achievement, Power: dominance, Face, Benevolence: caring"
Ultra,Ultra,reliability,BE,0.25,3,BE,UN,UN; BE; AC,AC; BE; UN,"Achievement, Benevolence: caring, Universalism: objectivity"
Ultra,Ultra,the potential of children,BE,0.25,3,BE,AC,AC; BE; SD,AC; BE; SD; ST,"Self-direction: thought, Stimulation, Achievement, Benevolence: caring"
Ultra,Ultra,Student safety,BE,0.25,3,BE,SE,SE; CO; BE,CO; SE,"Security: personal, Security: societal, Conformity: rules"
Ultra,Ultra,Self-confidence for students,BE,0.25,3,BE,AC,AC; SE; FA,AC; FA; SE,"Achievement, Face, Security: personal"
Ultra,Ultra,Interpersonal relations,BE,0.25,3,BE,SE,SE; BE; FA,BE; FA; SE; UN,"Face, Security: personal, Benevolence: caring, Universalism: tolerance"
Ultra,Ultra,A man to his friend,BE,0.25,3,BE,BE,BE; SE; CO,BE; CO; SE,"Security: personal, Conformity: rules, Benevolence: caring"
Ultra,Ultra,Building ones stature,BE,0.25,3,BE,AC,AC; FA; HU,AC,Achievement
Ultra,Ultra,The construction of the child,BE,0.25,3,BE,BE,BE; AC; SE,AC; BE; SE,"Achievement, Security: personal, Benevolence: caring"
Ultra,Ultra,In conditions suitable for my home and family,BE,0.25,3,BE,BE,BE; SE; UN,BE; SE,"Security: personal, Security: societal, Benevolence: caring"
Ultra,Ultra,Concern for the future generation,BE,0.25,3,BE,SE,SE; BE; UN,BE; SE; UN,"Security: societal, Benevolence: caring, Benevolence: dependability, Universalism: concern"
Ultra,Ultra,Understanding and expression,BE,0.25,3,BE,UN,UN; SD; AC,AC; SD; UN,"Self-direction: thought, Achievement, Universalism: tolerance"
Ultra,Ultra,Understanding the other,BE,0.25,3,BE,UN,UN; AC; BE,AC; UN,"Achievement, Universalism: tolerance, Universalism: objectivity"
Ultra,Ultra,Understanding the girls,BE,0.25,3,BE,BE,BE; UN; CO,BE,Benevolence: caring
Ultra,Ultra,Entering the correct values,BE,0.25,3,BE,AC,AC; UN; BE,AC; BE; UN,"Achievement, Benevolence: caring, Universalism: objectivity"
Ultra,Ultra,Instilling values ​​and virtues,BE,0.25,3,BE,TR,TR; CO; FA,CO; FA; TR,"Face, Tradition, Conformity: rules"
Ultra,Ultra,Academic achievements,BE,0.25,3,BE,AC,AC; FA; SD,AC; FA,"Achievement, Face"
Ultra,Ultra,Enjoyment for students,BE,0.25,3,BE,AC,AC; ST; HE,AC; HE; ST,"Stimulation, Hedonism, Achievement"
Ultra,Ultra,Instilling values,BE,0.25,3,BE,AC,AC; TR; SE,AC; SE; TR,"Achievement, Security: personal, Tradition"
Ultra,Ultra,Granting tools,BE,0.25,3,BE,AC,AC; BE; UN,AC; BE,"Achievement, Benevolence: caring"
Ultra,Ultra,Empowering the facts,BE,0.25,3,BE,AC,AC; SD; FA,AC; FA; PO; SD; UN,"Self-direction: thought, Achievement, Power: dominance, Face, Universalism: tolerance"
Ultra,Ultra,Enrichment and development at its best,BE,0.25,3,BE,AC,AC; SD; ST,AC; SD; SE; ST; UN,"Self-direction: thought, Stimulation, Achievement, Security: personal, Universalism: tolerance"
Ultra,Ultra,Personal academic and emotional success of each student,BE,0.25,3,BE,AC,AC; FA; SE,AC; FA; SE,"Achievement, Face, Security: personal"
Ultra,Ultra,Success in advancing students in life skills,BE,0.25,3,BE,AC,AC; SD; BE,AC; SD,"Self-direction: thought, Achievement"
Ultra,Ultra,Success in advancing students in reading,BE,0.25,3,BE,AC,AC; SD; BE,AC,Achievement
Ultra,Ultra,Success in concentrating on the social sphere at school,BE,0.25,3,BE,AC,AC; SE; FA,AC; CO; FA; SE,"Achievement, Face, Security: personal, Conformity: rules"
Ultra,Ultra,The success of the students,BE,0.25,3,BE,AC,AC; FA; BE,AC,Achievement
Ultra,Ultra,Student success,BE,0.25,3,BE,AC,AC; BE; CO,AC,Achievement
Ultra,Ultra,Teaching skills that will give the student the tools to develop as an independent adult,BE,0.25,3,BE,AC,AC; SD; ST,AC; BE; SD; ST,"Self-direction: thought, Self-direction: action, Stimulation, Achievement, Benevolence: dependability"
Ultra,Ultra,Instilling values,BE,0.25,3,BE,AC,AC; TR; SE,AC; SE; TR,"Achievement, Security: personal, Tradition"
Ultra,Ultra,You bought values,BE,0.25,3,BE,UN,UN; AC; BE,,
Ultra,Ultra,Personal progress of each student,BE,0.25,3,BE,AC,AC; UN; BE,AC,Achievement
Ultra,Ultra,"And again, to show love for the children",BE,0.25,3,BE,BE,BE; SE; TR,BE; SE; TR,"Security: personal, Tradition, Benevolence: caring"
Ultra,Ultra,company,BE,0.25,3,BE,AC,AC; SE; CO,,
Ultra,Ultra,company,BE,0.25,3,BE,AC,AC; SE; CO,,
Ultra,Ultra,company,BE,0.25,3,BE,AC,AC; SE; CO,,
Ultra,Ultra,company,BE,0.25,3,BE,AC,AC; SE; CO,,
Ultra,Ultra,Company and interest in life,BE,0.25,3,BE,ST,ST; HE; SE,AC; BE; HE; SD; SE; ST,"Self-direction: thought, Stimulation, Hedonism, Achievement, Security: personal, Benevolence: caring"
Ultra,Ultra,Good company,BE,0.25,3,BE,SE,SE; BE; UN,BE; SE; UN,"Security: personal, Benevolence: caring, Universalism: tolerance"
Ultra,Ultra,Good company,BE,0.25,3,BE,SE,SE; BE; UN,BE; SE; UN,"Security: personal, Benevolence: caring, Universalism: tolerance"
Ultra,Ultra,Sociality,BE,0.25,3,BE,SE,SE; HE; UN,FA; HE; SE; UN,"Hedonism, Face, Security: personal, Universalism: tolerance"
Ultra,Ultra,Warmth and love,BE,0.25,3,BE,BE,BE; SE; HE,BE; HE; SE,"Hedonism, Security: personal, Benevolence: caring"
Ultra,Ultra,Warmth and love for students,BE,0.25,3,BE,BE,BE; SE; TR,BE; SE; TR,"Security: personal, Tradition, Benevolence: caring"
Ultra,Ultra,Empowering girls and helping them believe in themselves,BE,0.25,3,BE,AC,AC; UN; FA,AC; FA; SD; SE; ST; UN,"Self-direction: thought, Self-direction: action, Stimulation, Achievement, Face, Security: personal, Universalism: concern, Universalism: tolerance"
Ultra,Ultra,Education,BE,0.25,3,BE,AC,AC; BE; SE,AC,Achievement
Ultra,Ultra,Education,BE,0.25,3,BE,AC,AC; BE; SE,AC,Achievement
Ultra,Ultra,Education,BE,0.25,3,BE,AC,AC; BE; SE,AC,Achievement
Ultra,Ultra,Education,BE,0.25,3,BE,AC,AC; BE; SE,AC,Achievement
Ultra,Ultra,Educating the future generation,BE,0.25,3,BE,AC,AC; SD; BE,AC; BE; SD; SE,"Self-direction: thought, Achievement, Security: societal, Benevolence: caring"
Ultra,Ultra,Education and values ​​before learning,BE,0.25,3,BE,TR,TR; AC; SD,AC; SD; TR,"Self-direction: thought, Achievement, Tradition"
Ultra,Ultra,Education of Israeli children,BE,0.25,3,BE,AC,AC; BE; SD,AC; BE,"Achievement, Benevolence: caring"
Ultra,Ultra,Education for love of others,BE,0.25,3,BE,BE,BE; TR; AC,AC; BE; TR; UN,"Achievement, Tradition, Benevolence: caring, Benevolence: dependability, Universalism: tolerance"
Ultra,Ultra,Education from love,BE,0.25,3,BE,AC,AC; BE; SD,AC; BE; SD,"Self-direction: thought, Achievement, Benevolence: caring"
Ultra,Ultra,Education from the heart,BE,0.25,3,BE,AC,AC; SD; TR,AC; BE; SD; SE; TR,"Self-direction: thought, Achievement, Security: personal, Tradition, Benevolence: caring"
Ultra,Ultra,Proper education for a healthy mind for today's generation,BE,0.25,3,BE,AC,AC; SE; SD,AC; BE; SD; SE,"Self-direction: thought, Achievement, Security: personal, Security: societal, Benevolence: caring"
Ultra,Ultra,"Life wisdom, formal arithmetic learning and more",BE,0.25,3,BE,AC,AC; SD; UN,AC; SD; UN,"Self-direction: thought, Achievement, Universalism: objectivity"
Ultra,Ultra,Warm love and giving,BE,0.25,3,BE,BE,BE; SE; HE,BE; HE; SE,"Hedonism, Security: personal, Benevolence: caring"
Ultra,Ultra,The welfare of students,BE,0.25,3,BE,SE,SE; BE; AC,AC; BE; SE,"Achievement, Security: personal, Benevolence: caring"
Ultra,Ultra,As much knowledge and skills as possible,BE,0.25,3,BE,AC,AC; SD; ST,AC; SD,"Self-direction: thought, Achievement"
Ultra,Ultra,Integrity,BE,0.25,3,BE,SE,SE; FA; UN,FA; SE; UN,"Face, Security: personal, Universalism: tolerance"
Ultra,Ultra,Personal and close approach to teaching,BE,0.25,3,BE,AC,AC; BE; CO,AC; BE; CO; SD,"Self-direction: thought, Achievement, Conformity: rules, Benevolence: caring"
Ultra,Ultra,Personal attention to each student,BE,0.25,3,BE,AC,AC; BE; CO,AC; BE,"Achievement, Benevolence: caring"
Ultra,Ultra,"A warm, loving and caring attitude towards each child and a good relationship with the other staff at the kindergarten",BE,0.25,3,BE,BE,BE; SE; CO,AC; BE; CO; SE,"Achievement, Security: personal, Conformity: rules, Benevolence: caring"
Ultra,Ultra,A more personal approach to each child,BE,0.25,3,BE,BE,BE; AC; SD,AC; BE; SD,"Self-direction: action, Achievement, Benevolence: caring"
Ultra,Ultra,Respectful relationship between students,BE,0.25,3,BE,FA,FA; CO; TR,CO; FA; TR,"Face, Tradition, Conformity: rules, Conformity: interpersonal"
Ultra,Ultra,Creating a pleasant and accessible learning climate for all students,BE,0.25,3,BE,SE,SE; AC; BE,AC; BE; SE; UN,"Achievement, Security: personal, Benevolence: caring, Universalism: concern, Universalism: tolerance"
Ultra,Ultra,Creating a safe space for students,BE,0.25,3,BE,SE,SE; CO; BE,BE; CO; SE; UN,"Security: personal, Security: societal, Conformity: rules, Benevolence: caring, Universalism: tolerance"
Ultra,Ultra,All a student needs is someone who believes in her and sees the good in her.,BE,0.25,3,BE,AC,AC; BE; FA,AC; BE; FA,"Achievement, Face, Benevolence: caring"
Ultra,Ultra,sincerity,BE,0.25,3,BE,BE,BE; SE; AC,BE; SE,"Security: personal, Benevolence: caring"
Ultra,Ultra,sincerity,BE,0.25,3,BE,BE,BE; SE; AC,BE; SE,"Security: personal, Benevolence: caring"
Ultra,Ultra,To love the students,BE,0.25,3,BE,BE,BE; AC; TR,AC; BE,"Achievement, Benevolence: caring"
Ultra,Ultra,"Build a special education system for every child, like in special education kindergartens.",BE,0.25,3,BE,UN,UN; AC; SE,AC; BE; SE; UN,"Achievement, Security: personal, Benevolence: caring, Universalism: concern"
Ultra,Ultra,Raise a quality generation,BE,0.25,3,BE,AC,AC; BE; SE,AC; BE; PO; SE; TR,"Achievement, Power: dominance, Security: societal, Tradition, Benevolence: caring, Benevolence: dependability"
Ultra,Ultra,To raise a generation that is proud of its roots and continues them and does not lose its balance as soon as things change for it.,BE,0.25,3,BE,TR,TR; SE; BE,AC; BE; SE; TR,"Achievement, Security: personal, Security: societal, Tradition, Benevolence: caring"
Ultra,Ultra,"Raising a sensitive, happy, and high-quality generation",BE,0.25,3,BE,BE,BE; SE; HE,BE; SE,"Security: personal, Benevolence: caring"
Ultra,Ultra,To enable students to maximize their talents,BE,0.25,3,BE,AC,AC; SD; ST,AC; SD; ST,"Self-direction: thought, Self-direction: action, Stimulation, Achievement"
Ultra,Ultra,"Taking care of every student, not giving up on any girl, paying attention to the soul",BE,0.25,3,BE,BE,BE; SE; UN,AC; BE; SE; UN,"Achievement, Security: personal, Benevolence: caring, Universalism: concern"
Ultra,Ultra,To care for the well-being and happiness of students,BE,0.25,3,BE,SE,SE; BE; HE,BE; HE; SE,"Hedonism, Security: personal, Benevolence: caring"
Ultra,Ultra,Ensure that each child receives professional assistance according to their needs.,BE,0.25,3,BE,UN,UN; BE; AC,AC; BE; SE; UN,"Achievement, Security: personal, Benevolence: caring, Universalism: concern"
Ultra,Ultra,"Believe in the child and in the child, and instill mutual trust in him/her",BE,0.25,3,BE,BE,BE; AC; SE,AC; BE; FA; SE,"Achievement, Face, Security: personal, Benevolence: caring, Benevolence: dependability"
Ultra,Ultra,Understand the students' world and connect with their academic and emotional needs,BE,0.25,3,BE,AC,AC; SE; BE,AC; BE; SE; UN,"Achievement, Security: personal, Benevolence: caring, Universalism: tolerance"
Ultra,Ultra,To express appreciation,BE,0.25,3,BE,BE,BE; AC; FA,AC; BE; FA,"Achievement, Face, Benevolence: caring"
Ultra,Ultra,Increase the sense of self-confidence of each child,BE,0.25,3,BE,AC,AC; SE; FA,AC; FA; SD; SE,"Self-direction: thought, Achievement, Face, Security: personal"
Ultra,Ultra,Reaching children,BE,0.25,3,BE,BE,BE; AC; UN,AC; BE; UN,"Achievement, Benevolence: caring, Universalism: concern"
Ultra,Ultra,To bring out the worker's skills,BE,0.25,3,BE,AC,AC; FA; SD,AC; FA; PO; SD,"Self-direction: thought, Achievement, Power: resources, Face"
Ultra,Ultra,To leave a mark on my educational path for the future generation,BE,0.25,3,BE,AC,AC; BE; UN,AC; BE,"Achievement, Benevolence: caring, Benevolence: dependability"
Ultra,Ultra,To be a listening ear,BE,0.25,3,BE,BE,BE; SE; UN,BE; SE; UN,"Security: personal, Benevolence: caring, Universalism: tolerance"
Ultra,Ultra,To be caring,BE,0.25,3,BE,BE,BE; SE; UN,BE; SE,"Security: personal, Benevolence: caring"
Ultra,Ultra,Being in a meaningful role for them in life,BE,0.25,3,BE,BE,BE; ST; AC,BE,Benevolence: caring
Ultra,Ultra,"Be attentive to the students' academic, social, and emotional needs and act accordingly where possible.",BE,0.25,3,BE,SE,SE; BE; AC,AC; BE; CO; SE; UN,"Achievement, Security: personal, Conformity: rules, Benevolence: caring, Universalism: tolerance"
Ultra,Ultra,To be for them,BE,0.25,3,BE,BE,BE; SE; FA,BE; FA; SE,"Face, Security: personal, Benevolence: caring"
Ultra,Ultra,To be an address for every student,BE,0.25,3,BE,AC,AC; BE; CO,AC; BE; CO,"Achievement, Conformity: rules, Benevolence: caring"
Ultra,Ultra,To be a meaningful teacher for my students,BE,0.25,3,BE,AC,AC; BE; ST,AC; BE,"Achievement, Benevolence: caring"
Ultra,Ultra,To be connected,BE,0.25,3,BE,SE,SE; BE; HE,BE; SE,"Security: personal, Benevolence: caring"
Ultra,Ultra,To be meaningful to them in life,BE,0.25,3,BE,BE,BE; SE; ST,BE; SE,"Security: personal, Benevolence: caring"
Ultra,Ultra,To accommodate at-risk students......,BE,0.25,3,BE,UN,UN; BE; SE,BE; SE; UN,"Security: personal, Benevolence: caring, Universalism: concern, Universalism: tolerance"
Ultra,Ultra,Preparing my students for life outside,BE,0.25,3,BE,AC,AC; BE; SE,AC; BE; SE; ST,"Stimulation, Achievement, Security: personal, Benevolence: caring"
Ultra,Ultra,Introducing theater studies into the education system that are tailored to the ultra-Orthodox sector will give expression to many more girls who lack academic abilities.,BE,0.25,3,BE,AC,AC; UN; SD,AC; SD; ST; UN,"Self-direction: thought, Self-direction: action, Stimulation, Achievement, Universalism: concern, Universalism: tolerance"
Ultra,Ultra,To impart professional knowledge,BE,0.25,3,BE,AC,AC; SD; UN,AC; BE; SD; UN,"Self-direction: thought, Achievement, Benevolence: caring, Universalism: tolerance, Universalism: objectivity"
Ultra,Ultra,To improve the quality of life of my students,BE,0.25,3,BE,SE,SE; AC; BE,AC; BE; SE,"Achievement, Security: personal, Benevolence: caring"
Ultra,Ultra,To raise a generation of happy women,BE,0.25,3,BE,BE,BE; SE; HE,BE; HE; SE,"Hedonism, Security: personal, Security: societal, Benevolence: caring"
Ultra,Ultra,To provide mental resilience to children,BE,0.25,3,BE,SE,SE; BE; AC,AC; BE; SE,"Achievement, Security: personal, Benevolence: caring"
Ultra,Ultra,To give students an experience of success.,BE,0.25,3,BE,AC,AC; ST; FA,AC; FA; ST,"Stimulation, Achievement, Face"
Ultra,Ultra,To empower and include every child,BE,0.25,3,BE,UN,UN; AC; SE,AC; BE; SE; UN,"Achievement, Security: personal, Benevolence: caring, Universalism: concern, Universalism: tolerance"
Ultra,Ultra,Reduce the number of children in kindergarten,BE,0.25,3,BE,AC,AC; BE; UN,AC; BE; UN,"Achievement, Benevolence: caring, Universalism: concern"
Ultra,Ultra,To succeed in introducing them into a social circle,BE,0.25,3,BE,SE,SE; FA; UN,AC; CO; FA; SE; UN,"Achievement, Face, Security: personal, Conformity: rules, Universalism: tolerance"
Ultra,Ultra,To impart knowledge,BE,0.25,3,BE,AC,AC; SD; UN,AC; BE; SD; UN,"Self-direction: thought, Achievement, Benevolence: caring, Universalism: tolerance, Universalism: objectivity"
Ultra,Ultra,To provide them with new knowledge,BE,0.25,3,BE,AC,AC; SD; UN,AC; BE; SD; UN,"Self-direction: thought, Achievement, Benevolence: caring, Universalism: tolerance, Universalism: objectivity"
Ultra,Ultra,To provide students with tools to build a happy life.,BE,0.25,3,BE,SE,SE; AC; BE,AC; BE; SE; ST,"Stimulation, Achievement, Security: personal, Benevolence: caring"
Ultra,Ultra,To instill good values ​​and virtues in students.,BE,0.25,3,BE,TR,TR; CO; BE,AC; BE; CO; FA; TR,"Achievement, Face, Tradition, Conformity: rules, Benevolence: dependability"
Ultra,Ultra,To impart learning skills,BE,0.25,3,BE,AC,AC; SD; BE,AC; BE; SD,"Self-direction: thought, Achievement, Benevolence: caring"
Ultra,Ultra,To provide students with SEL skills,BE,0.25,3,BE,AC,AC; BE; SD,AC; BE; SD,"Self-direction: thought, Achievement, Benevolence: caring"
Ultra,Ultra,To influence the younger generation,BE,0.25,3,BE,AC,AC; BE; PO,AC; BE; CO; PO; SD; SE; UN,"Self-direction: thought, Achievement, Power: dominance, Security: societal, Conformity: rules, Benevolence: caring, Universalism: tolerance"
Ultra,Ultra,Invest in children,BE,0.25,3,BE,BE,BE; AC; SD,AC; BE; SD,"Self-direction: thought, Achievement, Benevolence: caring"
Ultra,Ultra,Accompanying professional women,BE,0.25,3,BE,AC,AC; FA; ST,AC; FA; ST,"Stimulation, Achievement, Face"
Ultra,Ultra,Remember that my word continues to accompany people who heard it for better and for worse.,BE,0.25,3,BE,BE,BE; FA; CO,BE; CO; FA; UN,"Face, Conformity: rules, Conformity: interpersonal, Benevolence: caring, Universalism: tolerance, Universalism: objectivity"
Ultra,Ultra,Connect the students,BE,0.25,3,BE,AC,AC; SE; BE,AC; BE; SE,"Achievement, Security: personal, Benevolence: caring"
Ultra,Ultra,Strengthen their values ​​and resilience,BE,0.25,3,BE,TR,TR; BE; SE,AC; BE; SE; TR; UN,"Achievement, Security: personal, Tradition, Benevolence: caring, Universalism: tolerance"
Ultra,Ultra,educate,BE,0.25,3,BE,AC,AC; BE; SD,AC; BE; CO; SD,"Self-direction: thought, Achievement, Conformity: rules, Benevolence: caring"
Ultra,Ultra,Educate the future generation with a good education,BE,0.25,3,BE,AC,AC; SE; BE,AC; BE; SE; UN,"Achievement, Security: societal, Benevolence: caring, Universalism: concern"
Ultra,Ultra,Educating the next generation,BE,0.25,3,BE,AC,AC; SD; BE,AC; BE; SD,"Self-direction: thought, Achievement, Benevolence: caring"
Ultra,Ultra,Educate the next generation to be good people today,BE,0.25,3,BE,AC,AC; BE; SE,AC; BE; CO; SE,"Achievement, Security: societal, Conformity: rules, Benevolence: caring, Benevolence: dependability"
Ultra,Ultra,Educate for inclusion,BE,0.25,3,BE,AC,AC; UN; BE,AC; BE; UN,"Achievement, Benevolence: caring, Universalism: concern, Universalism: tolerance"
Ultra,Ultra,To educate in the right values,BE,0.25,3,BE,TR,TR; BE; AC,AC; BE; CO; SD; TR,"Self-direction: thought, Achievement, Tradition, Conformity: rules, Benevolence: caring"
Ultra,Ultra,Create a pleasant learning space for students,BE,0.25,3,BE,AC,AC; SE; SD,AC; HE; SD; SE,"Self-direction: thought, Hedonism, Achievement, Security: personal"
Ultra,Ultra,To create a better and more quality future generation,BE,0.25,3,BE,BE,BE; SE; UN,AC; BE; SE; UN,"Achievement, Security: societal, Benevolence: caring, Universalism: nature"
Ultra,Ultra,Create learning experiences,BE,0.25,3,BE,AC,AC; SD; ST,AC; SD; ST,"Self-direction: thought, Stimulation, Achievement"
Ultra,Ultra,Create a pleasant educational environment for students,BE,0.25,3,BE,SE,SE; AC; HE,AC; BE; HE; SE,"Hedonism, Achievement, Security: personal, Benevolence: caring"
Ultra,Ultra,Establish a warm and close relationship with the students,BE,0.25,3,BE,SE,SE; BE; FA,BE; CO; FA; SE; TR,"Face, Security: personal, Tradition, Conformity: rules, Benevolence: caring"
Ultra,Ultra,"Create a study routine with healthy boundaries, curiosity, encouragement, and joy",BE,0.25,3,BE,AC,AC; SD; ST,AC; HE; SD; ST,"Self-direction: thought, Stimulation, Hedonism, Achievement"
Ultra,Ultra,"Teach them material, and have them pass their matriculation exams with great success.",BE,0.25,3,BE,AC,AC; SD; UN,AC; SD,"Self-direction: thought, Achievement"
Ultra,Ultra,To teach my students true values/decency,BE,0.25,3,BE,CO,CO; TR; FA,BE; CO; FA; TR,"Face, Tradition, Conformity: rules, Benevolence: dependability"
Ultra,Ultra,Teaching children to express emotions and understand what they mean,BE,0.25,3,BE,SE,SE; UN; BE,AC; BE; SD; SE; UN,"Self-direction: thought, Achievement, Security: personal, Benevolence: caring, Universalism: tolerance"
Ultra,Ultra,To work faithfully and honestly,BE,0.25,3,BE,AC,AC; BE; CO,AC; BE; CO,"Achievement, Conformity: rules, Benevolence: caring, Benevolence: dependability"
Ultra,Ultra,Help others,BE,0.25,3,BE,BE,BE; AC; UN,AC; BE,"Achievement, Benevolence: caring"
Ultra,Ultra,Helping girls emerge prepared for life,BE,0.25,3,BE,AC,AC; BE; SE,AC; BE; SD; SE,"Self-direction: action, Achievement, Security: personal, Benevolence: caring"
Ultra,Ultra,To help my classmates,BE,0.25,3,BE,AC,AC; BE; SE,AC; BE; SE; UN,"Achievement, Security: personal, Benevolence: caring, Universalism: tolerance"
Ultra,Ultra,To do good for our students,BE,0.25,3,BE,AC,AC; BE; CO,AC; BE; CO,"Achievement, Conformity: rules, Benevolence: caring"
Ultra,Ultra,To develop in them intelligence and world knowledge,BE,0.25,3,BE,AC,AC; SD; UN,AC; SD; UN,"Self-direction: thought, Achievement, Universalism: tolerance"
Ultra,Ultra,Develop additional knowledge circles for students,BE,0.25,3,BE,AC,AC; SD; BE,AC; BE; SD; UN,"Self-direction: thought, Achievement, Benevolence: caring, Universalism: objectivity"
Ultra,Ultra,"Develop an interest in learning, not just a sense of necessity",BE,0.25,3,BE,SD,SD; AC; ST,AC; HE; SD; ST,"Self-direction: thought, Self-direction: action, Stimulation, Hedonism, Achievement"
Ultra,Ultra,"To smite him on all levels: cognitive, emotional, social and physical.",BE,0.25,3,BE,SE,SE; CO; AC,AC; CO; SE,"Achievement, Security: personal, Conformity: rules"
Ultra,Ultra,To advance students academically,BE,0.25,3,BE,AC,AC; SD; BE,AC; SD,"Self-direction: thought, Achievement"
Ultra,Ultra,Promote student communication (Hinuma),BE,0.25,3,BE,AC,AC; SE; BE,AC; BE; FA; SE; UN,"Achievement, Face, Security: personal, Benevolence: caring, Universalism: tolerance"
Ultra,Ultra,Promote children's abilities,BE,0.25,3,BE,AC,AC; SD; BE,AC; BE; SD; ST,"Self-direction: thought, Stimulation, Achievement, Benevolence: caring"
Ultra,Ultra,To advance all kindergarten children in terms of learning and skills.,BE,0.25,3,BE,AC,AC; SD; BE,AC; SD,"Self-direction: thought, Achievement"
Ultra,Ultra,To truly advance my students and be meaningful to them.,BE,0.25,3,BE,AC,AC; SD; ST,AC; FA; SD; ST,"Self-direction: thought, Stimulation, Achievement, Face"
Ultra,Ultra,Promote empowerment among students,BE,0.25,3,BE,AC,AC; SD; UN,AC; FA; PO; SD; UN,"Self-direction: thought, Self-direction: action, Achievement, Power: dominance, Face, Universalism: concern"
Ultra,Ultra,Promote children,BE,0.25,3,BE,BE,BE; AC; SD,AC; BE; SD,"Self-direction: thought, Achievement, Benevolence: caring"
Ultra,Ultra,To promote academically weak children,BE,0.25,3,BE,AC,AC; UN; BE,AC; BE; UN,"Achievement, Benevolence: caring, Universalism: concern"
Ultra,Ultra,Promote children in every way,BE,0.25,3,BE,AC,AC; BE; SD,AC; BE; SD,"Self-direction: thought, Achievement, Benevolence: caring"
Ultra,Ultra,To advance each student to the maximum extent possible in all areas,BE,0.25,3,BE,AC,AC; SD; ST,AC; SD,"Self-direction: thought, Achievement"
Ultra,Ultra,Advance academically as much as possible,BE,0.25,3,BE,AC,AC; SD; ST,AC; SD,"Self-direction: thought, Achievement"
Ultra,Ultra,Professionally promote staff members,BE,0.25,3,BE,AC,AC; FA; PO,AC; FA; PO,"Achievement, Power: dominance, Face"
Ultra,Ultra,Promote female students,BE,0.25,3,BE,AC,AC; UN; FA,AC; FA; UN,"Achievement, Face, Universalism: concern"
Ultra,Ultra,Promote female students,BE,0.25,3,BE,AC,AC; UN; FA,AC; FA; UN,"Achievement, Face, Universalism: concern"
Ultra,Ultra,Promote struggling students,BE,0.25,3,BE,AC,AC; UN; BE,AC; BE; UN,"Achievement, Benevolence: caring, Universalism: concern"
Ultra,Ultra,To see them succeed and progress,BE,0.25,3,BE,AC,AC; SD; ST,AC; SD,"Self-direction: thought, Achievement"
Ultra,Ultra,To see in everything first the best interests of the child in front of me,BE,0.25,3,BE,BE,BE; UN; CO,BE; UN,"Benevolence: caring, Universalism: concern"
Ultra,Ultra,"To hear, understand, and guide students at critical crossroads in their lives.",BE,0.25,3,BE,BE,BE; AC; UN,AC; BE; SE; UN,"Achievement, Security: personal, Benevolence: caring, Universalism: tolerance"
Ultra,Ultra,To give,BE,0.25,3,BE,BE,BE; AC; UN,AC; BE,"Achievement, Benevolence: caring"
Ultra,Ultra,To lend a listening ear and inclusion to female students (high school),BE,0.25,3,BE,UN,UN; SE; BE,BE; SE; UN,"Security: personal, Benevolence: caring, Universalism: concern, Universalism: tolerance"
Ultra,Ultra,To give my soul to my students,BE,0.25,3,BE,AC,AC; BE; TR,AC; BE; SD; TR,"Self-direction: thought, Achievement, Tradition, Benevolence: caring"
Ultra,Ultra,"Give a good feeling of ""I'm here"" and ""I see you""",BE,0.25,3,BE,BE,BE; SE; UN,BE; SE,"Security: personal, Benevolence: caring"
Ultra,Ultra,Give everything that is needed in the emotional sphere,BE,0.25,3,BE,BE,BE; SE; HE,BE; HE; SE,"Hedonism, Security: personal, Benevolence: caring"
Ultra,Ultra,"Give girls strength, encouragement, self-confidence, and emotional support",BE,0.25,3,BE,SE,SE; BE; AC,AC; BE; SE; UN,"Achievement, Security: personal, Benevolence: caring, Universalism: tolerance"
Ultra,Ultra,Give them a sense of success,BE,0.25,3,BE,AC,AC; FA; SE,AC; FA; SE,"Achievement, Face, Security: personal"
Ultra,Ultra,To give them meaning,BE,0.25,3,BE,BE,BE; UN; SE,BE; UN,"Benevolence: caring, Universalism: tolerance"
Ultra,Ultra,"Give them strength, knowledge and profession",BE,0.25,3,BE,AC,AC; SD; BE,AC; SD,"Self-direction: thought, Achievement"
Ultra,Ultra,Provide children with higher education,BE,0.25,3,BE,AC,AC; SE; BE,AC; BE; SE; UN,"Achievement, Security: personal, Benevolence: caring, Universalism: concern"
Ultra,Ultra,Let every child know that they are inherently good.,BE,0.25,3,BE,AC,AC; BE; FA,AC; BE; CO; FA,"Achievement, Face, Conformity: rules, Benevolence: caring"
Ultra,Ultra,To give each student the best and most for themselves,BE,0.25,3,BE,AC,AC; SD; UN,AC; BE; FA; SD; UN,"Self-direction: action, Achievement, Face, Benevolence: caring, Universalism: concern"
Ultra,Ultra,Give each student a tailored response,BE,0.25,3,BE,AC,AC; UN; BE,AC; BE; UN,"Achievement, Benevolence: caring, Universalism: concern, Universalism: objectivity"
Ultra,Ultra,Make students feel good,BE,0.25,3,BE,SE,SE; BE; HE,AC; BE; HE; SE; UN,"Hedonism, Achievement, Security: personal, Benevolence: caring, Universalism: tolerance"
Ultra,Ultra,Give students a sense of success,BE,0.25,3,BE,AC,AC; FA; SE,AC; FA; SE,"Achievement, Face, Security: personal"
Ultra,Ultra,Make room for children,BE,0.25,3,BE,BE,BE; UN; SE,BE; UN,"Benevolence: caring, Universalism: concern"
Ultra,Ultra,Computers are accessible to students in some classes.,BE,0.25,3,BE,AC,AC; SD; UN,AC; SD; UN,"Self-direction: thought, Achievement, Universalism: objectivity"
Ultra,Ultra,"Of all my teachers and my students, I have learned the most from them all - you can always learn something from everyone, but from the students the most.",BE,0.25,3,BE,AC,AC; SD; BE,AC; BE; SD; UN,"Self-direction: thought, Achievement, Benevolence: caring, Universalism: tolerance"
Ultra,Ultra,giving,BE,0.25,3,BE,SE,SE; AC; BE,,
Ultra,Ultra,giving,BE,0.25,3,BE,SE,SE; AC; BE,,
Ultra,Ultra,giving,BE,0.25,3,BE,SE,SE; AC; BE,,
Ultra,Ultra,Infinite giving,BE,0.25,3,BE,AC,AC; BE; UN,AC,Achievement
Ultra,Ultra,help,BE,0.25,3,BE,BE,BE; AC; SE,AC; BE,"Achievement, Benevolence: caring"
Ultra,Ultra,Help with whatever is needed,BE,0.25,3,BE,BE,BE; AC; SE,AC; BE,"Achievement, Benevolence: caring"
Ultra,Ultra,Technical help,BE,0.25,3,BE,AC,AC; BE; UN,AC; BE; UN,"Achievement, Benevolence: caring, Universalism: objectivity"
Ultra,Ultra,Help for parents,BE,0.25,3,BE,BE,BE; AC; SE,AC; BE,"Achievement, Benevolence: caring"
Ultra,Ultra,Help for children,BE,0.25,3,BE,BE,BE; AC; UN,AC; BE; UN,"Achievement, Benevolence: caring, Universalism: concern"
Ultra,Ultra,Helping children in need,BE,0.25,3,BE,BE,BE; SE; UN,BE; SE; UN,"Security: personal, Benevolence: caring, Universalism: concern"
Ultra,Ultra,Help for students,BE,0.25,3,BE,AC,AC; BE; UN,AC; BE,"Achievement, Benevolence: caring"
Ultra,Ultra,"Developing thinking, creativity, and observation in students",BE,0.25,3,BE,AC,AC; SD; UN,AC; SD; UN,"Self-direction: thought, Achievement, Universalism: tolerance"
Ultra,Ultra,Developing the student's emotional world,BE,0.25,3,BE,SD,SD; SE; BE,AC; BE; SD; SE; ST; UN,"Self-direction: thought, Stimulation, Achievement, Security: personal, Benevolence: caring, Universalism: tolerance"
Ultra,Ultra,Early in children,BE,0.25,3,BE,BE,BE; AC; CO,AC; BE,"Achievement, Benevolence: caring"
Ultra,Ultra,Promoting children,BE,0.25,3,BE,BE,BE; AC; SD,AC; BE; SD,"Self-direction: thought, Achievement, Benevolence: caring"
Ultra,Ultra,Student advancement,BE,0.25,3,BE,AC,AC; FA; UN,AC; FA,"Achievement, Face"
Ultra,Ultra,Promotion of female students,BE,0.25,3,BE,FA,FA; AC; UN,AC; FA; UN,"Achievement, Face, Universalism: concern"
Ultra,Ultra,Promoting students emotionally,BE,0.25,3,BE,AC,AC; FA; BE,AC; FA,"Achievement, Face"
Ultra,Ultra,Mental well-being for my students.,BE,0.25,3,BE,SE,SE; AC; BE,AC; BE; SE,"Achievement, Security: personal, Benevolence: caring"
Ultra,Ultra,Student welfare,BE,0.25,3,BE,SE,SE; BE; AC,AC; BE; SE; UN,"Achievement, Security: personal, Benevolence: caring, Universalism: concern"
Ultra,Ultra,May the girls feel loved.,BE,0.25,3,BE,BE,BE; SE; HE,BE; SE,"Security: personal, Benevolence: caring"
Ultra,Ultra,The children belong,BE,0.25,3,BE,BE,BE; SE; CO,BE; SE,"Security: personal, Benevolence: caring"
Ultra,Ultra,That every student will know and feel that there is someone who truly sees her.,BE,0.25,3,BE,UN,UN; FA; SE,AC; FA; SE; UN,"Achievement, Face, Security: personal, Universalism: concern, Universalism: tolerance"
Ultra,Ultra,Individual hours for personal attention to students.,BE,0.25,3,BE,AC,AC; BE; CO,AC; BE,"Achievement, Benevolence: caring"
Ultra,Ultra,That students will leave with values ​​and tools for life,BE,0.25,3,BE,AC,AC; BE; SE,AC; BE; SD; SE; UN,"Self-direction: thought, Achievement, Security: personal, Benevolence: caring, Benevolence: dependability, Universalism: tolerance"
Ultra,Ultra,Child support,BE,0.25,3,BE,BE,BE; CO; UN,BE; CO,"Conformity: rules, Benevolence: caring"
Ultra,Ultra,"Diagnostics, prevention and treatment of abnormalities",BE,0.25,3,BE,SE,SE; UN; BE,BE; SE; UN,"Security: personal, Benevolence: caring, Universalism: objectivity"
Ultra,Ultra,Diagnosing problems and referring to a source of help,BE,0.25,3,BE,BE,BE; SE; AC,AC; BE; SE; UN,"Achievement, Security: personal, Benevolence: caring, Universalism: objectivity"
Ultra,Ultra,love,BE,0.25,3,BE,BE,BE; SE; UN,BE,Benevolence: caring
Ultra,Ultra,Unconditional love for every child,BE,0.25,3,BE,BE,BE; TR; SE,BE,Benevolence: caring
Ultra,Ultra,Love for children,BE,0.25,3,BE,BE,BE; SE; AC,BE,Benevolence: caring
Ultra,Ultra,Trust from management,CO,0.25,3,CO,AC,AC; FA; PO,AC; BE; FA; PO,"Achievement, Power: dominance, Power: resources, Face, Benevolence: caring, Benevolence: dependability"
Ultra,Ultra,Confidence that I am doing well,CO,0.25,3,CO,AC,AC; SD; SE,AC; SD; SE,"Self-direction: thought, Self-direction: action, Achievement, Security: personal"
Ultra,Ultra,Satisfied parents and staff,CO,0.25,3,CO,AC,AC; BE; CO,AC; BE; CO,"Achievement, Conformity: rules, Benevolence: caring"
Ultra,Ultra,Employee evaluation,CO,0.25,3,CO,AC,AC; FA; CO,AC; FA,"Achievement, Face"
Ultra,Ultra,Employee evaluation,CO,0.25,3,CO,AC,AC; FA; CO,AC; FA,"Achievement, Face"
Ultra,Ultra,It's not up to me.,CO,0.25,3,CO,SD,SD; BE; HU,BE; SD,"Self-direction: action, Benevolence: dependability"
Ultra,Ultra,Good attitude from parents,CO,0.25,3,CO,BE,BE; UN; CO,BE; UN,"Benevolence: caring, Universalism: tolerance"
Ultra,Ultra,respect,CO,0.25,3,CO,AC,AC; SE; CO,,
Ultra,Ultra,To achieve complete discipline,CO,0.25,3,CO,CO,CO; AC; BE,AC; BE; CO,"Achievement, Conformity: rules, Benevolence: dependability"
Ultra,Ultra,To be relevant,CO,0.25,3,CO,UN,UN; BE; AC,BE; UN,"Benevolence: caring, Universalism: objectivity"
Ultra,Ultra,Deepen the bond between parents and children,CO,0.25,3,CO,BE,BE; SE; TR,BE; SE; TR,"Security: personal, Tradition, Benevolence: caring"
Ultra,Ultra,Teach the required skills,CO,0.25,3,CO,AC,AC; SD; BE,AC; SD,"Self-direction: thought, Achievement"
Ultra,Ultra,To fulfill my duties,CO,0.25,3,CO,CO,CO; BE; TR,BE; CO; TR,"Tradition, Conformity: rules, Benevolence: dependability"
Ultra,Ultra,Run the business well - the way the boss wants,CO,0.25,3,CO,AC,AC; PO; BE,AC; BE; PO,"Achievement, Power: dominance, Power: resources, Benevolence: dependability"
Ultra,Ultra,Give the customer what they want,CO,0.25,3,CO,SD,SD; PO; UN,PO; SD,"Self-direction: action, Power: dominance, Power: resources"
Ultra,Ultra,Classroom discipline,CO,0.25,3,CO,CO,CO; AC; BE,CO,Conformity: rules
Ultra,Ultra,Strong discipline from contentment and calmness,CO,0.25,3,CO,CO,CO; AC; SD,AC; CO,"Achievement, Conformity: rules"
Ultra,Ultra,Self-discipline and respect for parents and teachers,CO,0.25,3,CO,CO,CO; AC; BE,AC; BE; CO; TR,"Achievement, Tradition, Conformity: rules, Benevolence: dependability"
Ultra,Ultra,Feedback,CO,0.25,3,CO,UN,UN; AC; SD,AC; BE; SD; UN,"Self-direction: thought, Achievement, Benevolence: caring, Universalism: tolerance, Universalism: objectivity"
Ultra,Ultra,Pleasing the parents,CO,0.25,3,CO,BE,BE; HE; SE,BE; HE,"Hedonism, Benevolence: caring"
Ultra,Ultra,Pleasing employers,CO,0.25,3,CO,AC,AC; CO; FA,AC; CO,"Achievement, Conformity: rules"
Ultra,Ultra,May the parents be satisfied.,CO,0.25,3,CO,BE,BE; SD; SE,BE; SD,"Self-direction: action, Benevolence: caring"
Ultra,Ultra,To be made by people who work on it,CO,0.25,3,CO,AC,AC; BE; SD,AC; BE; FA; SD,"Self-direction: action, Achievement, Face, Benevolence: dependability"
Ultra,Ultra,Maintaining values ​​within the Menorah framework,CO,0.25,3,CO,TR,TR; CO; FA,CO; TR,"Tradition, Conformity: rules"
Ultra,Ultra,Interpersonal interaction at a high emotional level,BE,0.25,3,BE,SE,SE; BE; CO,BE; CO; FA; SE,"Face, Security: personal, Conformity: rules, Conformity: interpersonal, Benevolence: caring"
Ultra,Ultra,The social issue in offices,BE,0.25,3,BE,UN,UN; CO; SE,CO; FA; SE; UN,"Face, Security: personal, Conformity: rules, Universalism: tolerance"
Ultra,Ultra,Social group,BE,0.25,3,BE,SE,SE; UN; FA,CO; FA; SE; UN,"Face, Security: personal, Conformity: rules, Universalism: tolerance"
Ultra,Ultra,Social formation,BE,0.25,3,BE,SE,SE; UN; CO,CO; SE; UN,"Security: personal, Conformity: rules, Universalism: tolerance"
Ultra,Ultra,Team building,BE,0.25,3,BE,AC,AC; SE; BE,AC,Achievement
Ultra,Ultra,Face lighting,BE,0.25,3,BE,SE,SE; BE; SD,SE,Security: personal
Ultra,Ultra,Harmony among the team,BE,0.25,3,BE,SE,SE; TR; HE,HE; SE; TR,"Hedonism, Security: personal, Tradition"
Ultra,Ultra,Nice treatment,BE,0.25,3,BE,BE,BE; SE; AC,BE; SE,"Security: personal, Benevolence: caring"
Ultra,Ultra,Social progress with the team,BE,0.25,3,BE,AC,AC; SE; FA,AC; FA; SE,"Achievement, Face, Security: personal"
Ultra,Ultra,Attitude towards people,BE,0.25,3,BE,UN,UN; CO; FA,CO; UN,"Conformity: rules, Conformity: interpersonal, Universalism: tolerance"
Ultra,Ultra,Good teacher-student relationships,BE,0.25,3,BE,BE,BE; AC; SE,AC; BE; CO; SE,"Achievement, Security: personal, Conformity: rules, Benevolence: caring"
Ultra,Ultra,Team building days,BE,0.25,3,BE,AC,AC; BE; SE,AC,Achievement
Ultra,Ultra,Creating collaborations between colleagues,BE,0.25,3,BE,AC,AC; SD; SE,AC; BE; SD; SE; UN,"Self-direction: thought, Achievement, Security: personal, Benevolence: caring, Universalism: tolerance"
Ultra,Ultra,Separate home and work properly,BE,0.25,3,BE,SD,SD; CO; BE,CO; SD,"Self-direction: action, Conformity: rules"
Ultra,Ultra,Manage to combine as many requests as possible between family and work,BE,0.25,3,BE,BE,BE; SD; SE,AC; BE; SD; SE,"Self-direction: action, Achievement, Security: personal, Benevolence: caring"
Ultra,Ultra,"Create a friendly, happy, and energetic atmosphere among employees.",HE,0.25,3,HE,SE,SE; HE; FA,FA; HE; SE,"Hedonism, Face, Security: personal"
Ultra,Ultra,Create an optimal atmosphere,SE,0.25,3,SE,UN,UN; AC; SE,UN,Universalism: nature
Ultra,Ultra,To support what is needed,BE,0.25,3,BE,BE,BE; SE; PO,AC; BE; PO; SE,"Achievement, Power: dominance, Security: personal, Security: societal, Benevolence: caring"
Ultra,Ultra,To give love,BE,0.25,3,BE,BE,BE; HE; ST,BE; HE,"Hedonism, Benevolence: caring"
Ultra,Ultra,To give out of caring,BE,0.25,3,BE,BE,BE; SE; HU,BE; SE,"Security: personal, Benevolence: caring, Benevolence: dependability"
Ultra,Ultra,Pleasant to everyone around me,SE,0.25,3,SE,CO,CO; SE; BE,BE; CO; SE,"Security: personal, Conformity: rules, Conformity: interpersonal, Benevolence: caring"
Ultra,Ultra,Pleasant and calm surroundings,SE,0.25,3,SE,SE,SE; HE; BE,BE; HE; SD; SE,"Self-direction: action, Hedonism, Security: personal, Benevolence: caring"
Ultra,Ultra,A pleasant and inviting work environment,SE,0.25,3,SE,SE,SE; AC; HE,AC; BE; HE; SE,"Hedonism, Achievement, Security: personal, Benevolence: caring"
Ultra,Ultra,patience,BE,0.25,3,BE,BE,BE; CO; UN,BE; CO; UN,"Conformity: interpersonal, Benevolence: caring, Universalism: tolerance"
Ultra,Ultra,patience,BE,0.25,3,BE,BE,BE; CO; UN,BE; CO; UN,"Conformity: interpersonal, Benevolence: caring, Universalism: tolerance"
Ultra,Ultra,Teamwork,BE,0.25,3,BE,AC,AC; BE; SD,AC; BE,"Achievement, Benevolence: caring"
Ultra,Ultra,Teamwork,BE,0.25,3,BE,AC,AC; BE; SD,AC; BE,"Achievement, Benevolence: caring"
Ultra,Ultra,A more cohesive team,BE,0.25,3,BE,SE,SE; AC; UN,AC; SE; UN,"Achievement, Security: personal, Security: societal, Universalism: tolerance"
Ultra,Ultra,A team dedicated to each other,BE,0.25,3,BE,AC,AC; SE; FA,AC; BE; FA; SE,"Achievement, Face, Security: personal, Benevolence: caring"
Ultra,Ultra,Accepting others while achieving self-success,UN,0.25,3,UN,UN,UN; BE; SD,AC; BE; FA; HU; SD; SE; UN,"Self-direction: action, Achievement, Face, Security: personal, Humility, Benevolence: caring, Universalism: tolerance"
Ultra,Ultra,Emotional promotion,BE,0.25,3,BE,SE,SE; HE; BE,BE; HE; SE,"Hedonism, Security: personal, Benevolence: caring"
Ultra,Ultra,Promoting emotional discourse,BE,0.25,3,BE,UN,UN; SE; SD,BE; SD; SE; UN,"Self-direction: thought, Security: personal, Benevolence: caring, Universalism: tolerance, Universalism: objectivity"
Ultra,Ultra,Good relationship and mutual understanding between me and the parents.,BE,0.25,3,BE,BE,BE; SE; UN,BE; SE,"Security: personal, Benevolence: caring"
Ultra,Ultra,Good relationship with parents and not from a judgmental place,BE,0.25,3,BE,BE,BE; UN; SE,BE; UN,"Benevolence: caring, Universalism: tolerance"
Ultra,Ultra,Optimal communication between employees and management,BE,0.25,3,BE,AC,AC; BE; SE,AC; BE; PO; SE,"Achievement, Power: dominance, Security: personal, Benevolence: caring"
Ultra,Ultra,Contact the director,PO,0.25,3,PO,BE,BE; AC; UN,AC; BE,"Achievement, Benevolence: caring"
Ultra,Ultra,High value level,TR,0.25,3,TR,PO,PO; SE; AC,PO; SE,"Power: resources, Security: personal"
Ultra,Ultra,"Open and respectful dialogue between everyone, and between management and employees",CO,0.25,3,CO,CO,CO; UN; BE,BE; CO; FA; UN,"Face, Conformity: rules, Conformity: interpersonal, Benevolence: caring, Universalism: concern, Universalism: tolerance"
Ultra,Ultra,Belonging,BE,0.25,3,BE,SE,SE; CO; UN,CO; SE,"Security: personal, Conformity: rules"
Ultra,Ultra,Integrating teamwork,BE,0.25,3,BE,AC,AC; BE; SD,AC; BE; SD,"Self-direction: thought, Achievement, Benevolence: caring"
Ultra,Ultra,Sharing,BE,0.25,3,BE,BE,BE; AC; SE,AC; BE; SE,"Achievement, Security: personal, Benevolence: caring"
Ultra,Ultra,Collaboration,BE,0.25,3,BE,AC,AC; SD; BE,AC; SD,"Self-direction: thought, Achievement"
Ultra,Ultra,Collaboration,BE,0.25,3,BE,AC,AC; SD; BE,AC; SD,"Self-direction: thought, Achievement"
Ultra,Ultra,Collaboration,BE,0.25,3,BE,AC,AC; SD; BE,AC; SD,"Self-direction: thought, Achievement"
Ultra,Ultra,Collaboration between the educational team and parents,BE,0.25,3,BE,AC,AC; BE; SE,AC; BE; SE,"Achievement, Security: personal, Benevolence: caring"
Ultra,Ultra,Full cooperation with all parents,BE,0.25,3,BE,BE,BE; AC; CO,AC; BE; CO,"Achievement, Conformity: rules, Benevolence: caring, Benevolence: dependability"
Ultra,Ultra,So that there will be no resentment in the team,SE,0.25,3,SE,BE,BE; UN; CO,BE; CO; FA; SE; UN,"Face, Security: personal, Conformity: rules, Benevolence: caring, Universalism: concern, Universalism: tolerance"
Ultra,Ultra,Clean and beautiful language and respectful behavior,CO,0.25,3,CO,CO,CO; TR; FA,CO; FA; TR; UN,"Face, Tradition, Conformity: rules, Conformity: interpersonal, Universalism: tolerance"
Ultra,Ultra,communion,BE,0.25,3,BE,TR,TR; BE; CO,BE; TR,"Tradition, Benevolence: caring"
Ultra,Ultra,There will be good social interaction between all students.,BE,0.25,3,BE,SE,SE; CO; FA,CO; FA; SE; UN,"Face, Security: personal, Conformity: rules, Universalism: tolerance"
Ultra,Ultra,Healthy and enabling communication within the team hierarchy as well as between the team and students and parents,SE,0.25,3,SE,SE,SE; AC; BE,AC; BE; CO; SE,"Achievement, Security: personal, Conformity: rules, Benevolence: caring"
Ultra,Ultra,"Open and healthy communication, discussion about emotions",BE,0.25,3,BE,SE,SE; BE; UN,BE; SE; UN,"Security: personal, Benevolence: caring, Universalism: tolerance"
Ultra,Ultra,Decreasing the load,HE,0.25,3,HE,SE,SE; AC; UN,AC; SE,"Achievement, Security: personal"
Ultra,Ultra,pleasure,HE,0.25,3,HE,HE,HE; SE; UN,HE; SE,"Hedonism, Security: personal"
Ultra,Ultra,pleasure,HE,0.25,3,HE,HE,HE; SE; UN,HE; SE,"Hedonism, Security: personal"
Ultra,Ultra,pleasure,HE,0.25,3,HE,HE,HE; SE; UN,HE; SE,"Hedonism, Security: personal"
Ultra,Ultra,Enjoyment and experience,HE,0.25,3,HE,HE,HE; ST; SD,AC; HE; SD; SE; ST,"Self-direction: thought, Stimulation, Hedonism, Achievement, Security: personal"
Ultra,Ultra,Vacation days,HE,0.25,3,HE,SD,SD; ST; HE,HE; SD; SE; ST,"Self-direction: action, Stimulation, Hedonism, Security: personal"
Ultra,Ultra,Reduce job and increase salary,HE,0.25,3,HE,PO,PO; SE; AC,AC; PO; SE,"Achievement, Power: resources, Security: personal"
Ultra,Ultra,Enjoy and get satisfaction from the activity,HE,0.25,3,HE,HE,HE; ST; AC,AC; HE; SD; SE; ST,"Self-direction: thought, Self-direction: action, Stimulation, Hedonism, Achievement, Security: personal"
Ultra,Ultra,Enjoy work,HE,0.25,3,HE,AC,AC; SD; PO,AC; SD,"Self-direction: thought, Achievement"
Ultra,Ultra,Enjoy your daily work,HE,0.25,3,HE,AC,AC; SE; HE,AC; HE; SD; SE; ST,"Self-direction: action, Stimulation, Hedonism, Achievement, Security: personal"
Ultra,Ultra,To feel satisfied,HE,0.25,3,HE,SE,SE; HE; SD,HE; HU; SD; SE,"Self-direction: action, Hedonism, Security: personal, Humility"
Ultra,Ultra,comfort,HE,0.25,3,HE,SE,SE; BE; UN,BE; SE,"Security: personal, Benevolence: caring"
Ultra,Ultra,Convenience in managing a home at the same time,HE,0.25,3,HE,SE,SE; AC; BE,AC; BE; SD; SE; ST,"Self-direction: action, Stimulation, Achievement, Security: personal, Benevolence: caring"
Ultra,Ultra,Satisfaction,HE,0.25,3,HE,SE,SE; UN; AC,SE; UN,"Security: personal, Universalism: objectivity"
Ultra,Ultra,Satisfaction,HE,0.25,3,HE,SE,SE; UN; AC,SE; UN,"Security: personal, Universalism: objectivity"
Ultra,Ultra,Satisfaction,HE,0.25,3,HE,SE,SE; UN; AC,SE; UN,"Security: personal, Universalism: objectivity"
Ultra,Ultra,Satisfaction,HE,0.25,3,HE,SE,SE; UN; AC,SE; UN,"Security: personal, Universalism: objectivity"
Ultra,Ultra,Satisfaction,HE,0.25,3,HE,SE,SE; UN; AC,SE; UN,"Security: personal, Universalism: objectivity"
Ultra,Ultra,Satisfaction,HE,0.25,3,HE,SE,SE; UN; AC,SE; UN,"Security: personal, Universalism: objectivity"
Ultra,Ultra,Satisfaction,HE,0.25,3,HE,SE,SE; UN; AC,SE; UN,"Security: personal, Universalism: objectivity"
Ultra,Ultra,Satisfaction,HE,0.25,3,HE,SE,SE; UN; AC,SE; UN,"Security: personal, Universalism: objectivity"
Ultra,Ultra,Self-satisfaction,HE,0.25,3,HE,HU,HU; FA; UN,FA; HU,"Face, Humility"
Ultra,Ultra,Less responsibility,HE,0.25,3,HE,BE,BE; CO; AC,AC; BE; CO,"Achievement, Conformity: rules, Benevolence: dependability"
Ultra,Ultra,Happiness and satisfaction in the workplace,HE,0.25,3,HE,SE,SE; AC; HE,AC; HE; SE,"Hedonism, Achievement, Security: personal"
Ultra,Ultra,"Authenticity - a quality educational approach, to be a model in my conduct",BE,0.25,3,BE,AC,AC; SD; CO,AC; BE; CO; FA; SD,"Self-direction: thought, Achievement, Face, Conformity: rules, Benevolence: caring, Benevolence: dependability"
Ultra,Ultra,To bridge the gap between employees,BE,0.25,3,BE,SE,SE; UN; AC,AC; BE; SE; UN,"Achievement, Security: personal, Benevolence: caring, Universalism: concern, Universalism: tolerance"
Ultra,Ultra,To be a personal example to those who listen to me.,AC,0.25,3,AC,AC,AC; CO; FA,AC; BE; CO; FA,"Achievement, Face, Conformity: rules, Benevolence: dependability"
Ultra,Ultra,Be an excellent personal example.,AC,0.25,3,AC,CO,CO; AC; BE,AC; BE; CO; FA,"Achievement, Face, Conformity: rules, Benevolence: caring, Benevolence: dependability"
Ultra,Ultra,To be a significant figure for the next generation,BE,0.25,3,BE,AC,AC; BE; SE,AC; BE; FA; PO; SE; UN,"Achievement, Power: dominance, Face, Security: societal, Benevolence: caring, Universalism: tolerance"
Ultra,Ultra,"To do my work in the most honest, fair and optimal manner, thereby setting an example",AC,0.25,3,AC,AC,AC; BE; UN,AC; BE; CO; FA; PO; UN,"Achievement, Power: resources, Face, Conformity: rules, Benevolence: caring, Benevolence: dependability, Universalism: concern"
Ultra,Ultra,Salary amount,PO,0.25,3,PO,PO,PO; AC; SE,AC; PO; SE,"Achievement, Power: resources, Security: personal"
Ultra,Ultra,Salary increase,PO,0.25,3,PO,PO,PO; AC; SE,AC; PO; SE,"Achievement, Power: resources, Security: personal"
Ultra,Ultra,Salary increase,PO,0.25,3,PO,PO,PO; AC; SE,AC; PO; SE,"Achievement, Power: resources, Security: personal"
Ultra,Ultra,Salary increase,PO,0.25,3,PO,PO,PO; AC; SE,AC; PO; SE,"Achievement, Power: resources, Security: personal"
Ultra,Ultra,Salary increase,PO,0.25,3,PO,PO,PO; AC; SE,AC; PO; SE,"Achievement, Power: resources, Security: personal"
Ultra,Ultra,Salary increase,PO,0.25,3,PO,PO,PO; AC; SE,AC; PO; SE,"Achievement, Power: resources, Security: personal"
Ultra,Ultra,Raise your salary,PO,0.25,3,PO,PO,PO; AC; SE,AC; PO; SE,"Achievement, Power: resources, Security: personal"
Ultra,Ultra,Raised in salary,PO,0.25,3,PO,PO,PO; SE; AC,AC; PO; SE,"Achievement, Power: resources, Security: personal"
Ultra,Ultra,money,PO,0.25,3,PO,SE,SE; PO; CO,SE,Security: personal
Ultra,Ultra,money,PO,0.25,3,PO,SE,SE; PO; CO,SE,Security: personal
Ultra,Ultra,money,PO,0.25,3,PO,SE,SE; PO; CO,SE,Security: personal
Ultra,Ultra,monetary,PO,0.25,3,PO,TR,TR; CO; BE,TR,Tradition
Ultra,Ultra,To be a kindergarten director,PO,0.25,3,PO,AC,AC; BE; SE,AC; BE,"Achievement, Benevolence: caring"
Ultra,Ultra,To earn a lot of money,PO,0.25,3,PO,PO,PO; AC; SE,AC; PO,"Achievement, Power: resources"
Ultra,Ultra,It is difficult to maintain discipline in one classroom.,PO,0.25,3,PO,CO,CO; AC; SE,AC; CO,"Achievement, Conformity: rules"
Ultra,Ultra,To raise the salary,PO,0.25,3,PO,PO,PO; AC; SE,AC; PO; SE,"Achievement, Power: resources, Security: personal"
Ultra,Ultra,Improve wage conditions,PO,0.25,3,PO,PO,PO; SE; AC,AC; PO; SE; UN,"Achievement, Power: resources, Security: personal, Universalism: concern"
Ultra,Ultra,Good salaries,PO,0.25,3,PO,PO,PO; AC; SE,AC; PO; SE,"Achievement, Power: resources, Security: personal"
Ultra,Ultra,salary,PO,0.25,3,PO,SE,SE; AC; BE,AC; SE,"Achievement, Security: personal"
Ultra,Ultra,salary,PO,0.25,3,PO,SE,SE; AC; BE,AC; SE,"Achievement, Security: personal"
Ultra,Ultra,salary,PO,0.25,3,PO,SE,SE; AC; BE,AC; SE,"Achievement, Security: personal"
Ultra,Ultra,High salary,PO,0.25,3,PO,PO,PO; AC; SE,AC; PO; SE,"Achievement, Power: resources, Security: personal"
Ultra,Ultra,Higher salary,PO,0.25,3,PO,PO,PO; AC; SE,AC; PO; SE,"Achievement, Power: resources, Security: personal"
Ultra,Ultra,Salary increase,PO,0.25,3,PO,PO,PO; AC; SE,AC; PO; SE,"Achievement, Power: resources, Security: personal"
Ultra,Ultra,Salary promotion,PO,0.25,3,PO,PO,PO; AC; SE,AC; PO; SE,"Achievement, Power: resources, Security: personal"
Ultra,Ultra,Profitability,PO,0.25,3,PO,PO,PO; AC; UN,AC; PO,"Achievement, Power: resources"
Ultra,Ultra,Improving physical conditions and salaries,PO,0.25,3,PO,SE,SE; PO; AC,AC; PO; SE,"Achievement, Power: resources, Security: personal"
Ultra,Ultra,wage,PO,0.25,3,PO,CO,CO; SE; AC,,
Ultra,Ultra,Decent salary,PO,0.25,3,PO,PO,PO; AC; SE,AC; PO; SE,"Achievement, Power: resources, Security: personal"
Ultra,Ultra,control,PO,0.25,3,PO,AC,AC; SD; BE,,
Ultra,Ultra,livelihood,SE,0.25,3,SE,BE,BE; SD; SE,BE,Benevolence: caring
Ultra,Ultra,Balance,SE,0.25,3,SE,SE,SE; BE; AC,,
Ultra,Ultra,Better organization and planning,SE,0.25,3,SE,AC,AC; BE; CO,AC; BE; CO,"Achievement, Conformity: rules, Benevolence: caring, Benevolence: dependability"
Ultra,Ultra,clarity,SE,0.25,3,SE,BE,BE; UN; AC,AC; BE; CO; UN,"Achievement, Conformity: rules, Benevolence: caring, Universalism: objectivity"
Ultra,Ultra,Constant control,SE,0.25,3,SE,UN,UN; AC; SE,AC; UN,"Achievement, Universalism: objectivity"
Ultra,Ultra,"Due to my age, I would be happy to accept less exhausting and more managerial professions.",SE,0.25,3,SE,AC,AC; CO; SE,AC; CO; SD; SE,"Self-direction: action, Achievement, Security: personal, Conformity: interpersonal"
Ultra,Ultra,Boundries,SE,0.25,3,SE,CO,CO; UN; SE,CO,Conformity: rules
Ultra,Ultra,Boundaries between what I need and what the institution needs,SE,0.25,3,SE,SD,SD; UN; BE,SD,"Self-direction: thought, Self-direction: action"
Ultra,Ultra,Staff recruitment,SE,0.25,3,SE,AC,AC; BE; SE,AC,Achievement
Ultra,Ultra,Defining roles,SE,0.25,3,SE,BE,BE; AC; UN,AC; BE,"Achievement, Benevolence: caring"
Ultra,Ultra,School staff's recognition of difficulties,SE,0.25,3,SE,AC,AC; BE; CO,AC; BE; CO,"Achievement, Conformity: rules, Benevolence: caring"
Ultra,Ultra,Raising salaries for teaching staff,SE,0.25,3,SE,AC,AC; PO; SE,AC; PO; SE; UN,"Achievement, Power: resources, Security: personal, Universalism: concern"
Ultra,Ultra,Emotional resilience,SE,0.25,3,SE,BE,BE; SE; AC,AC; BE; SE; UN,"Achievement, Security: personal, Benevolence: caring, Universalism: tolerance"
Ultra,Ultra,The good of the institution,SE,0.25,3,SE,AC,AC; BE; SE,AC; BE; SE,"Achievement, Security: personal, Benevolence: caring"
Ultra,Ultra,Fair treatment by the state,SE,0.25,3,SE,UN,UN; BE; CO,BE; UN,"Benevolence: caring, Universalism: concern"
Ultra,Ultra,Attitude towards employees,SE,0.25,3,SE,CO,CO; FA; AC,AC; CO; FA,"Achievement, Face, Conformity: rules, Conformity: interpersonal"
Ultra,Ultra,Stability and dropout prevention,SE,0.25,3,SE,SE,SE; AC; CO,AC; BE; CO; SE,"Achievement, Security: personal, Security: societal, Conformity: rules, Benevolence: caring"
Ultra,Ultra,Bring money home,SE,0.25,3,SE,PO,PO; SE; BE,AC; BE; PO; SE,"Achievement, Power: resources, Security: personal, Benevolence: caring"
Ultra,Ultra,To be in a state of doing because it is mental health.,SE,0.25,3,SE,SE,SE; CO; BE,SE,Security: personal
Ultra,Ultra,To be more physically and mentally free and free from other tasks,SE,0.25,3,SE,SE,SE; HE; SD,HE; SD; SE; ST,"Self-direction: thought, Self-direction: action, Stimulation, Hedonism, Security: personal"
Ultra,Ultra,Earn a higher amount so I can be hassle-free,SE,0.25,3,SE,PO,PO; SD; SE,AC; PO; SD; SE,"Self-direction: action, Achievement, Power: resources, Security: personal"
Ultra,Ultra,Earn more money in the never-ending work of education,SE,0.25,3,SE,AC,AC; PO; SE,AC; PO; SE,"Achievement, Power: resources, Security: personal"
Ultra,Ultra,Earn a higher salary for working hours.,SE,0.25,3,SE,AC,AC; PO; SD,AC; PO; SD; SE,"Self-direction: action, Achievement, Power: resources, Security: personal"
Ultra,Ultra,make a living,SE,0.25,3,SE,PO,PO; SE; AC,AC; PO; SD; SE,"Self-direction: action, Achievement, Power: resources, Security: personal"
Ultra,Ultra,To save a house,SE,0.25,3,SE,SE,SE; BE; PO,BE; PO; SE,"Power: resources, Security: personal, Security: societal, Benevolence: caring"
Ultra,Ultra,Manage your daily routine calmly,SE,0.25,3,SE,AC,AC; CO; SD,AC; CO; SD; SE,"Self-direction: action, Achievement, Security: personal, Conformity: rules"
Ultra,Ultra,"Increase the salaries of ultra-Orthodox teaching staff, including assistants.",SE,0.25,3,SE,AC,AC; PO; SE,AC; PO; SE; UN,"Achievement, Power: resources, Security: personal, Universalism: concern"
Ultra,Ultra,Raise customer expectations,SE,0.25,3,SE,AC,AC; FA; CO,AC; FA,"Achievement, Face"
Ultra,Ultra,To provide for my family with dignity,SE,0.25,3,SE,BE,BE; SE; UN,BE; SD; SE; UN,"Self-direction: action, Security: personal, Benevolence: caring, Universalism: concern"
Ultra,Ultra,To earn a living and live at a good standard without restrictions,SE,0.25,3,SE,SD,SD; PO; SE,AC; PO; SD; SE,"Self-direction: action, Achievement, Power: resources, Security: personal"
Ultra,Ultra,To set boundaries,SE,0.25,3,SE,CO,CO; UN; SD,CO; UN,"Conformity: rules, Universalism: concern"
Ultra,Ultra,Cleaning,SE,0.25,3,SE,UN,UN; BE; SE,UN,Universalism: nature
Ultra,Ultra,Agenda,SE,0.25,3,SE,CO,CO; SE; AC,CO,Conformity: rules
Ultra,Ultra,A busy agenda,SE,0.25,3,SE,AC,AC; CO; ST,AC; BE; CO; ST,"Stimulation, Achievement, Conformity: rules, Benevolence: dependability"
Ultra,Ultra,A job that will allow me to be at home with the children a lot.,SE,0.25,3,SE,BE,BE; SE; AC,AC; BE; SE,"Achievement, Security: personal, Benevolence: caring"
Ultra,Ultra,Emotional anchor,SE,0.25,3,SE,SE,SE; BE; UN,BE; SE; UN,"Security: personal, Benevolence: caring, Universalism: tolerance"
Ultra,Ultra,"Calmness, peace and discipline",SE,0.25,3,SE,CO,CO; TR; BE,AC; BE; CO; TR,"Achievement, Tradition, Conformity: rules, Benevolence: dependability"
Ultra,Ultra,Economic well-being,SE,0.25,3,SE,SE,SE; PO; AC,AC; PO; SE,"Achievement, Power: resources, Security: personal"
Ultra,Ultra,Mental well-being,SE,0.25,3,SE,SE,SE; BE; AC,BE; SE,"Security: personal, Benevolence: caring"
Ultra,Ultra,Mental well-being,SE,0.25,3,SE,SE,SE; BE; AC,BE; SE,"Security: personal, Benevolence: caring"
Ultra,Ultra,Mental well-being,SE,0.25,3,SE,SE,SE; BE; AC,BE; SE,"Security: personal, Benevolence: caring"
Ultra,Ultra,Everything will be run in a more organized and orderly manner.,SE,0.25,3,SE,CO,CO; AC; BE,AC; BE; CO; SE,"Achievement, Security: societal, Conformity: rules, Benevolence: caring, Benevolence: dependability"
Ultra,Ultra,May the students feel loved and protected.,SE,0.25,3,SE,SE,SE; BE; UN,BE; SE,"Security: personal, Security: societal, Benevolence: caring"
Ultra,Ultra,Combining my duties calmly. Teaching and concentrating on English and being a mother of four.,SE,0.25,3,SE,AC,AC; BE; SE,AC; BE; SE,"Achievement, Security: personal, Benevolence: caring"
Ultra,Ultra,Improving learning conditions,SE,0.25,3,SE,AC,AC; BE; SD,AC; BE; SD,"Self-direction: thought, Achievement, Benevolence: caring"
Ultra,Ultra,Self-preservation,SE,0.25,3,SE,HU,HU; SD; SE,HU; SD; SE,"Self-direction: action, Security: personal, Humility"
Ultra,Ultra,Hours that suit the home,SE,0.25,3,SE,SD,SD; HE; BE,HE; SD,"Self-direction: action, Hedonism"
Ultra,Ultra,"Comfortable physical conditions for the woman (room for pumping milk, comfortable teacher's chair)",SE,0.25,3,SE,SE,SE; BE; SD,BE; SD; SE,"Self-direction: action, Security: personal, Benevolence: caring"
Ultra,Ultra,"A personal expression of my insights, values, and educational voice",SD,0.25,3,SD,SD,SD; AC; UN,AC; SD; UN,"Self-direction: thought, Achievement, Universalism: tolerance"
Ultra,Ultra,Creativity,SD,0.25,3,SD,AC,AC; SD; BE,AC; SD,"Self-direction: thought, Achievement"
Ultra,Ultra,Allow them to be who they are.,SD,0.25,3,SD,SD,SD; UN; HE,HE; SD; UN,"Self-direction: thought, Self-direction: action, Hedonism, Universalism: tolerance"
Ultra,Ultra,Add another area of ​​leisure time (working with the mental realm),SD,0.25,3,SD,SD,SD; ST; HE,AC; HE; SD; ST,"Self-direction: thought, Self-direction: action, Stimulation, Hedonism, Achievement"
Ultra,Ultra,To expand knowledge and change my approach to a more alternative approach.,SD,0.25,3,SD,SD,SD; AC; UN,AC; SD; ST; UN,"Self-direction: thought, Stimulation, Achievement, Universalism: tolerance, Universalism: objectivity"
Ultra,Ultra,Teach them to create and be creative,SD,0.25,3,SD,SD,SD; AC; ST,AC; SD; ST,"Self-direction: thought, Stimulation, Achievement"
Ultra,Ultra,Learn and progress,SD,0.25,3,SD,AC,AC; SD; BE,AC; SD,"Self-direction: thought, Achievement"
Ultra,Ultra,Helping students grow and develop their thinking,SD,0.25,3,SD,AC,AC; SD; UN,AC; SD; UN,"Self-direction: thought, Achievement, Universalism: tolerance"
Ultra,Ultra,To practice my field (art),SD,0.25,3,SD,AC,AC; SD; ST,AC; SD; ST,"Self-direction: thought, Stimulation, Achievement"
Ultra,Ultra,To do my job willingly,SD,0.25,3,SD,AC,AC; BE; SD,AC; BE; SD,"Self-direction: action, Achievement, Benevolence: dependability"
Ultra,Ultra,To open something independent,SD,0.25,3,SD,SD,SD; AC; ST,AC; SD,"Self-direction: thought, Self-direction: action, Achievement"
Ultra,Ultra,Develop new and interesting ways of learning,SD,0.25,3,SD,SD,SD; AC; ST,AC; SD; ST,"Self-direction: thought, Stimulation, Achievement"
Ultra,Ultra,"To promote teaching, wisdom, and the development of talents in various fields",SD,0.25,3,SD,AC,AC; SD; ST,AC; SD; ST; UN,"Self-direction: thought, Stimulation, Achievement, Universalism: tolerance"
Ultra,Ultra,"Promote skills, knowledge and ways of learning.",SD,0.25,3,SD,AC,AC; SD; ST,AC; SD; ST; UN,"Self-direction: thought, Stimulation, Achievement, Universalism: tolerance"
Ultra,Ultra,Promote important skills,SD,0.25,3,SD,AC,AC; SD; BE,AC; SD,"Self-direction: thought, Achievement"
Ultra,Ultra,Give more voice to inner intuitions,SD,0.25,3,SD,SD,SD; UN; AC,SD; UN,"Self-direction: thought, Self-direction: action, Universalism: tolerance"
Ultra,Ultra,Self-realization,SD,0.25,3,SD,AC,AC; SD; UN,AC; SD,"Self-direction: thought, Self-direction: action, Achievement"
Ultra,Ultra,Independence and strength in identity,SD,0.25,3,SD,SD,SD; SE; AC,AC; FA; SD; SE; UN,"Self-direction: thought, Self-direction: action, Achievement, Face, Security: personal, Universalism: tolerance"
Ultra,Ultra,Developing independent and creative thinking,SD,0.25,3,SD,SD,SD; AC; UN,AC; SD; UN,"Self-direction: thought, Self-direction: action, Achievement, Universalism: tolerance"
Ultra,Ultra,Mental promotion,SD,0.25,3,SD,SE,SE; AC; BE,AC; BE; CO; SE; UN,"Achievement, Security: personal, Conformity: rules, Benevolence: caring, Universalism: tolerance"
Ultra,Ultra,Ideas,SD,0.25,3,SD,AC,AC; SE; SD,AC; SE,"Achievement, Security: personal"
Ultra,Ultra,That the path will be part of the goal and not just the final goal...,SD,0.25,3,SD,AC,AC; SD; BE,AC; SD,"Self-direction: action, Achievement"
Ultra,Ultra,Joy and trust in myself and my company,SD,0.25,3,SD,AC,AC; FA; SE,AC; FA; SD; SE,"Self-direction: action, Achievement, Face, Security: personal"
Ultra,Ultra,Students left with a high sense of self-worth.,SD,0.25,3,SD,AC,AC; FA; SE,AC; FA; SD; SE,"Self-direction: action, Achievement, Face, Security: personal"
Ultra,Ultra,Intelligence,SD,0.25,3,SD,AC,AC; SD; UN,AC; SD; UN,"Self-direction: thought, Achievement, Universalism: objectivity"
Ultra,Ultra,education,SD,0.25,3,SD,AC,AC; BE; SE,AC,Achievement
Ultra,Ultra,To raise a generation of thinking people,SD,0.25,3,SD,AC,AC; SD; UN,AC; SD; SE; UN,"Self-direction: thought, Achievement, Security: societal, Universalism: tolerance"
Ultra,Ultra,Adapting the education system to the 21st century,SD,0.25,3,SD,AC,AC; SD; UN,AC; SD; UN,"Self-direction: thought, Achievement, Universalism: objectivity"
Ultra,Ultra,Strengthen self-identity and love for the person.,SD,0.25,3,SD,SE,SE; BE; UN,BE; FA; SE; UN,"Face, Security: personal, Benevolence: caring, Universalism: tolerance"
Ultra,Ultra,learning,SD,0.25,3,SD,AC,AC; UN; BE,AC,Achievement
Ultra,Ultra,Meaningful learning,SD,0.25,3,SD,AC,AC; SD; UN,AC; BE; SD; UN,"Self-direction: thought, Achievement, Benevolence: caring, Universalism: objectivity"
Ultra,Ultra,To give life skills,BE,0.25,3,BE,AC,AC; BE; SD,AC; BE; SD; ST,"Self-direction: thought, Stimulation, Achievement, Benevolence: caring"
Ultra,Ultra,"Give them the important tools to enter the world of thinking, development, and independence.",SD,0.25,3,SD,SD,SD; AC; ST,AC; SD; ST,"Self-direction: thought, Self-direction: action, Stimulation, Achievement"
Ultra,Ultra,Focus on education,BE,0.25,3,BE,AC,AC; SD; BE,AC; SD,"Self-direction: thought, Achievement"
Ultra,Ultra,A nurturing and enriching educational environment,SD,0.25,3,SD,AC,AC; BE; SD,AC; BE; SD; SE,"Self-direction: thought, Achievement, Security: personal, Benevolence: caring"
Ultra,Ultra,Innovative pedagogy,SD,0.25,3,SD,AC,AC; SD; BE,AC; BE; SD,"Self-direction: thought, Achievement, Benevolence: caring"
Ultra,Ultra,Allowing every child to fulfill themselves,BE,0.25,3,BE,SD,SD; AC; UN,AC; BE; SD; SE; ST; UN,"Self-direction: thought, Self-direction: action, Stimulation, Achievement, Security: personal, Benevolence: caring, Universalism: concern"
Ultra,Ultra,Continue to love what I do.,ST,0.25,3,ST,AC,AC; SD; ST,AC; HE; SD; ST,"Self-direction: thought, Self-direction: action, Stimulation, Hedonism, Achievement"
Ultra,Ultra,To feel the mission at work beyond being an employee in the educational institution,BE,0.25,3,BE,AC,AC; FA; SE,AC; FA; SD; SE,"Self-direction: thought, Achievement, Face, Security: personal"
Ultra,Ultra,To feel significant,CO,0.25,3,CO,FA,FA; SE; ST,FA; SE; ST,"Stimulation, Face, Security: personal"
Ultra,Ultra,To feel a sense of mission in my work,BE,0.25,3,BE,AC,AC; FA; SD,AC; FA; SD; ST,"Self-direction: thought, Stimulation, Achievement, Face"
Ultra,Ultra,To be filled with satisfaction,HE,0.25,3,HE,SE,SE; HE; AC,AC; HE; SD; SE; ST,"Self-direction: action, Stimulation, Hedonism, Achievement, Security: personal"
Ultra,Ultra,To realize my abilities,SD,0.25,3,SD,AC,AC; SD; ST,AC; SD; ST,"Self-direction: thought, Self-direction: action, Stimulation, Achievement"
Ultra,Ultra,To fulfill all my abilities,SD,0.25,3,SD,AC,AC; ST; SD,AC; FA; SD; ST,"Self-direction: action, Stimulation, Achievement, Face"
Ultra,Ultra,Doing my part in the world - feeling satisfied,BE,0.25,3,BE,BE,BE; AC; UN,AC; BE; UN,"Achievement, Benevolence: dependability, Universalism: nature"
Ultra,Ultra,To do things with meaning,BE,0.25,3,BE,AC,AC; BE; SD,AC; BE,"Achievement, Benevolence: caring"
Ultra,Ultra,To leave class with satisfaction,HE,0.25,3,HE,AC,AC; FA; SD,AC,Achievement
Ultra,Ultra,Personal satisfaction and fulfillment,HE,0.25,3,HE,SE,SE; HE; SD,AC; HE; SD; SE,"Self-direction: action, Hedonism, Achievement, Security: personal"
Ultra,Ultra,Feelings of meaning among students,BE,0.25,3,BE,SE,SE; AC; BE,AC; BE; SE,"Achievement, Security: personal, Benevolence: caring"
Ultra,Ultra,Always be calm and patient.,SE,0.25,3,SE,BE,BE; CO; AC,AC; BE; CO,"Achievement, Conformity: rules, Conformity: interpersonal, Benevolence: caring"
Ultra,Ultra,"Inner peace, self-understanding",SE,0.25,3,SE,SE,SE; BE; UN,BE; SD; SE; UN,"Self-direction: action, Security: personal, Benevolence: caring, Universalism: tolerance"
Ultra,Ultra,Vigorous,ST,0.25,3,ST,SE,SE; AC; ST,AC; SE,"Achievement, Security: personal"
Ultra,Ultra,Experience,ST,0.25,3,ST,SE,SE; AC; BE,SE,Security: personal
Ultra,Ultra,Make work more digital,ST,0.25,3,ST,AC,AC; SD; ST,AC; SD,"Self-direction: thought, Achievement"
Ultra,Ultra,To create interest for students in the subject I teach (science),ST,0.25,3,ST,SD,SD; AC; ST,AC; SD; ST,"Self-direction: thought, Stimulation, Achievement"
Ultra,Ultra,Working with passion and satisfaction,ST,0.25,3,ST,AC,AC; SD; FA,AC; FA; SD,"Self-direction: thought, Self-direction: action, Achievement, Face"
Ultra,Ultra,Work that is fun and meaningful to me,ST,0.25,3,ST,SD,SD; AC; HE,AC; HE; SD; ST,"Self-direction: thought, Self-direction: action, Stimulation, Hedonism, Achievement"
Ultra,Ultra,Love for people,TR,0.25,3,TR,BE,BE; UN; SE,BE; UN,"Benevolence: caring, Universalism: tolerance"
Ultra,Ultra,Love for children,TR,0.25,3,TR,BE,BE; SE; AC,BE,Benevolence: caring
Ultra,Ultra,God's love,TR,0.25,3,TR,BE,BE; TR; SE,BE; TR,"Tradition, Benevolence: caring"
Ultra,Ultra,Love of the Creator and the world,TR,0.25,3,TR,TR,TR; UN; BE,BE; TR; UN,"Tradition, Benevolence: caring, Universalism: nature"
Ultra,Ultra,Faith in goodness,TR,0.25,3,TR,TR,TR; BE; SD,BE; TR,"Tradition, Benevolence: caring"
Ultra,Ultra,In a job that is safe and suitable for my lifestyle,TR,0.25,3,TR,SE,SE; SD; BE,AC; BE; SD; SE; ST,"Self-direction: action, Stimulation, Achievement, Security: personal, Benevolence: caring"
Ultra,Ultra,Derech Eretz,TR,0.25,3,TR,TR,TR; BE; UN,BE; TR,"Tradition, Benevolence: caring"
Ultra,Ultra,Introduction to the values ​​and sacred things of Judaism,TR,0.25,3,TR,TR,TR; UN; SD,TR,Tradition
Ultra,Ultra,The presence of the unique strengths that ultra-Orthodox teachers possess,TR,0.25,3,TR,AC,AC; TR; SD,AC; SD; TR; UN,"Self-direction: thought, Achievement, Tradition, Universalism: tolerance"
Ultra,Ultra,Mental attitude influence,TR,0.25,3,TR,SE,SE; UN; SD,SE; UN,"Security: personal, Universalism: tolerance"
Ultra,Ultra,Spiritual and personal impact on colleagues at work,TR,0.25,3,TR,SE,SE; TR; UN,SE; TR; UN,"Security: personal, Tradition, Universalism: tolerance"
Ultra,Ultra,Positivity towards religion,TR,0.25,3,TR,TR,TR; BE; UN,TR,Tradition
Ultra,Ultra,Strengthening community,TR,0.25,3,TR,SE,SE; BE; UN,BE; SE; UN,"Security: personal, Security: societal, Benevolence: caring, Universalism: tolerance"
Ultra,Ultra,"Education for a ""human being"" - good virtues",TR,0.25,3,TR,AC,AC; SD; UN,AC; SD; UN,"Self-direction: thought, Achievement, Universalism: tolerance"
Ultra,Ultra,Education for faith in the Creator - trust in the kindergarten staff (warm and loving relationship with everyone),TR,0.25,3,TR,TR,TR; BE; SE,BE; SE; TR,"Security: personal, Tradition, Benevolence: caring"
Ultra,Ultra,Jewish education,TR,0.25,3,TR,AC,AC; TR; BE,AC; TR,"Achievement, Tradition"
Ultra,Ultra,Education for the fear of God,TR,0.25,3,TR,TR,TR; AC; SD,AC; TR,"Achievement, Tradition"
Ultra,Ultra,Moral education,TR,0.25,3,TR,CO,CO; TR; BE,BE; CO; TR,"Tradition, Conformity: rules, Benevolence: caring"
Ultra,Ultra,Education for observing the mitzvot from an inner and true connection,TR,0.25,3,TR,TR,TR; CO; AC,CO; TR,"Tradition, Conformity: rules"
Ultra,Ultra,Traditional education,TR,0.25,3,TR,AC,AC; TR; SD,AC; SD; TR,"Self-direction: thought, Achievement, Tradition"
Ultra,Ultra,Education with tradition,TR,0.25,3,TR,TR,TR; AC; BE,AC; TR,"Achievement, Tradition"
Ultra,Ultra,Judaism,TR,0.25,3,TR,TR,TR; SD; UN,TR,Tradition
Ultra,Ultra,Fear of God for Children,TR,0.25,3,TR,BE,BE; TR; CO,BE; TR,"Tradition, Benevolence: caring"
Ultra,Ultra,piety,TR,0.25,3,TR,HE,HE; HU; CO,,
Ultra,Ultra,Respecting parents,TR,0.25,3,TR,CO,CO; TR; BE,BE; CO; TR,"Tradition, Conformity: rules, Conformity: interpersonal, Benevolence: caring"
Ultra,Ultra,Don't take everything for granted.,TR,0.25,3,TR,AC,AC; SD; ST,AC; SD,"Self-direction: action, Achievement"
Ultra,Ultra,To instill a love of Torah in children,TR,0.25,3,TR,TR,TR; SD; BE,BE; SD; TR,"Self-direction: thought, Tradition, Benevolence: caring"
Ultra,Ultra,To get another Jewish child to fulfill a mitzvah (I teach at Kirov School),TR,0.25,3,TR,TR,TR; CO; BE,BE; CO; TR,"Tradition, Conformity: rules, Benevolence: caring"
Ultra,Ultra,To make my students fear God,TR,0.25,3,TR,TR,TR; CO; SD,CO; TR,"Tradition, Conformity: rules"
Ultra,Ultra,To love the path of Torah and mitzvot for girls,TR,0.25,3,TR,TR,TR; CO; SD,CO; TR,"Tradition, Conformity: rules"
Ultra,Ultra,To instill in girls a love for the service of God and the commandments,TR,0.25,3,TR,TR,TR; CO; BE,BE; CO; TR,"Tradition, Conformity: rules, Benevolence: dependability"
Ultra,Ultra,To instill fear of God and impart Torah knowledge,TR,0.25,3,TR,TR,TR; AC; CO,AC; CO; SD; TR,"Self-direction: thought, Achievement, Tradition, Conformity: rules"
Ultra,Ultra,To be a better person in all areas - and for me that means a Jew who does the will of God in full. And that is the ultimate goal that encompasses everything.,TR,0.25,3,TR,TR,TR; CO; BE,CO; TR,"Tradition, Conformity: rules"
Ultra,Ultra,To be a representative of Judaism to the staff and students,TR,0.25,3,TR,TR,TR; FA; UN,FA; SE; TR; UN,"Face, Security: personal, Tradition, Universalism: tolerance"
Ultra,Ultra,Prepare girls for a full married life,TR,0.25,3,TR,BE,BE; ST; SD,BE; ST,"Stimulation, Benevolence: caring"
Ultra,Ultra,To convey good values ​​according to the Torah to students.,TR,0.25,3,TR,TR,TR; CO; AC,AC; CO; TR,"Achievement, Tradition, Conformity: rules"
Ultra,Ultra,To succeed in instilling in the students a sense of Jewish pride out of true joy.,TR,0.25,3,TR,SE,SE; TR; FA,FA; SE; TR; UN,"Face, Security: personal, Tradition, Universalism: tolerance"
Ultra,Ultra,To be able to support a Torah household through work that I enjoy.,TR,0.25,3,TR,SE,SE; BE; AC,AC; BE; PO; SD; SE,"Self-direction: action, Achievement, Power: resources, Security: personal, Benevolence: caring"
Ultra,Ultra,To connect girls to the service of God with joy and meaning,TR,0.25,3,TR,TR,TR; ST; SE,AC; BE; HE; SE; ST; TR,"Stimulation, Hedonism, Achievement, Security: personal, Tradition, Benevolence: caring"
Ultra,Ultra,To connect my beloved students with tradition,TR,0.25,3,TR,TR,TR; SE; BE,BE; SE; TR,"Security: personal, Tradition, Benevolence: caring"
Ultra,Ultra,Strengthen them with faith and fear of God,TR,0.25,3,TR,TR,TR; SD; PO,TR,Tradition
Ultra,Ultra,To educate the daughters of Israel in the right way,TR,0.25,3,TR,TR,TR; BE; CO,AC; BE; CO; TR,"Achievement, Tradition, Conformity: rules, Benevolence: caring, Benevolence: dependability"
Ultra,Ultra,To educate the daughters of Israel on the paved path of the Torah,TR,0.25,3,TR,TR,TR; AC; CO,AC; BE; CO; TR,"Achievement, Tradition, Conformity: rules, Benevolence: caring"
Ultra,Ultra,"To educate the daughters of Israel in the way of the Torah, to instill values, good qualities, and the worship of God with joy and faith.",TR,0.25,3,TR,TR,TR; SD; CO,TR,Tradition
Ultra,Ultra,Educate children to have extensive knowledge of Judaism,TR,0.25,3,TR,AC,AC; TR; SD,AC; SD; TR; UN,"Self-direction: thought, Achievement, Tradition, Universalism: tolerance"
Ultra,Ultra,Educate children to serve God with true joy and calmness.,TR,0.25,3,TR,TR,TR; BE; SE,TR,Tradition
Ultra,Ultra,To educate students according to Jewish values,TR,0.25,3,TR,TR,TR; AC; CO,AC; TR,"Achievement, Tradition"
Ultra,Ultra,To educate my students to be good people with good values ​​and virtues.,TR,0.25,3,TR,TR,TR; CO; BE,AC; BE; CO; FA; TR,"Achievement, Face, Tradition, Conformity: rules, Benevolence: caring, Benevolence: dependability"
Ultra,Ultra,To educate in the right way,TR,0.25,3,TR,AC,AC; BE; SD,AC; BE; CO; SD,"Self-direction: thought, Achievement, Conformity: rules, Benevolence: caring"
Ultra,Ultra,To educate the daughters of Israel to fear God and to be virtuous.,TR,0.25,3,TR,TR,TR; CO; BE,BE; CO; TR,"Tradition, Conformity: rules, Benevolence: dependability"
Ultra,Ultra,To educate a generation on the values ​​of Torah study and observance of mitzvot,TR,0.25,3,TR,TR,TR; AC; SD,AC; CO; SD; TR,"Self-direction: thought, Achievement, Tradition, Conformity: rules"
Ultra,Ultra,To educate children in piety and good morals,TR,0.25,3,TR,TR,TR; CO; BE,CO; TR,"Tradition, Conformity: rules"
Ultra,Ultra,To educate in good manners and virtues,TR,0.25,3,TR,CO,CO; TR; BE,AC; BE; CO; FA; TR,"Achievement, Face, Tradition, Conformity: rules, Conformity: interpersonal, Benevolence: dependability"
Ultra,Ultra,"To educate in good manners, sensitivity to others",TR,0.25,3,TR,CO,CO; BE; UN,BE; CO; UN,"Conformity: rules, Conformity: interpersonal, Benevolence: caring, Benevolence: dependability, Universalism: tolerance"
Ultra,Ultra,To educate in the values ​​of the Jewish religion,TR,0.25,3,TR,TR,TR; SD; UN,SD; TR,"Self-direction: thought, Tradition"
Ultra,Ultra,Create a connection between everyone and the place,TR,0.25,3,TR,SE,SE; BE; UN,BE; SE; UN,"Security: personal, Benevolence: caring, Universalism: tolerance"
Ultra,Ultra,To do my mission faithfully,TR,0.25,3,TR,TR,TR; CO; BE,BE; CO; TR,"Tradition, Conformity: rules, Benevolence: dependability"
Ultra,Ultra,To do the will of our Father in heaven,TR,0.25,3,TR,TR,TR; BE; PO,BE; CO; PO; TR,"Power: dominance, Tradition, Conformity: rules, Benevolence: caring"
Ultra,Ultra,To support a house of Torah,TR,0.25,3,TR,TR,TR; SE; BE,BE; SE; TR,"Security: societal, Tradition, Benevolence: caring"
Ultra,Ultra,To promote a connection and love for the Torah and the mitzvot among the children of the Haredi community,TR,0.25,3,TR,TR,TR; BE; CO,BE; TR,"Tradition, Benevolence: caring"
Ultra,Ultra,To sanctify the name of heaven,TR,0.25,3,TR,TR,TR; CO; BE,CO; TR,"Tradition, Conformity: rules"
Ultra,Ultra,To bring students closer to our Father in Heaven and to fulfill the commandments,TR,0.25,3,TR,TR,TR; CO; BE,CO; TR,"Tradition, Conformity: rules"
Ultra,Ultra,Rejoice in being a good Jew who obeys the Torah of God.,TR,0.25,3,TR,TR,TR; CO; BE,CO; TR,"Tradition, Conformity: rules"
Ultra,Ultra,To preserve the tradition and the charedi spirit,TR,0.25,3,TR,TR,TR; UN; BE,TR; UN,"Tradition, Universalism: tolerance"
Ultra,Ultra,Giving students the tools to be a better person and Jew,TR,0.25,3,TR,AC,AC; BE; UN,AC; BE; SD; UN,"Self-direction: thought, Achievement, Benevolence: caring, Universalism: tolerance"
Ultra,Ultra,Give them a faith that will give them confidence for life,TR,0.25,3,TR,TR,TR; SE; AC,AC; BE; SE; TR,"Achievement, Security: personal, Tradition, Benevolence: caring"
Ultra,Ultra,"To give women pride and strength for being Jewish women, who can choose truth and goodness.",TR,0.25,3,TR,SD,SD; AC; UN,AC; BE; FA; SD; TR; UN,"Self-direction: action, Achievement, Face, Tradition, Benevolence: caring, Universalism: tolerance"
Ultra,Ultra,Provide emotional support to youth in order to prevent dropout,TR,0.25,3,TR,SE,SE; BE; AC,AC; BE; SE,"Achievement, Security: personal, Benevolence: caring"
Ultra,Ultra,Manners and etiquette,TR,0.25,3,TR,CO,CO; FA; TR,CO; FA; TR,"Face, Tradition, Conformity: rules, Conformity: interpersonal"
Ultra,Ultra,Values ​​and education,TR,0.25,3,TR,AC,AC; SD; TR,AC; SD; TR,"Self-direction: thought, Achievement, Tradition"
Ultra,Ultra,Good and humane virtues,TR,0.25,3,TR,BE,BE; UN; CO,BE,Benevolence: caring
Ultra,Ultra,Dropout prevention,TR,0.25,3,TR,CO,CO; AC; BE,AC; BE; CO; SE,"Achievement, Security: personal, Conformity: rules, Benevolence: caring"
Ultra,Ultra,tradition,TR,0.25,3,TR,TR,TR; UN; HU,TR,Tradition
Ultra,Ultra,"Individual, professional and Torah-based response to each student",TR,0.25,3,TR,AC,AC; BE; SD,AC; BE; SD,"Self-direction: thought, Achievement, Benevolence: caring"
Ultra,Ultra,Measurement work,TR,0.25,3,TR,UN,UN; AC; BE,AC; UN,"Achievement, Universalism: objectivity"
Ultra,Ultra,Help to establish a Haredi home to broaden the mind of every student,TR,0.25,3,TR,SD,SD; AC; UN,AC; SD; SE; ST; UN,"Self-direction: thought, Stimulation, Achievement, Security: personal, Universalism: tolerance"
Ultra,Ultra,Values ​​Dimensions,TR,0.25,3,TR,UN,UN; AC; BE,UN,Universalism: objectivity
Ultra,Ultra,Spiritual leader on the team,TR,0.25,3,TR,TR,TR; SD; CO,TR,Tradition
Ultra,Ultra,Spiritual advancement,TR,0.25,3,TR,TR,TR; SD; UN,SD; TR,"Self-direction: thought, Tradition"
Ultra,Ultra,Fulfilling the mitzvah with joy,TR,0.25,3,TR,HE,HE; TR; BE,BE; HE; TR,"Hedonism, Tradition, Benevolence: caring"
Ultra,Ultra,Approximation,TR,0.25,3,TR,UN,UN; AC; BE,AC; UN,"Achievement, Universalism: objectivity"
Ultra,Ultra,proximity,TR,0.25,3,TR,SE,SE; BE; UN,SE,Security: personal
Ultra,Ultra,The closeness of God,TR,0.25,3,TR,TR,TR; SE; BE,BE; SE; TR,"Security: personal, Tradition, Benevolence: caring"
Ultra,Ultra,The closeness of God among my students,TR,0.25,3,TR,TR,TR; SE; BE,SE; TR,"Security: personal, Tradition"
Ultra,Ultra,spirituality,TR,0.25,3,TR,TR,TR; UN; SD,TR; UN,"Tradition, Universalism: tolerance"
Ultra,Ultra,Aspiration for values,TR,0.25,3,TR,AC,AC; SD; SE,AC; SD; SE,"Self-direction: thought, Achievement, Security: personal"
Ultra,Ultra,Mission to educate the children of Israel,TR,0.25,3,TR,AC,AC; BE; TR,AC; BE; SD; TR,"Self-direction: thought, Achievement, Tradition, Benevolence: caring"
Ultra,Ultra,Students will continue to attend good seminars.,TR,0.25,3,TR,AC,AC; SD; FA,AC; SD,"Self-direction: thought, Achievement"
Ultra,Ultra,A proper prayer,TR,0.25,3,TR,TR,TR; BE; SE,TR,Tradition
Ultra,Ultra,Love for music,UN,0.25,3,UN,HE,HE; SD; ST,HE; SD,"Self-direction: thought, Hedonism"
Ultra,Ultra,Trust in children,UN,0.25,3,UN,BE,BE; AC; CO,AC; BE; CO,"Achievement, Conformity: rules, Benevolence: caring"
Ultra,Ultra,Concern for a better future,UN,0.25,3,UN,BE,BE; SE; AC,BE; SE,"Security: personal, Security: societal, Benevolence: caring"
Ultra,Ultra,Acceptince,UN,0.25,3,UN,UN,UN; BE; TR,,
Ultra,Ultra,Inclusion and integration of people with different difficulties,UN,0.25,3,UN,UN,UN; SE; BE,AC; BE; SE; UN,"Achievement, Security: personal, Benevolence: caring, Universalism: concern, Universalism: tolerance"
Ultra,Ultra,The inclusion and integration of the special child in a regular kindergarten,UN,0.25,3,UN,UN,UN; SE; AC,AC; BE; SE; UN,"Achievement, Security: personal, Benevolence: caring, Universalism: concern, Universalism: tolerance"
Ultra,Ultra,Inclusiveness for all sectors in Israel,UN,0.25,3,UN,UN,UN; SE; FA,SE; UN,"Security: personal, Universalism: concern, Universalism: tolerance"
Ultra,Ultra,Embracing the different and the other,UN,0.25,3,UN,UN,UN; SD; ST,SD; ST; UN,"Self-direction: thought, Self-direction: action, Stimulation, Universalism: concern, Universalism: tolerance"
Ultra,Ultra,Embracing the different,UN,0.25,3,UN,UN,UN; SE; ST,SD; SE; ST; UN,"Self-direction: thought, Stimulation, Security: personal, Universalism: concern, Universalism: tolerance"
Ultra,Ultra,Integration into society,UN,0.25,3,UN,SE,SE; UN; AC,AC; SE; UN,"Achievement, Security: personal, Security: societal, Universalism: tolerance"
Ultra,Ultra,"And love your neighbor as yourself, to respect the other, mutual respect.",UN,0.25,3,UN,TR,TR; CO; BE,BE; CO; TR; UN,"Tradition, Conformity: rules, Conformity: interpersonal, Benevolence: caring, Universalism: tolerance"
Ultra,Ultra,Education based on tolerance for others,UN,0.25,3,UN,UN,UN; CO; BE,CO; UN,"Conformity: interpersonal, Universalism: concern, Universalism: tolerance"
Ultra,Ultra,Equal treatment for all,UN,0.25,3,UN,UN,UN; CO; BE,UN,Universalism: concern
Ultra,Ultra,Equal treatment for everyone,UN,0.25,3,UN,UN,UN; CO; BE,UN,Universalism: concern
Ultra,Ultra,Creating a better world,UN,0.25,3,UN,BE,BE; UN; AC,AC; BE; UN,"Achievement, Benevolence: caring, Universalism: nature"
Ultra,Ultra,Mutual respect,UN,0.25,3,UN,CO,CO; FA; UN,CO; FA; UN,"Face, Conformity: rules, Conformity: interpersonal, Universalism: tolerance"
Ultra,Ultra,Respect for others,UN,0.25,3,UN,CO,CO; FA; UN,CO; FA; UN,"Face, Conformity: rules, Conformity: interpersonal, Universalism: tolerance"
Ultra,Ultra,Respect for others,UN,0.25,3,UN,CO,CO; FA; UN,CO; FA; UN,"Face, Conformity: rules, Conformity: interpersonal, Universalism: tolerance"
Ultra,Ultra,To put into action the desire to do good,UN,0.25,3,UN,AC,AC; BE; ST,AC; BE,"Achievement, Benevolence: caring, Benevolence: dependability"
Ultra,Ultra,Recognize that people differ in their way of life and the ideals they believe in.,UN,0.25,3,UN,SD,SD; UN; TR,SD; TR; UN,"Self-direction: thought, Self-direction: action, Tradition, Universalism: concern, Universalism: tolerance"
Ultra,Ultra,"Get to know more people, understand their living conditions and ideals",UN,0.25,3,UN,SE,SE; UN; SD,BE; SD; SE; UN,"Self-direction: thought, Security: personal, Benevolence: caring, Universalism: tolerance"
Ultra,Ultra,To raise a generation of people who are considerate of others and the environment,UN,0.25,3,UN,UN,UN; BE; CO,BE; UN,"Benevolence: caring, Benevolence: dependability, Universalism: nature"
Ultra,Ultra,Present women from the ultra-Orthodox sector in a positive light,UN,0.25,3,UN,UN,UN; FA; BE,BE; FA; TR; UN,"Face, Tradition, Benevolence: caring, Universalism: concern, Universalism: tolerance"
Ultra,Ultra,To treat the weak and outcast girls,UN,0.25,3,UN,UN,UN; SE; FA,FA; SE; UN,"Face, Security: personal, Universalism: concern, Universalism: tolerance"
Ultra,Ultra,"Treat them as people (hearing, seeing, experiencing emotions)",UN,0.25,3,UN,UN,UN; SE; BE,BE; CO; SE; UN,"Security: personal, Conformity: interpersonal, Benevolence: caring, Universalism: concern, Universalism: tolerance"
Ultra,Ultra,liberalism,UN,0.25,3,UN,SD,SD; UN; SE,SD; SE; UN,"Self-direction: thought, Self-direction: action, Security: societal, Universalism: tolerance, Universalism: objectivity"
Ultra,Ultra,To do good to create an atmosphere of love and respect between people.,UN,0.25,3,UN,BE,BE; SE; UN,BE; CO; SE; TR; UN,"Security: personal, Tradition, Conformity: rules, Conformity: interpersonal, Benevolence: caring, Universalism: tolerance"
Ultra,Ultra,"To work with children to promote inclusion and acceptance of every person, wherever they are.",UN,0.25,3,UN,UN,UN; SE; BE,BE; SE; UN,"Security: personal, Benevolence: caring, Universalism: concern, Universalism: tolerance"
Ultra,Ultra,To promote empowerment among ultra-Orthodox women in general,UN,0.25,3,UN,SD,SD; UN; AC,AC; FA; PO; SD; UN,"Self-direction: thought, Self-direction: action, Achievement, Power: dominance, Face, Universalism: concern, Universalism: tolerance"
Ultra,Ultra,To uplift and empower each and every one,UN,0.25,3,UN,AC,AC; UN; SE,AC; BE; SD; SE; UN,"Self-direction: thought, Achievement, Security: personal, Benevolence: caring, Universalism: concern, Universalism: tolerance"
Ultra,Ultra,Giving more voice to working Haredi women,UN,0.25,3,UN,UN,UN; SE; FA,AC; FA; SD; SE; UN,"Self-direction: action, Achievement, Face, Security: personal, Universalism: concern, Universalism: tolerance"
Ultra,Ultra,To treat everyone fairly,UN,0.25,3,UN,UN,UN; BE; CO,BE; CO; UN,"Conformity: rules, Benevolence: caring, Universalism: concern"
Ultra,Ultra,Give every child equal opportunities,UN,0.25,3,UN,UN,UN; AC; SE,AC; UN,"Achievement, Universalism: concern"
Ultra,Ultra,To give the world some of the knowledge I have that also comes from the heart.,UN,0.25,3,UN,AC,AC; SD; BE,AC; BE; SD; UN,"Self-direction: thought, Achievement, Benevolence: caring, Universalism: tolerance"
Ultra,Ultra,Also give value to helpers,UN,0.25,3,UN,AC,AC; BE; UN,AC; BE; FA; UN,"Achievement, Face, Benevolence: caring, Universalism: concern"
Ultra,Ultra,Provide equal opportunities for all students,UN,0.25,3,UN,UN,UN; AC; SE,AC; UN,"Achievement, Universalism: concern"
Ultra,Ultra,Awareness and acceptance of difference,UN,0.25,3,UN,UN,UN; SE; CO,SE; UN,"Security: personal, Universalism: concern, Universalism: tolerance"
Ultra,Ultra,Finding strength in everyone,UN,0.25,3,UN,BE,BE; AC; UN,AC; BE; SE; UN,"Achievement, Security: personal, Benevolence: caring, Universalism: tolerance"
Ultra,Ultra,Providing solutions for students with different needs,UN,0.25,3,UN,AC,AC; UN; BE,AC; BE; SD; SE; UN,"Self-direction: action, Achievement, Security: personal, Benevolence: caring, Universalism: concern, Universalism: tolerance"
Ultra,Ultra,tolerance,UN,0.25,3,UN,CO,CO; BE; UN,BE; CO,"Conformity: rules, Benevolence: caring"
Ultra,Ultra,Tolerance and patience towards people and society,UN,0.25,3,UN,BE,BE; CO; UN,BE; CO; UN,"Conformity: rules, Conformity: interpersonal, Benevolence: caring, Universalism: tolerance"
Ultra,Ultra,Tolerance after,UN,0.25,3,UN,SE,SE; CO; UN,CO; SE,"Security: personal, Conformity: rules"
Ultra,Ultra,A benevolent world,UN,0.25,3,UN,BE,BE; UN; SE,BE; UN,"Benevolence: caring, Universalism: nature"
Ultra,Ultra,Social assistance for children from families in need.,UN,0.25,3,UN,BE,BE; SE; UN,BE; SE; UN,"Security: personal, Benevolence: caring, Universalism: concern"
Ultra,Ultra,openness,UN,0.25,3,UN,BE,BE; CO; UN,BE; CO; SD; UN,"Self-direction: action, Conformity: rules, Benevolence: caring, Universalism: tolerance"
Ultra,Ultra,Openness to difference,UN,0.25,3,UN,UN,UN; SD; AC,SD; UN,"Self-direction: thought, Universalism: concern, Universalism: tolerance, Universalism: objectivity"
Ultra,Ultra,Accepting the other,UN,0.25,3,UN,BE,BE; UN; SD,BE; SD; UN,"Self-direction: action, Benevolence: caring, Universalism: tolerance, Universalism: objectivity"
Ultra,Ultra,Social promotion,UN,0.25,3,UN,FA,FA; SE; AC,AC; CO; FA; SE,"Achievement, Face, Security: personal, Conformity: rules"
Ultra,Ultra,Child promotion,UN,0.25,3,UN,BE,BE; CO; UN,BE; CO,"Conformity: rules, Benevolence: caring"
Ultra,Ultra,Promoting educational goals,UN,0.25,3,UN,AC,AC; SD; BE,AC; SD,"Self-direction: thought, Achievement"
Ultra,Ultra,Promoting employment for more women,UN,0.25,3,UN,AC,AC; UN; SE,AC; PO; SE; UN,"Achievement, Power: resources, Security: personal, Universalism: concern"
Ultra,Ultra,Calm and peace among the children and in general,UN,0.25,3,UN,SE,SE; CO; BE,BE; CO; SE,"Security: personal, Security: societal, Conformity: rules, Conformity: interpersonal, Benevolence: caring"
Ultra,Ultra,To know how to recognize the difference,UN,0.25,3,UN,AC,AC; BE; UN,AC; BE; UN,"Achievement, Benevolence: caring, Universalism: objectivity"
Ultra,Ultra,"There will be a change in the approach to education, so that there will be room for the human soul.",UN,0.25,3,UN,SD,SD; UN; AC,AC; BE; SD; ST; UN,"Self-direction: thought, Stimulation, Achievement, Benevolence: caring, Universalism: tolerance"
Ultra,Ultra,That they recognize the needs of the ultra-Orthodox public,UN,0.25,3,UN,UN,UN; TR; SE,SE; TR; UN,"Security: personal, Tradition, Universalism: concern, Universalism: tolerance"
Ultra,Ultra,Inclusion of children with difficulties,UN,0.25,3,UN,UN,UN; BE; AC,AC; BE; SE; UN,"Achievement, Security: personal, Benevolence: caring, Universalism: concern, Universalism: tolerance"
Ultra,Ultra,Adapted integration in regular classrooms,UN,0.25,3,UN,AC,AC; UN; BE,AC,Achievement
Ultra,Ultra,That every child would know and want to give strength to others and see the other succeed.,UN,0.25,3,UN,BE,BE; AC; SE,AC; BE; SE; UN,"Achievement, Security: personal, Benevolence: caring, Universalism: concern, Universalism: tolerance"
Ultra,Ultra,Life's mission,UN,0.25,3,UN,TR,TR; BE; AC,BE; TR,"Tradition, Benevolence: caring"
Ultra,Ultra,Life's mission,UN,0.25,3,UN,TR,TR; BE; AC,BE; TR,"Tradition, Benevolence: caring"
